Genome_ID	Database	Virulence factor	Identity	Query / Template length	Contig	Position in contig	Protein function	Accession number
2021-MIN-0009	virulence_ecoli	csgA	98.9	456 / 456	Contig_2 length=1888694 depth=1.03x	1671467..1671922	 curlin major subunit CsgA	CP069646
2021-MIN-0009	virulence_ecoli	eltIIAB-a	98.33	1141 / 1141	Contig_1 length=2732064 depth=1.00x	2600709..2601849	   Heat-labile enterotoxin LTII-a	JQ031711
2021-MIN-0009	virulence_ecoli	fdeC	95.51	4254 / 4254	Contig_2 length=1888694 depth=1.03x	813037..817290	 intimin-like adhesin FdeC	AP010953
2021-MIN-0009	virulence_ecoli	fimH	100	489 / 489	Contig_2 length=1888694 depth=1.03x	353554..354042	   Type 1 fimbriae	NA
2021-MIN-0009	virulence_ecoli	gad	100	1401 / 1401	Contig_1 length=2732064 depth=1.00x	2427644..2429044	  Glutamate decarboxylase	AP010953
2021-MIN-0009	virulence_ecoli	gad	100	1401 / 1401	Contig_1 length=2732064 depth=1.00x	100229..101629	  Glutamate decarboxylase	CU928160
2021-MIN-0009	virulence_ecoli	hlyE	99.13	918 / 918	Contig_2 length=1888694 depth=1.03x	1781389..1782305	  Avian E. coli haemolysin	ECU57430
2021-MIN-0009	virulence_ecoli	iss	100	342 / 342	Contig_1 length=2732064 depth=1.00x	1332710..1333051	  Increased serum survival	AE014075
2021-MIN-0009	virulence_ecoli	lpfA	100	573 / 573	Contig_3 length=541461 depth=1.24x	154053..154625	  Long polar fimbriae	CP002185
2021-MIN-0009	virulence_ecoli	nlpI	99.66	885 / 885	Contig_1 length=2732064 depth=1.00x	434441..435325	  lipoprotein NlpI precursor	CP000243
2021-MIN-0009	virulence_ecoli	ompT	95.78	948 / 948	Contig_4 length=112029 depth=1.49x circular=true	8387..9334	  Outer membrane protease (protein protease 7)	CDLB01000100
2021-MIN-0009	virulence_ecoli	shiB	96.26	428 / 462	Contig_2 length=1888694 depth=1.03x	165900..166327	 homologs of the Shigella flexneri SHI-2 pathogenicity island gene shiA	AAD44732
2021-MIN-0009	virulence_ecoli	stx2i-O9-CB10366	99.6	1242 / 1242	Contig_3 length=541461 depth=1.24x	536833..538074	   stx2i-O9-CB10366	FN252457
2021-MIN-0009	virulence_ecoli	terC	100	714 / 714	Contig_1 length=2732064 depth=1.00x	841107..841820	  Tellurium ion resistance protein	CP007491
2021-MIN-0009	virulence_ecoli	terC	100	1041 / 1041	Contig_1 length=2732064 depth=1.00x	557930..558970	  Tellurium ion resistance protein	CYAS01000072
2021-MIN-0009	virulence_ecoli	terC	99.79	966 / 966	Contig_1 length=2732064 depth=1.00x	512747..513711	  Tellurium ion resistance protein	MG591698
2021-MIN-0009	virulence_ecoli	tia	99.86	738 / 738	Contig_2 length=1888694 depth=1.03x	148361..149098	 Tia Invasion determinant	CP010172
2021-MIN-0009	virulence_ecoli	traT	100	732 / 732	Contig_4 length=112029 depth=1.49x circular=true	59891..60622	  Outer membrane protein complement resistance	LAUD01000149
2021-MIN-0009	virulence_ecoli	yehA	98.16	1033 / 1035	Contig_1 length=2732064 depth=1.00x	1637615..1638647	"  Outer membrane lipoprotein, YHD fimbriael cluster"	CP042934
2021-MIN-0009	virulence_ecoli	yehB	97.86	2481 / 2481	Contig_1 length=2732064 depth=1.00x	1635119..1637599	" Usher, YHD fimbriael cluster"	CP042934
2021-MIN-0009	virulence_ecoli	yehC	98.67	675 / 675	Contig_1 length=2732064 depth=1.00x	1634429..1635103	" Chaperone, YHD fimbriael cluster"	CP042934
2021-MIN-0009	virulence_ecoli	yehD	98.53	543 / 543	Contig_1 length=2732064 depth=1.00x	1633806..1634348	" Major pilin subunit, YHD fimbriael cluster"	CP042934
2021-MIN-0009	virulence_ecoli	yghJ	91.89	4576 / 4569	Contig_1 length=2732064 depth=1.00x	674004..678569		CP043217
2021-MIN-0009	stx	stx2	99.6	1242 / 1242	Contig_3 length=541461 depth=1.24x	536833..538074	"O9 CB10366, variant i"	FN252457
2021-MIN-0249	virulence_ecoli	anr	97.67	129 / 213	2 length=89954 depth=1.33x circular=true	26842..26970	 AraC negative regulator	AL391753
2021-MIN-0249	virulence_ecoli	csgA	98.9	456 / 456	1 length=5075290 depth=1.00x	490008..490463	 curlin major subunit CsgA	CP069646
2021-MIN-0249	virulence_ecoli	eltIIAB-a	98.33	1141 / 1141	1 length=5075290 depth=1.00x	117886..119026	   Heat-labile enterotoxin LTII-a	JQ031711
2021-MIN-0249	virulence_ecoli	fdeC	95.49	4254 / 4254	1 length=5075290 depth=1.00x	1326094..1330347	 intimin-like adhesin FdeC	AP010953
2021-MIN-0249	virulence_ecoli	fimH	100	489 / 489	1 length=5075290 depth=1.00x	1794973..1795461	   Type 1 fimbriae	NA
2021-MIN-0249	virulence_ecoli	gad	99.79	1401 / 1401	1 length=5075290 depth=1.00x	5034079..5035479	  Glutamate decarboxylase	CP002967
2021-MIN-0249	virulence_ecoli	gad	100	1401 / 1401	1 length=5075290 depth=1.00x	2799433..2800833	  Glutamate decarboxylase	CU928160
2021-MIN-0249	virulence_ecoli	hha	95.31	213 / 213	1 length=5075290 depth=1.00x	2015213..2015425	 hemolysin expression modulator Hha (previous rmoA)	453331
2021-MIN-0249	virulence_ecoli	hha	91.67	180 / 213	1 length=5075290 depth=1.00x	4460911..4461090	 hemolysin expression modulator Hha (previous rmoA)	453331
2021-MIN-0249	virulence_ecoli	hlyE	99.13	918 / 918	1 length=5075290 depth=1.00x	379608..380524	  Avian E. coli haemolysin	ECU57430
2021-MIN-0249	virulence_ecoli	iss	100	294 / 294	1 length=5075290 depth=1.00x	1048543..1048836	  Increased serum survival	CP001665
2021-MIN-0249	virulence_ecoli	lpfA	100	573 / 573	1 length=5075290 depth=1.00x	2541112..2541684	  Long polar fimbriae	KC207123
2021-MIN-0249	virulence_ecoli	nlpI	99.77	885 / 885	1 length=5075290 depth=1.00x	3133669..3134553	  lipoprotein NlpI precursor	CP000243
2021-MIN-0249	virulence_ecoli	ompT	96.62	948 / 948	2 length=89954 depth=1.33x circular=true	4346..5293	  Outer membrane protease (protein protease 7)	CDLB01000100
2021-MIN-0249	virulence_ecoli	ompT	99.72	363 / 363	1 length=5075290 depth=1.00x	1022197..1022559	  Outer membrane protease (protein protease 7)	UDHB01000050
2021-MIN-0249	virulence_ecoli	stx2i-O9-CB10366	99.6	1242 / 1242	1 length=5075290 depth=1.00x	2153681..2154922	   stx2i-O9-CB10366	FN252457
2021-MIN-0249	virulence_ecoli	terC	100	714 / 714	1 length=5075290 depth=1.00x	3550703..3551416	  Tellurium ion resistance protein	CP007491
2021-MIN-0249	virulence_ecoli	terC	100	1041 / 1041	1 length=5075290 depth=1.00x	3258127..3259167	  Tellurium ion resistance protein	CYAS01000072
2021-MIN-0249	virulence_ecoli	terC	98.85	959 / 966	1 length=5075290 depth=1.00x	3212512..3213470	  Tellurium ion resistance protein	MG591698
2021-MIN-0249	virulence_ecoli	tia	99.86	738 / 738	1 length=5075290 depth=1.00x	1966580..1967317	 Tia Invasion determinant	CP010172
2021-MIN-0249	virulence_ecoli	traJ	98.55	690 / 690	2 length=89954 depth=1.33x circular=true	59423..60112	  Protein TraJ (Positive regulator of conjugal transfer operon)	AF550679
2021-MIN-0249	virulence_ecoli	traT	99.73	732 / 732	2 length=89954 depth=1.33x circular=true	36942..37673	  Outer membrane protein complement resistance	AKLT01000045
2021-MIN-0249	virulence_ecoli	yehA	98.06	1033 / 1035	1 length=5075290 depth=1.00x	4327605..4328637	"  Outer membrane lipoprotein, YHD fimbriael cluster"	CP042934
2021-MIN-0249	virulence_ecoli	yehB	97.86	2481 / 2481	1 length=5075290 depth=1.00x	4325109..4327589	" Usher, YHD fimbriael cluster"	CP042934
2021-MIN-0249	virulence_ecoli	yehC	98.37	675 / 675	1 length=5075290 depth=1.00x	4324419..4325093	" Chaperone, YHD fimbriael cluster"	CP042934
2021-MIN-0249	virulence_ecoli	yehD	98.71	543 / 543	1 length=5075290 depth=1.00x	4323796..4324338	" Major pilin subunit, YHD fimbriael cluster"	CP042934
2021-MIN-0249	virulence_ecoli	yghJ	98.1	4573 / 4569	1 length=5075290 depth=1.00x	3382489..3387057		CP002729
2021-MIN-0249	stx	stx2	99.6	1242 / 1242	1 length=5075290 depth=1.00x	2153681..2154922	"O9 CB10366, variant i"	FN252457
2021-MIN-0250	virulence_ecoli	astA	100	117 / 117	1 length=5065598 depth=1.00x circular=true	4514580..4514696	  Heat-stable enterotoxin EAST-1	AF161000
2021-MIN-0250	virulence_ecoli	capU	99.91	1089 / 1089	1 length=5065598 depth=1.00x circular=true	4235791..4236879	 Hexosyltransferase homolog	CP002729
2021-MIN-0250	virulence_ecoli	capU	99.91	1089 / 1089	1 length=5065598 depth=1.00x circular=true	4235791..4236879	 Hexosyltransferase homolog	CU928145
2021-MIN-0250	virulence_ecoli	csgA	100	456 / 456	1 length=5065598 depth=1.00x circular=true	2935917..2936372	 curlin major subunit CsgA	CP069646
2021-MIN-0250	virulence_ecoli	fdeC	93.57	4258 / 4254	1 length=5065598 depth=1.00x circular=true	3767847..3772097	 intimin-like adhesin FdeC	AP010953
2021-MIN-0250	virulence_ecoli	gad	100	1401 / 1401	1 length=5065598 depth=1.00x circular=true	226132..227532	  Glutamate decarboxylase	AP010953
2021-MIN-0250	virulence_ecoli	gad	99	1401 / 1401	1 length=5065598 depth=1.00x circular=true	2449777..2451177	  Glutamate decarboxylase	BA000007
2021-MIN-0250	virulence_ecoli	hlyE	98.69	918 / 918	1 length=5065598 depth=1.00x circular=true	2825606..2826523	  Avian E. coli haemolysin	ECU57430
2021-MIN-0250	virulence_ecoli	hra	99.19	741 / 741	1 length=5065598 depth=1.00x circular=true	4278962..4279702	  Heat-resistant agglutinin	CP007149
2021-MIN-0250	virulence_ecoli	hra	99.19	741 / 741	1 length=5065598 depth=1.00x circular=true	4278962..4279702	  Heat-resistant agglutinin	CP040456
2021-MIN-0250	virulence_ecoli	mchB	99.66	294 / 294	1 length=5065598 depth=1.00x circular=true	4503548..4503841	  Microcin H47 part of colicin H	AJ009631
2021-MIN-0250	virulence_ecoli	mchC	99.74	1551 / 1551	1 length=5065598 depth=1.00x circular=true	4501727..4503277	  MchC protein	FN554766
2021-MIN-0250	virulence_ecoli	mchF	99	2097 / 2097	1 length=5065598 depth=1.00x circular=true	4497733..4499829	  ABC transporter protein MchF	FN554766
2021-MIN-0250	virulence_ecoli	mcmA	97.85	279 / 279	1 length=5065598 depth=1.00x circular=true	4497201..4497479	  Microcin M part of colicin H	AJ586887
2021-MIN-0250	virulence_ecoli	nlpI	99.77	885 / 885	1 length=5065598 depth=1.00x circular=true	578423..579307	  lipoprotein NlpI precursor	CP000243
2021-MIN-0250	virulence_ecoli	ompT	95.78	948 / 948	2 length=115996 depth=1.58x circular=true	8387..9334	  Outer membrane protease (protein protease 7)	CDLB01000100
2021-MIN-0250	virulence_ecoli	shiB	96.73	428 / 462	1 length=5065598 depth=1.00x circular=true	4281649..4282076	 homologs of the Shigella flexneri SHI-2 pathogenicity island gene shiA	AAD44732
2021-MIN-0250	virulence_ecoli	stx2i-O9-CB10366	99.6	1242 / 1242	1 length=5065598 depth=1.00x circular=true	4671049..4672290	   stx2i-O9-CB10366	FN252457
2021-MIN-0250	virulence_ecoli	terC	99.86	714 / 714	1 length=5065598 depth=1.00x circular=true	986655..987368	  Tellurium ion resistance protein	CP007491
2021-MIN-0250	virulence_ecoli	terC	100	1041 / 1041	1 length=5065598 depth=1.00x circular=true	4440907..4441947	  Tellurium ion resistance protein	CYAS01000072
2021-MIN-0250	virulence_ecoli	terC	100	1041 / 1041	1 length=5065598 depth=1.00x circular=true	701342..702382	  Tellurium ion resistance protein	CYAS01000072
2021-MIN-0250	virulence_ecoli	terC	99.9	966 / 966	1 length=5065598 depth=1.00x circular=true	655341..656306	  Tellurium ion resistance protein	MG591698
2021-MIN-0250	virulence_ecoli	tia	99.73	738 / 738	1 length=5065598 depth=1.00x circular=true	4434944..4435681	 Tia Invasion determinant	CP015995
2021-MIN-0250	virulence_ecoli	traT	100	732 / 732	2 length=115996 depth=1.58x circular=true	59891..60622	  Outer membrane protein complement resistance	LAUD01000149
2021-MIN-0250	virulence_ecoli	yehA	98.45	1035 / 1035	1 length=5065598 depth=1.00x circular=true	1738702..1739736	"  Outer membrane lipoprotein, YHD fimbriael cluster"	CP042934
2021-MIN-0250	virulence_ecoli	yehB	98.79	2481 / 2481	1 length=5065598 depth=1.00x circular=true	1736206..1738686	" Usher, YHD fimbriael cluster"	CP042934
2021-MIN-0250	virulence_ecoli	yehC	97.78	675 / 675	1 length=5065598 depth=1.00x circular=true	1735516..1736190	" Chaperone, YHD fimbriael cluster"	CP042934
2021-MIN-0250	virulence_ecoli	yehD	98.53	543 / 543	1 length=5065598 depth=1.00x circular=true	1734894..1735436	" Major pilin subunit, YHD fimbriael cluster"	CP042934
2021-MIN-0250	virulence_ecoli	yghJ	91.36	4574 / 4569	1 length=5065598 depth=1.00x circular=true	826768..831324		CP002729
2021-MIN-0250	stx	stx2	99.6	1242 / 1242	1 length=5065598 depth=1.00x circular=true	4671049..4672290	"O9 CB10366, variant i"	FN252457
2021-MIN-0251	virulence_ecoli	csgA	98.9	456 / 456	1 length=5096570 depth=1.00x circular=true	1335867..1336322	 curlin major subunit CsgA	CP069646
2021-MIN-0251	virulence_ecoli	eltIIAB-a	98.33	1141 / 1141	1 length=5096570 depth=1.00x circular=true	964829..965969	   Heat-labile enterotoxin LTII-a	JQ031711
2021-MIN-0251	virulence_ecoli	fdeC	95.49	4254 / 4254	1 length=5096570 depth=1.00x circular=true	2194063..2198316	 intimin-like adhesin FdeC	AP010953
2021-MIN-0251	virulence_ecoli	fimH	100	489 / 489	1 length=5096570 depth=1.00x circular=true	2621265..2621753	   Type 1 fimbriae	NA
2021-MIN-0251	virulence_ecoli	gad	99.79	1401 / 1401	1 length=5096570 depth=1.00x circular=true	800456..801856	  Glutamate decarboxylase	CP002967
2021-MIN-0251	virulence_ecoli	gad	100	1401 / 1401	1 length=5096570 depth=1.00x circular=true	3544786..3546186	  Glutamate decarboxylase	CU928160
2021-MIN-0251	virulence_ecoli	hha	95.31	213 / 213	1 length=5096570 depth=1.00x circular=true	4123987..4124199	 hemolysin expression modulator Hha (previous rmoA)	453331
2021-MIN-0251	virulence_ecoli	hlyE	99.13	918 / 918	1 length=5096570 depth=1.00x circular=true	1225467..1226383	  Avian E. coli haemolysin	ECU57430
2021-MIN-0251	virulence_ecoli	iss	100	294 / 294	1 length=5096570 depth=1.00x circular=true	1920680..1920973	  Increased serum survival	CP001665
2021-MIN-0251	virulence_ecoli	lpfA	100	573 / 573	1 length=5096570 depth=1.00x circular=true	3286404..3286976	  Long polar fimbriae	KC207123
2021-MIN-0251	virulence_ecoli	nlpI	99.77	885 / 885	1 length=5096570 depth=1.00x circular=true	3879019..3879903	  lipoprotein NlpI precursor	CP000243
2021-MIN-0251	virulence_ecoli	ompT	100	954 / 954	1 length=5096570 depth=1.00x circular=true	1891118..1892071	  Outer membrane protease (protein protease 7)	AMVC01000243
2021-MIN-0251	virulence_ecoli	ompT	96.62	948 / 948	2 length=105646 depth=1.54x circular=true	4347..5294	  Outer membrane protease (protein protease 7)	CDLB01000100
2021-MIN-0251	virulence_ecoli	stx2i-O9-CB10366	99.6	1242 / 1242	1 length=5096570 depth=1.00x circular=true	2901578..2902819	   stx2i-O9-CB10366	FN252457
2021-MIN-0251	virulence_ecoli	terC	100	714 / 714	1 length=5096570 depth=1.00x circular=true	4338917..4339630	  Tellurium ion resistance protein	CP007491
2021-MIN-0251	virulence_ecoli	terC	98.85	959 / 966	1 length=5096570 depth=1.00x circular=true	3957880..3958838	  Tellurium ion resistance protein	MG591698
2021-MIN-0251	virulence_ecoli	tia	99.86	738 / 738	1 length=5096570 depth=1.00x circular=true	4172095..4172832	 Tia Invasion determinant	CP010172
2021-MIN-0251	virulence_ecoli	traJ	98.84	687 / 687	2 length=105646 depth=1.54x circular=true	74713..75399	  Protein TraJ (Positive regulator of conjugal transfer operon)	CP007150
2021-MIN-0251	virulence_ecoli	traT	99.86	732 / 732	2 length=105646 depth=1.54x circular=true	53162..53893	  Outer membrane protein complement resistance	CP009167
2021-MIN-0251	virulence_ecoli	yehA	98.06	1033 / 1035	1 length=5096570 depth=1.00x circular=true	5073562..5074594	"  Outer membrane lipoprotein, YHD fimbriael cluster"	CP042934
2021-MIN-0251	virulence_ecoli	yehB	97.86	2481 / 2481	1 length=5096570 depth=1.00x circular=true	5071066..5073546	" Usher, YHD fimbriael cluster"	CP042934
2021-MIN-0251	virulence_ecoli	yehC	98.37	675 / 675	1 length=5096570 depth=1.00x circular=true	5070376..5071050	" Chaperone, YHD fimbriael cluster"	CP042934
2021-MIN-0251	virulence_ecoli	yehD	98.53	543 / 543	1 length=5096570 depth=1.00x circular=true	5069753..5070295	" Major pilin subunit, YHD fimbriael cluster"	CP042934
2021-MIN-0251	virulence_ecoli	yghJ	98.1	4573 / 4569	1 length=5096570 depth=1.00x circular=true	4091030..4095598		CP002729
2021-MIN-0251	stx	stx2	99.6	1242 / 1242	1 length=5096570 depth=1.00x circular=true	2901578..2902819	"O9 CB10366, variant i"	FN252457
2021-MIN-0252	virulence_ecoli	csgA	98.9	456 / 456	Contig_1 length=5059451 depth=1.00x	4890676..4891131	 curlin major subunit CsgA	CP069646
2021-MIN-0252	virulence_ecoli	eltIIAB-a	98.33	1141 / 1141	Contig_1 length=5059451 depth=1.00x	4519500..4520640	   Heat-labile enterotoxin LTII-a	JQ031711
2021-MIN-0252	virulence_ecoli	fdeC	95.49	4254 / 4254	Contig_1 length=5059451 depth=1.00x	615210..619463	 intimin-like adhesin FdeC	AP010953
2021-MIN-0252	virulence_ecoli	fimH	100	489 / 489	Contig_1 length=5059451 depth=1.00x	1041137..1041625	   Type 1 fimbriae	NA
2021-MIN-0252	virulence_ecoli	gad	100	1401 / 1401	Contig_1 length=5059451 depth=1.00x	4354900..4356300	  Glutamate decarboxylase	AP009240
2021-MIN-0252	virulence_ecoli	gad	100	1401 / 1401	Contig_1 length=5059451 depth=1.00x	1999408..2000808	  Glutamate decarboxylase	CU928160
2021-MIN-0252	virulence_ecoli	hha	95.31	213 / 213	Contig_1 length=5059451 depth=1.00x	2616569..2616781	 hemolysin expression modulator Hha (previous rmoA)	453331
2021-MIN-0252	virulence_ecoli	hlyE	99.13	918 / 918	Contig_1 length=5059451 depth=1.00x	4780276..4781192	  Avian E. coli haemolysin	ECU57430
2021-MIN-0252	virulence_ecoli	iss	100	294 / 294	Contig_1 length=5059451 depth=1.00x	341827..342120	  Increased serum survival	CP001665
2021-MIN-0252	virulence_ecoli	lpfA	100	573 / 573	Contig_1 length=5059451 depth=1.00x	1742305..1742877	  Long polar fimbriae	KC207123
2021-MIN-0252	virulence_ecoli	nlpI	99.77	885 / 885	Contig_1 length=5059451 depth=1.00x	2371601..2372485	  lipoprotein NlpI precursor	CP000243
2021-MIN-0252	virulence_ecoli	ompT	100	954 / 954	Contig_1 length=5059451 depth=1.00x	312265..313218	  Outer membrane protease (protein protease 7)	AMVC01000243
2021-MIN-0252	virulence_ecoli	ompT	96.62	948 / 948	Contig_2 length=105647 depth=1.46x circular=true	4347..5294	  Outer membrane protease (protein protease 7)	CDLB01000100
2021-MIN-0252	virulence_ecoli	stx2i-O9-CB10366	99.6	1242 / 1242	Contig_1 length=5059451 depth=1.00x	1357471..1358712	   stx2i-O9-CB10366	FN252457
2021-MIN-0252	virulence_ecoli	terC	100	714 / 714	Contig_1 length=5059451 depth=1.00x	2831499..2832212	  Tellurium ion resistance protein	CP007491
2021-MIN-0252	virulence_ecoli	terC	100	1041 / 1041	Contig_1 length=5059451 depth=1.00x	3033533..3034573	  Tellurium ion resistance protein	CYAS01000072
2021-MIN-0252	virulence_ecoli	terC	98.85	959 / 966	Contig_1 length=5059451 depth=1.00x	2450462..2451420	  Tellurium ion resistance protein	MG591698
2021-MIN-0252	virulence_ecoli	tia	99.86	738 / 738	Contig_1 length=5059451 depth=1.00x	2664677..2665414	 Tia Invasion determinant	CP010172
2021-MIN-0252	virulence_ecoli	traJ	98.84	687 / 687	Contig_2 length=105647 depth=1.46x circular=true	74714..75400	  Protein TraJ (Positive regulator of conjugal transfer operon)	CP007150
2021-MIN-0252	virulence_ecoli	traT	99.86	732 / 732	Contig_2 length=105647 depth=1.46x circular=true	53163..53894	  Outer membrane protein complement resistance	CP009167
2021-MIN-0252	virulence_ecoli	yehA	98.06	1033 / 1035	Contig_1 length=5059451 depth=1.00x	3610836..3611868	"  Outer membrane lipoprotein, YHD fimbriael cluster"	CP042934
2021-MIN-0252	virulence_ecoli	yehB	97.86	2481 / 2481	Contig_1 length=5059451 depth=1.00x	3608340..3610820	" Usher, YHD fimbriael cluster"	CP042934
2021-MIN-0252	virulence_ecoli	yehC	98.37	675 / 675	Contig_1 length=5059451 depth=1.00x	3607650..3608324	" Chaperone, YHD fimbriael cluster"	CP042934
2021-MIN-0252	virulence_ecoli	yehD	98.71	543 / 543	Contig_1 length=5059451 depth=1.00x	3607027..3607569	" Major pilin subunit, YHD fimbriael cluster"	CP042934
2021-MIN-0252	virulence_ecoli	yghJ	98.1	4573 / 4569	Contig_1 length=5059451 depth=1.00x	2583612..2588180		CP002729
2021-MIN-0252	stx	stx2	99.6	1242 / 1242	Contig_1 length=5059451 depth=1.00x	1357471..1358712	"O9 CB10366, variant i"	FN252457
2022-MIN-0036	virulence_ecoli	csgA	98.9	456 / 456	3 length=429248 depth=0.73x	214317..214772	 curlin major subunit CsgA	CP069646
2022-MIN-0036	virulence_ecoli	eltIIAB-a	98.33	1141 / 1141	5 length=383405 depth=0.77x	247081..248221	   Heat-labile enterotoxin LTII-a	JQ031711
2022-MIN-0036	virulence_ecoli	fdeC	95.49	4254 / 4254	6 length=378498 depth=1.02x	100316..104569	 intimin-like adhesin FdeC	AP010953
2022-MIN-0036	virulence_ecoli	fimH	100	489 / 489	2 length=701209 depth=1.04x	315819..316307	   Type 1 fimbriae	NA
2022-MIN-0036	virulence_ecoli	gad	99.79	1401 / 1401	5 length=383405 depth=0.77x	82708..84108	  Glutamate decarboxylase	CP002967
2022-MIN-0036	virulence_ecoli	gad	100	1401 / 1401	1 length=1902226 depth=1.00x	287006..288406	  Glutamate decarboxylase	CU928160
2022-MIN-0036	virulence_ecoli	hha	95.31	213 / 213	1 length=1902226 depth=1.00x	866208..866420	 hemolysin expression modulator Hha (previous rmoA)	453331
2022-MIN-0036	virulence_ecoli	hlyE	99.13	918 / 918	3 length=429248 depth=0.73x	324256..325172	  Avian E. coli haemolysin	ECU57430
2022-MIN-0036	virulence_ecoli	iss	100	294 / 294	6 length=378498 depth=1.02x	377659..377952	  Increased serum survival	CP001665
2022-MIN-0036	virulence_ecoli	lpfA	100	573 / 573	1 length=1902226 depth=1.00x	29903..30475	  Long polar fimbriae	KC207123
2022-MIN-0036	virulence_ecoli	nlpI	99.77	885 / 885	1 length=1902226 depth=1.00x	621240..622124	  lipoprotein NlpI precursor	CP000243
2022-MIN-0036	virulence_ecoli	ompT	100	954 / 954	7 length=323658 depth=0.97x	10451..11404	  Outer membrane protease (protein protease 7)	AMVC01000243
2022-MIN-0036	virulence_ecoli	ompT	96.62	948 / 948	10 length=105653 depth=1.34x circular=true	4347..5294	  Outer membrane protease (protein protease 7)	CDLB01000100
2022-MIN-0036	virulence_ecoli	stx2i-O9-CB10366	99.6	1242 / 1242	2 length=701209 depth=1.04x	632152..633393	   stx2i-O9-CB10366	FN252457
2022-MIN-0036	virulence_ecoli	terC	100	714 / 714	1 length=1902226 depth=1.00x	1081137..1081850	  Tellurium ion resistance protein	CP007491
2022-MIN-0036	virulence_ecoli	terC	100	1041 / 1041	1 length=1902226 depth=1.00x	1283237..1284277	  Tellurium ion resistance protein	CYAS01000072
2022-MIN-0036	virulence_ecoli	terC	98.85	959 / 966	1 length=1902226 depth=1.00x	700101..701059	  Tellurium ion resistance protein	MG591698
2022-MIN-0036	virulence_ecoli	tia	99.86	738 / 738	1 length=1902226 depth=1.00x	914316..915053	 Tia Invasion determinant	CP010172
2022-MIN-0036	virulence_ecoli	traJ	98.84	687 / 687	10 length=105653 depth=1.34x circular=true	74714..75400	  Protein TraJ (Positive regulator of conjugal transfer operon)	CP007150
2022-MIN-0036	virulence_ecoli	traT	99.86	732 / 732	10 length=105653 depth=1.34x circular=true	53163..53894	  Outer membrane protein complement resistance	CP009167
2022-MIN-0036	virulence_ecoli	yehA	98.06	1033 / 1035	1 length=1902226 depth=1.00x	1860303..1861335	"  Outer membrane lipoprotein, YHD fimbriael cluster"	CP042934
2022-MIN-0036	virulence_ecoli	yehB	97.86	2481 / 2481	1 length=1902226 depth=1.00x	1857807..1860287	" Usher, YHD fimbriael cluster"	CP042934
2022-MIN-0036	virulence_ecoli	yehC	98.37	675 / 675	1 length=1902226 depth=1.00x	1857117..1857791	" Chaperone, YHD fimbriael cluster"	CP042934
2022-MIN-0036	virulence_ecoli	yehD	98.71	543 / 543	1 length=1902226 depth=1.00x	1856494..1857036	" Major pilin subunit, YHD fimbriael cluster"	CP042934
2022-MIN-0036	virulence_ecoli	yghJ	98.1	4573 / 4569	1 length=1902226 depth=1.00x	833251..837819		CP002729
2022-MIN-0036	stx	stx2	99.6	1242 / 1242	2 length=701209 depth=1.04x	632152..633393	"O9 CB10366, variant i"	FN252457
2022-MIN-0037	virulence_ecoli	astA	100	117 / 117	Contig_2 length=1921022 depth=1.11x circular=true	1371459..1371575	  Heat-stable enterotoxin EAST-1	AF161000
2022-MIN-0037	virulence_ecoli	capU	99.91	1089 / 1089	Contig_2 length=1921022 depth=1.11x circular=true	1124621..1125709	 Hexosyltransferase homolog	CP002729
2022-MIN-0037	virulence_ecoli	capU	99.91	1089 / 1089	Contig_2 length=1921022 depth=1.11x circular=true	1124621..1125709	 Hexosyltransferase homolog	CU928145
2022-MIN-0037	virulence_ecoli	csgA	100	456 / 456	Contig_1 length=3089149 depth=1.00x	235687..236142	 curlin major subunit CsgA	CP069646
2022-MIN-0037	virulence_ecoli	eltIIAB-a	98.42	1141 / 1141	Contig_1 length=3089149 depth=1.00x	2954657..2955797	   Heat-labile enterotoxin LTII-a	JQ031711
2022-MIN-0037	virulence_ecoli	fdeC	93.57	4258 / 4254	Contig_2 length=1921022 depth=1.11x circular=true	664924..669174	 intimin-like adhesin FdeC	AP010953
2022-MIN-0037	virulence_ecoli	gad	100	1401 / 1401	Contig_2 length=1921022 depth=1.11x circular=true	226132..227532	  Glutamate decarboxylase	AP010953
2022-MIN-0037	virulence_ecoli	gad	99	1401 / 1401	Contig_1 length=3089149 depth=1.00x	2807115..2808515	  Glutamate decarboxylase	BA000007
2022-MIN-0037	virulence_ecoli	hlyE	98.69	918 / 918	Contig_1 length=3089149 depth=1.00x	124598..125515	  Avian E. coli haemolysin	ECU57430
2022-MIN-0037	virulence_ecoli	mchB	99.66	294 / 294	Contig_2 length=1921022 depth=1.11x circular=true	1360427..1360720	  Microcin H47 part of colicin H	AJ009631
2022-MIN-0037	virulence_ecoli	mchC	99.74	1551 / 1551	Contig_2 length=1921022 depth=1.11x circular=true	1358606..1360156	  MchC protein	FN554766
2022-MIN-0037	virulence_ecoli	mchF	98.95	2097 / 2097	Contig_2 length=1921022 depth=1.11x circular=true	1354612..1356708	  ABC transporter protein MchF	FN554766
2022-MIN-0037	virulence_ecoli	mcmA	97.85	279 / 279	Contig_2 length=1921022 depth=1.11x circular=true	1354080..1354358	  Microcin M part of colicin H	AJ586887
2022-MIN-0037	virulence_ecoli	nlpI	99.77	885 / 885	Contig_1 length=3089149 depth=1.00x	949428..950312	  lipoprotein NlpI precursor	CP000243
2022-MIN-0037	virulence_ecoli	ompT	95.78	948 / 948	Contig_3 length=112029 depth=1.37x circular=true	8387..9334	  Outer membrane protease (protein protease 7)	CDLB01000100
2022-MIN-0037	virulence_ecoli	stx2i-O9-CB10366	99.6	1242 / 1242	Contig_2 length=1921022 depth=1.11x circular=true	1526592..1527833	   stx2i-O9-CB10366	FN252457
2022-MIN-0037	virulence_ecoli	terC	99.86	714 / 714	Contig_1 length=3089149 depth=1.00x	1376841..1377554	  Tellurium ion resistance protein	CP007491
2022-MIN-0037	virulence_ecoli	terC	99.9	966 / 966	Contig_1 length=3089149 depth=1.00x	1026316..1027281	  Tellurium ion resistance protein	MG591698
2022-MIN-0037	virulence_ecoli	terC	100	1041 / 1041	Contig_2 length=1921022 depth=1.11x circular=true	1293378..1294418	  Tellurium ion resistance protein	UINX01000003
2022-MIN-0037	virulence_ecoli	tia	99.73	738 / 738	Contig_2 length=1921022 depth=1.11x circular=true	1287415..1288152	 Tia Invasion determinant	CP015995
2022-MIN-0037	virulence_ecoli	traT	100	732 / 732	Contig_3 length=112029 depth=1.37x circular=true	59891..60622	  Outer membrane protein complement resistance	LAUD01000149
2022-MIN-0037	virulence_ecoli	yehA	98.45	1035 / 1035	Contig_1 length=3089149 depth=1.00x	2141236..2142270	"  Outer membrane lipoprotein, YHD fimbriael cluster"	CP042934
2022-MIN-0037	virulence_ecoli	yehB	98.79	2481 / 2481	Contig_1 length=3089149 depth=1.00x	2138740..2141220	" Usher, YHD fimbriael cluster"	CP042934
2022-MIN-0037	virulence_ecoli	yehC	97.78	675 / 675	Contig_1 length=3089149 depth=1.00x	2138050..2138724	" Chaperone, YHD fimbriael cluster"	CP042934
2022-MIN-0037	virulence_ecoli	yehD	98.53	543 / 543	Contig_1 length=3089149 depth=1.00x	2137428..2137970	" Major pilin subunit, YHD fimbriael cluster"	CP042934
2022-MIN-0037	virulence_ecoli	yghJ	91.36	4574 / 4569	Contig_1 length=3089149 depth=1.00x	1217732..1222288		CP002729
2022-MIN-0037	stx	stx2	99.6	1242 / 1242	Contig_2 length=1921022 depth=1.11x circular=true	1526592..1527833	"O9 CB10366, variant i"	FN252457
GCA_012153565.1	virulence_ecoli	AslA	94.09	1657 / 1656	"AARTYV010000070.1 Escherichia coli strain 420503 SAMN09634209-rid9267633.denovo.071, whole genome shotgun sequence"	1659..3314		CP054236
GCA_012153565.1	virulence_ecoli	cba	99.93	1536 / 1536	"AARTYV010000039.1 Escherichia coli strain 420503 SAMN09634209-rid9267633.denovo.040, whole genome shotgun sequence"	11977..13512	  Colicin B	FJ664743
GCA_012153565.1	virulence_ecoli	cia	100	147 / 147	"AARTYV010000039.1 Escherichia coli strain 420503 SAMN09634209-rid9267633.denovo.040, whole genome shotgun sequence"	20941..21087	  Colicin ia	QMGM01000002
GCA_012153565.1	virulence_ecoli	cma	99.75	816 / 816	"AARTYV010000039.1 Escherichia coli strain 420503 SAMN09634209-rid9267633.denovo.040, whole genome shotgun sequence"	14301..15116	  Colicin M activity	FJ664724
GCA_012153565.1	virulence_ecoli	csgA	100	456 / 456	"AARTYV010000001.1 Escherichia coli strain 420503 SAMN09634209-rid9267633.denovo.001, whole genome shotgun sequence"	148996..149451	 curlin major subunit CsgA	CP069646
GCA_012153565.1	virulence_ecoli	eltIIAB-a	98.33	1141 / 1141	"AARTYV010000056.1 Escherichia coli strain 420503 SAMN09634209-rid9267633.denovo.057, whole genome shotgun sequence"	23135..24275	   Heat-labile enterotoxin LTII-a	JQ031711
GCA_012153565.1	virulence_ecoli	fdeC	92.86	4258 / 4254	"AARTYV010000022.1 Escherichia coli strain 420503 SAMN09634209-rid9267633.denovo.022, whole genome shotgun sequence"	23616..27866	 intimin-like adhesin FdeC	AP010953
GCA_012153565.1	virulence_ecoli	fdeC	92.86	4258 / 4254	"AARTYV010000153.1 Escherichia coli strain 420503 SAMN09634209-rid9267633.guided.025, whole genome shotgun sequence"	42017..46267	 intimin-like adhesin FdeC	AP010953
GCA_012153565.1	virulence_ecoli	fimH	100	489 / 489	"AARTYV010000049.1 Escherichia coli strain 420503 SAMN09634209-rid9267633.denovo.050, whole genome shotgun sequence"	22439..22927	   Type 1 fimbriae	NA
GCA_012153565.1	virulence_ecoli	hlyE	97.82	919 / 918	"AARTYV010000001.1 Escherichia coli strain 420503 SAMN09634209-rid9267633.denovo.001, whole genome shotgun sequence"	38692..39598	  Avian E. coli haemolysin	ECU57430
GCA_012153565.1	virulence_ecoli	iss	99.66	294 / 294	"AARTYV010000051.1 Escherichia coli strain 420503 SAMN09634209-rid9267633.denovo.052, whole genome shotgun sequence"	14509..14802	  Increased serum survival	CP001846
GCA_012153565.1	virulence_ecoli	mchB	99.66	294 / 294	"AARTYV010000027.1 Escherichia coli strain 420503 SAMN09634209-rid9267633.denovo.028, whole genome shotgun sequence"	51512..51805	  Microcin H47 part of colicin H	AJ009631
GCA_012153565.1	virulence_ecoli	mchC	99.94	1551 / 1551	"AARTYV010000027.1 Escherichia coli strain 420503 SAMN09634209-rid9267633.denovo.028, whole genome shotgun sequence"	49690..51240	  MchC protein	FN554766
GCA_012153565.1	virulence_ecoli	mchF	99.76	2097 / 2097	"AARTYV010000027.1 Escherichia coli strain 420503 SAMN09634209-rid9267633.denovo.028, whole genome shotgun sequence"	45696..47792	  ABC transporter protein MchF	FN554766
GCA_012153565.1	virulence_ecoli	mcmA	100	279 / 279	"AARTYV010000027.1 Escherichia coli strain 420503 SAMN09634209-rid9267633.denovo.028, whole genome shotgun sequence"	45164..45442	  Microcin M part of colicin H	AJ515251
GCA_012153565.1	virulence_ecoli	nlpI	99.77	885 / 885	"AARTYV010000002.1 Escherichia coli strain 420503 SAMN09634209-rid9267633.denovo.002, whole genome shotgun sequence"	123275..124159	  lipoprotein NlpI precursor	CP000243
GCA_012153565.1	virulence_ecoli	stx2i-O9-CB10366	99.6	1242 / 1242	"AARTYV010000063.1 Escherichia coli strain 420503 SAMN09634209-rid9267633.denovo.064, whole genome shotgun sequence"	1073..2314	   stx2i-O9-CB10366	FN252457
GCA_012153565.1	virulence_ecoli	stx2i-O9-CB10366	99.6	1242 / 1242	"AARTYV010000155.1 Escherichia coli strain 420503 SAMN09634209-rid9267633.guided.101, whole genome shotgun sequence"	2490..3731	   stx2i-O9-CB10366	FN252457
GCA_012153565.1	virulence_ecoli	terC	100	714 / 714	"AARTYV010000004.1 Escherichia coli strain 420503 SAMN09634209-rid9267633.denovo.004, whole genome shotgun sequence"	22834..23547	  Tellurium ion resistance protein	CP007491
GCA_012153565.1	virulence_ecoli	terC	99.9	959 / 966	"AARTYV010000002.1 Escherichia coli strain 420503 SAMN09634209-rid9267633.denovo.002, whole genome shotgun sequence"	51294..52252	  Tellurium ion resistance protein	MG591698
GCA_012153565.1	virulence_ecoli	terC	100	1041 / 1041	"AARTYV010000078.1 Escherichia coli strain 420503 SAMN09634209-rid9267633.denovo.080, whole genome shotgun sequence"	2874..3914	  Tellurium ion resistance protein	UINX01000003
GCA_012153565.1	virulence_ecoli	tia	99.73	738 / 738	"AARTYV010000084.1 Escherichia coli strain 420503 SAMN09634209-rid9267633.denovo.086, whole genome shotgun sequence"	2439..3176	 Tia Invasion determinant	CP015995
GCA_012153565.1	virulence_ecoli	traJ	98.69	687 / 687	"AARTYV010000036.1 Escherichia coli strain 420503 SAMN09634209-rid9267633.denovo.037, whole genome shotgun sequence"	32510..33196	  Protein TraJ (Positive regulator of conjugal transfer operon)	CP007150
GCA_012153565.1	virulence_ecoli	traT	100	732 / 732	"AARTYV010000036.1 Escherichia coli strain 420503 SAMN09634209-rid9267633.denovo.037, whole genome shotgun sequence"	10959..11690	  Outer membrane protein complement resistance	CP009167
GCA_012153565.1	virulence_ecoli	yehA	98.26	1035 / 1035	"AARTYV010000011.1 Escherichia coli strain 420503 SAMN09634209-rid9267633.denovo.011, whole genome shotgun sequence"	27023..28057	"  Outer membrane lipoprotein, YHD fimbriael cluster"	CP042934
GCA_012153565.1	virulence_ecoli	yehB	98.71	2481 / 2481	"AARTYV010000011.1 Escherichia coli strain 420503 SAMN09634209-rid9267633.denovo.011, whole genome shotgun sequence"	24527..27007	" Usher, YHD fimbriael cluster"	CP042934
GCA_012153565.1	virulence_ecoli	yehC	97.63	675 / 675	"AARTYV010000011.1 Escherichia coli strain 420503 SAMN09634209-rid9267633.denovo.011, whole genome shotgun sequence"	23837..24511	" Chaperone, YHD fimbriael cluster"	CP042934
GCA_012153565.1	virulence_ecoli	yehD	98.71	543 / 543	"AARTYV010000011.1 Escherichia coli strain 420503 SAMN09634209-rid9267633.denovo.011, whole genome shotgun sequence"	23215..23757	" Major pilin subunit, YHD fimbriael cluster"	CP042934
GCA_012153565.1	stx	stx2	99.6	1242 / 1242	"AARTYV010000063.1 Escherichia coli strain 420503 SAMN09634209-rid9267633.denovo.064, whole genome shotgun sequence"	1073..2314	"O9 CB10366, variant i"	FN252457
GCA_012153565.1	stx	stx2	99.6	1242 / 1242	"AARTYV010000155.1 Escherichia coli strain 420503 SAMN09634209-rid9267633.guided.101, whole genome shotgun sequence"	2490..3731	"O9 CB10366, variant i"	FN252457
GCA_012153625.1	virulence_ecoli	AslA	94.09	1657 / 1656	"AARTZK010000074.1 Escherichia coli strain 419105 SAMN09633700-rid9267433.denovo.075, whole genome shotgun sequence"	1659..3314		CP054236
GCA_012153625.1	virulence_ecoli	cba	99.93	1536 / 1536	"AARTZK010000038.1 Escherichia coli strain 419105 SAMN09633700-rid9267433.denovo.038, whole genome shotgun sequence"	11971..13506	  Colicin B	FJ664743
GCA_012153625.1	virulence_ecoli	cia	100	147 / 147	"AARTZK010000038.1 Escherichia coli strain 419105 SAMN09633700-rid9267433.denovo.038, whole genome shotgun sequence"	20935..21081	  Colicin ia	QMGM01000002
GCA_012153625.1	virulence_ecoli	cma	99.75	816 / 816	"AARTZK010000038.1 Escherichia coli strain 419105 SAMN09633700-rid9267433.denovo.038, whole genome shotgun sequence"	14295..15110	  Colicin M activity	FJ664724
GCA_012153625.1	virulence_ecoli	csgA	100	456 / 456	"AARTZK010000001.1 Escherichia coli strain 419105 SAMN09633700-rid9267433.denovo.001, whole genome shotgun sequence"	148996..149451	 curlin major subunit CsgA	CP069646
GCA_012153625.1	virulence_ecoli	eltIIAB-a	98.33	1141 / 1141	"AARTZK010000056.1 Escherichia coli strain 419105 SAMN09633700-rid9267433.denovo.056, whole genome shotgun sequence"	22999..24139	   Heat-labile enterotoxin LTII-a	JQ031711
GCA_012153625.1	virulence_ecoli	fdeC	92.86	4258 / 4254	"AARTZK010000031.1 Escherichia coli strain 419105 SAMN09633700-rid9267433.denovo.031, whole genome shotgun sequence"	23616..27866	 intimin-like adhesin FdeC	AP010953
GCA_012153625.1	virulence_ecoli	fimH	100	489 / 489	"AARTZK010000049.1 Escherichia coli strain 419105 SAMN09633700-rid9267433.denovo.049, whole genome shotgun sequence"	22439..22927	   Type 1 fimbriae	NA
GCA_012153625.1	virulence_ecoli	gad	100	1157 / 1401	"AARTZK010000020.1 Escherichia coli strain 419105 SAMN09633700-rid9267433.denovo.020, whole genome shotgun sequence"	1..1157	  Glutamate decarboxylase	AP010953
GCA_012153625.1	virulence_ecoli	gad	100	1157 / 1401	"AARTZK010000020.1 Escherichia coli strain 419105 SAMN09633700-rid9267433.denovo.020, whole genome shotgun sequence"	1..1157	  Glutamate decarboxylase	EF547380
GCA_012153625.1	virulence_ecoli	hlyE	97.82	919 / 918	"AARTZK010000001.1 Escherichia coli strain 419105 SAMN09633700-rid9267433.denovo.001, whole genome shotgun sequence"	38692..39598	  Avian E. coli haemolysin	ECU57430
GCA_012153625.1	virulence_ecoli	iss	99.66	294 / 294	"AARTZK010000051.1 Escherichia coli strain 419105 SAMN09633700-rid9267433.denovo.051, whole genome shotgun sequence"	14509..14802	  Increased serum survival	CP001846
GCA_012153625.1	virulence_ecoli	mchB	99.66	294 / 294	"AARTZK010000023.1 Escherichia coli strain 419105 SAMN09633700-rid9267433.denovo.023, whole genome shotgun sequence"	51512..51805	  Microcin H47 part of colicin H	AJ009631
GCA_012153625.1	virulence_ecoli	mchC	99.94	1551 / 1551	"AARTZK010000023.1 Escherichia coli strain 419105 SAMN09633700-rid9267433.denovo.023, whole genome shotgun sequence"	49690..51240	  MchC protein	FN554766
GCA_012153625.1	virulence_ecoli	mchF	99.76	2097 / 2097	"AARTZK010000023.1 Escherichia coli strain 419105 SAMN09633700-rid9267433.denovo.023, whole genome shotgun sequence"	45696..47792	  ABC transporter protein MchF	FN554766
GCA_012153625.1	virulence_ecoli	mcmA	100	279 / 279	"AARTZK010000023.1 Escherichia coli strain 419105 SAMN09633700-rid9267433.denovo.023, whole genome shotgun sequence"	45164..45442	  Microcin M part of colicin H	AJ515251
GCA_012153625.1	virulence_ecoli	nlpI	99.77	885 / 885	"AARTZK010000003.1 Escherichia coli strain 419105 SAMN09633700-rid9267433.denovo.003, whole genome shotgun sequence"	123275..124159	  lipoprotein NlpI precursor	CP000243
GCA_012153625.1	virulence_ecoli	stx2i-O9-CB10366	99.6	1242 / 1242	"AARTZK010000065.1 Escherichia coli strain 419105 SAMN09633700-rid9267433.denovo.066, whole genome shotgun sequence"	1527..2768	   stx2i-O9-CB10366	FN252457
GCA_012153625.1	virulence_ecoli	stx2i-O9-CB10366	99.6	1242 / 1242	"AARTZK010000160.1 Escherichia coli strain 419105 SAMN09633700-rid9267433.guided.110, whole genome shotgun sequence"	2490..3731	   stx2i-O9-CB10366	FN252457
GCA_012153625.1	virulence_ecoli	terC	100	714 / 714	"AARTZK010000002.1 Escherichia coli strain 419105 SAMN09633700-rid9267433.denovo.002, whole genome shotgun sequence"	69878..70591	  Tellurium ion resistance protein	CP007491
GCA_012153625.1	virulence_ecoli	terC	99.9	959 / 966	"AARTZK010000003.1 Escherichia coli strain 419105 SAMN09633700-rid9267433.denovo.003, whole genome shotgun sequence"	51294..52252	  Tellurium ion resistance protein	MG591698
GCA_012153625.1	virulence_ecoli	terC	100	1041 / 1041	"AARTZK010000082.1 Escherichia coli strain 419105 SAMN09633700-rid9267433.denovo.084, whole genome shotgun sequence"	2874..3914	  Tellurium ion resistance protein	UINX01000003
GCA_012153625.1	virulence_ecoli	tia	99.73	738 / 738	"AARTZK010000087.1 Escherichia coli strain 419105 SAMN09633700-rid9267433.denovo.089, whole genome shotgun sequence"	2399..3136	 Tia Invasion determinant	CP015995
GCA_012153625.1	virulence_ecoli	traJ	98.69	687 / 687	"AARTZK010000040.1 Escherichia coli strain 419105 SAMN09633700-rid9267433.denovo.040, whole genome shotgun sequence"	32510..33196	  Protein TraJ (Positive regulator of conjugal transfer operon)	CP007150
GCA_012153625.1	virulence_ecoli	traT	100	732 / 732	"AARTZK010000040.1 Escherichia coli strain 419105 SAMN09633700-rid9267433.denovo.040, whole genome shotgun sequence"	10959..11690	  Outer membrane protein complement resistance	CP009167
GCA_012153625.1	virulence_ecoli	yehA	98.26	1035 / 1035	"AARTZK010000009.1 Escherichia coli strain 419105 SAMN09633700-rid9267433.denovo.009, whole genome shotgun sequence"	26900..27934	"  Outer membrane lipoprotein, YHD fimbriael cluster"	CP042934
GCA_012153625.1	virulence_ecoli	yehB	98.71	2481 / 2481	"AARTZK010000009.1 Escherichia coli strain 419105 SAMN09633700-rid9267433.denovo.009, whole genome shotgun sequence"	24404..26884	" Usher, YHD fimbriael cluster"	CP042934
GCA_012153625.1	virulence_ecoli	yehC	97.63	675 / 675	"AARTZK010000009.1 Escherichia coli strain 419105 SAMN09633700-rid9267433.denovo.009, whole genome shotgun sequence"	23714..24388	" Chaperone, YHD fimbriael cluster"	CP042934
GCA_012153625.1	virulence_ecoli	yehD	98.71	543 / 543	"AARTZK010000009.1 Escherichia coli strain 419105 SAMN09633700-rid9267433.denovo.009, whole genome shotgun sequence"	23092..23634	" Major pilin subunit, YHD fimbriael cluster"	CP042934
GCA_012153625.1	stx	stx2	99.6	1242 / 1242	"AARTZK010000065.1 Escherichia coli strain 419105 SAMN09633700-rid9267433.denovo.066, whole genome shotgun sequence"	1527..2768	"O9 CB10366, variant i"	FN252457
GCA_012153625.1	stx	stx2	99.6	1242 / 1242	"AARTZK010000160.1 Escherichia coli strain 419105 SAMN09633700-rid9267433.guided.110, whole genome shotgun sequence"	2490..3731	"O9 CB10366, variant i"	FN252457
GCA_012193385.1	virulence_ecoli	anr	96.24	213 / 213	"AARWNU010000046.1 Escherichia coli strain 440785 SAMN09380381-rid9253933.denovo.046, whole genome shotgun sequence"	756..968	 AraC negative regulator	AL391753
GCA_012193385.1	virulence_ecoli	anr	95.31	213 / 213	"AARWNU010000077.1 Escherichia coli strain 440785 SAMN09380381-rid9253933.denovo.079, whole genome shotgun sequence"	1177..1389	 AraC negative regulator	AL391753
GCA_012193385.1	virulence_ecoli	cba	99.87	1536 / 1536	"AARWNU010000077.1 Escherichia coli strain 440785 SAMN09380381-rid9253933.denovo.079, whole genome shotgun sequence"	6366..7901	  Colicin B	FJ664743
GCA_012193385.1	virulence_ecoli	cma	99.51	816 / 816	"AARWNU010000077.1 Escherichia coli strain 440785 SAMN09380381-rid9253933.denovo.079, whole genome shotgun sequence"	8690..9505	  Colicin M activity	FJ664724
GCA_012193385.1	virulence_ecoli	csgA	99.78	456 / 456	"AARWNU010000011.1 Escherichia coli strain 440785 SAMN09380381-rid9253933.denovo.011, whole genome shotgun sequence"	135965..136420	 curlin major subunit CsgA	CP069646
GCA_012193385.1	virulence_ecoli	fdeC	93.07	4258 / 4254	"AARWNU010000023.1 Escherichia coli strain 440785 SAMN09380381-rid9253933.denovo.023, whole genome shotgun sequence"	16166..20416	 intimin-like adhesin FdeC	AP010953
GCA_012193385.1	virulence_ecoli	fimH	100	489 / 489	"AARWNU010000012.1 Escherichia coli strain 440785 SAMN09380381-rid9253933.denovo.012, whole genome shotgun sequence"	104569..105057	   Type 1 fimbriae	NA
GCA_012193385.1	virulence_ecoli	hlyE	99.13	918 / 918	"AARWNU010000011.1 Escherichia coli strain 440785 SAMN09380381-rid9253933.denovo.011, whole genome shotgun sequence"	25630..26546	  Avian E. coli haemolysin	ECU57430
GCA_012193385.1	virulence_ecoli	iss	100	294 / 294	"AARWNU010000078.1 Escherichia coli strain 440785 SAMN09380381-rid9253933.denovo.080, whole genome shotgun sequence"	6083..6376	  Increased serum survival	CP001665
GCA_012193385.1	virulence_ecoli	lpfA	100	573 / 573	"AARWNU010000010.1 Escherichia coli strain 440785 SAMN09380381-rid9253933.denovo.010, whole genome shotgun sequence"	29908..30480	  Long polar fimbriae	AY646923
GCA_012193385.1	virulence_ecoli	nlpI	99.77	885 / 885	"AARWNU010000006.1 Escherichia coli strain 440785 SAMN09380381-rid9253933.denovo.006, whole genome shotgun sequence"	56698..57582	  lipoprotein NlpI precursor	CP000243
GCA_012193385.1	virulence_ecoli	ompT	100	954 / 954	"AARWNU010000080.1 Escherichia coli strain 440785 SAMN09380381-rid9253933.denovo.082, whole genome shotgun sequence"	76..1029	  Outer membrane protease (protein protease 7)	AMVC01000243
GCA_012193385.1	virulence_ecoli	shiB	96.26	428 / 462	"AARWNU010000041.1 Escherichia coli strain 440785 SAMN09380381-rid9253933.denovo.041, whole genome shotgun sequence"	9425..9852	 homologs of the Shigella flexneri SHI-2 pathogenicity island gene shiA	AAD44732
GCA_012193385.1	virulence_ecoli	stx2i-O9-CB10366	99.6	1242 / 1242	"AARWNU010000019.1 Escherichia coli strain 440785 SAMN09380381-rid9253933.denovo.019, whole genome shotgun sequence"	961..2202	   stx2i-O9-CB10366	FN252457
GCA_012193385.1	virulence_ecoli	stx2i-O9-CB10366	99.6	1242 / 1242	"AARWNU010000151.1 Escherichia coli strain 440785 SAMN09380381-rid9253933.guided.091, whole genome shotgun sequence"	4787..6028	   stx2i-O9-CB10366	FN252457
GCA_012193385.1	virulence_ecoli	terC	100	714 / 714	"AARWNU010000032.1 Escherichia coli strain 440785 SAMN09380381-rid9253933.denovo.032, whole genome shotgun sequence"	22823..23536	  Tellurium ion resistance protein	CP007491
GCA_012193385.1	virulence_ecoli	terC	100	966 / 966	"AARWNU010000001.1 Escherichia coli strain 440785 SAMN09380381-rid9253933.denovo.001, whole genome shotgun sequence"	265800..266765	  Tellurium ion resistance protein	MG591698
GCA_012193385.1	virulence_ecoli	tia	99.86	738 / 738	"AARWNU010000063.1 Escherichia coli strain 440785 SAMN09380381-rid9253933.denovo.063, whole genome shotgun sequence"	15706..16443	 Tia Invasion determinant	CP010172
GCA_012193385.1	virulence_ecoli	traT	100	735 / 735	"AARWNU010000046.1 Escherichia coli strain 440785 SAMN09380381-rid9253933.denovo.046, whole genome shotgun sequence"	8964..9698	  Outer membrane protein complement resistance	HG977148
GCA_012193385.1	virulence_ecoli	yehA	100	1035 / 1035	"AARWNU010000008.1 Escherichia coli strain 440785 SAMN09380381-rid9253933.denovo.008, whole genome shotgun sequence"	32594..33628	"  Outer membrane lipoprotein, YHD fimbriael cluster"	CP042934
GCA_012193385.1	virulence_ecoli	yehB	100	2481 / 2481	"AARWNU010000008.1 Escherichia coli strain 440785 SAMN09380381-rid9253933.denovo.008, whole genome shotgun sequence"	33644..36124	" Usher, YHD fimbriael cluster"	CP042934
GCA_012193385.1	virulence_ecoli	yehC	100	675 / 675	"AARWNU010000008.1 Escherichia coli strain 440785 SAMN09380381-rid9253933.denovo.008, whole genome shotgun sequence"	36140..36814	" Chaperone, YHD fimbriael cluster"	CP042934
GCA_012193385.1	virulence_ecoli	yehD	100	543 / 543	"AARWNU010000008.1 Escherichia coli strain 440785 SAMN09380381-rid9253933.denovo.008, whole genome shotgun sequence"	36894..37436	" Major pilin subunit, YHD fimbriael cluster"	CP042934
GCA_012193385.1	virulence_ecoli	yghJ	98.08	4574 / 4569	"AARWNU010000001.1 Escherichia coli strain 440785 SAMN09380381-rid9253933.denovo.001, whole genome shotgun sequence"	128649..133214		CP043217
GCA_012193385.1	stx	stx2	99.6	1242 / 1242	"AARWNU010000019.1 Escherichia coli strain 440785 SAMN09380381-rid9253933.denovo.019, whole genome shotgun sequence"	961..2202	"O9 CB10366, variant i"	FN252457
GCA_012193385.1	stx	stx2	99.6	1242 / 1242	"AARWNU010000151.1 Escherichia coli strain 440785 SAMN09380381-rid9253933.guided.091, whole genome shotgun sequence"	4787..6028	"O9 CB10366, variant i"	FN252457
GCA_012560085.1	virulence_ecoli	csgA	98.9	456 / 456	"AASTCZ010000018.1 Escherichia coli strain 287552 SAMN06006011-rid9149403.denovo.018, whole genome shotgun sequence"	82915..83370	 curlin major subunit CsgA	CP069646
GCA_012560085.1	virulence_ecoli	eltIIAB-a	98.25	1141 / 1141	"AASTCZ010000057.1 Escherichia coli strain 287552 SAMN06006011-rid9149403.denovo.058, whole genome shotgun sequence"	12991..14131	   Heat-labile enterotoxin LTII-a	JQ031711
GCA_012560085.1	virulence_ecoli	fdeC	95.51	4254 / 4254	"AASTCZ010000017.1 Escherichia coli strain 287552 SAMN06006011-rid9149403.denovo.017, whole genome shotgun sequence"	46859..51112	 intimin-like adhesin FdeC	AP010953
GCA_012560085.1	virulence_ecoli	fimH	100	489 / 489	"AASTCZ010000025.1 Escherichia coli strain 287552 SAMN06006011-rid9149403.denovo.025, whole genome shotgun sequence"	55307..55795	   Type 1 fimbriae	NA
GCA_012560085.1	virulence_ecoli	hlyE	99.13	918 / 918	"AASTCZ010000013.1 Escherichia coli strain 287552 SAMN06006011-rid9149403.denovo.013, whole genome shotgun sequence"	82066..82982	  Avian E. coli haemolysin	ECU57430
GCA_012560085.1	virulence_ecoli	iss	99.32	294 / 294	"AASTCZ010000137.1 Escherichia coli strain 287552 SAMN06006011-rid9149403.denovo.143, whole genome shotgun sequence"	444..737	  Increased serum survival	CP001665
GCA_012560085.1	virulence_ecoli	iss	99.32	294 / 294	"AASTCZ010000137.1 Escherichia coli strain 287552 SAMN06006011-rid9149403.denovo.143, whole genome shotgun sequence"	444..737	  Increased serum survival	CP001846
GCA_012560085.1	virulence_ecoli	lpfA	100	573 / 573	"AASTCZ010000005.1 Escherichia coli strain 287552 SAMN06006011-rid9149403.denovo.005, whole genome shotgun sequence"	161083..161655	  Long polar fimbriae	CP002185
GCA_012560085.1	virulence_ecoli	nlpI	99.77	885 / 885	"AASTCZ010000003.1 Escherichia coli strain 287552 SAMN06006011-rid9149403.denovo.003, whole genome shotgun sequence"	160957..161841	  lipoprotein NlpI precursor	CP000243
GCA_012560085.1	virulence_ecoli	ompT	95.78	948 / 948	"AASTCZ010000033.1 Escherichia coli strain 287552 SAMN06006011-rid9149403.denovo.033, whole genome shotgun sequence"	47002..47949	  Outer membrane protease (protein protease 7)	CDLB01000100
GCA_012560085.1	virulence_ecoli	ompT	99.72	363 / 363	"AASTCZ010000065.1 Escherichia coli strain 287552 SAMN06006011-rid9149403.denovo.067, whole genome shotgun sequence"	2351..2713	  Outer membrane protease (protein protease 7)	UDHB01000050
GCA_012560085.1	virulence_ecoli	stx2i-O9-CB10366	99.6	1242 / 1242	"AASTCZ010000071.1 Escherichia coli strain 287552 SAMN06006011-rid9149403.denovo.073, whole genome shotgun sequence"	918..2159	   stx2i-O9-CB10366	FN252457
GCA_012560085.1	virulence_ecoli	stx2i-O9-CB10366	99.6	1242 / 1242	"AASTCZ010000202.1 Escherichia coli strain 287552 SAMN06006011-rid9149403.guided.084, whole genome shotgun sequence"	2488..3729	   stx2i-O9-CB10366	FN252457
GCA_012560085.1	virulence_ecoli	terC	100	714 / 714	"AASTCZ010000027.1 Escherichia coli strain 287552 SAMN06006011-rid9149403.denovo.027, whole genome shotgun sequence"	34818..35531	  Tellurium ion resistance protein	CP007491
GCA_012560085.1	virulence_ecoli	terC	99.9	966 / 966	"AASTCZ010000003.1 Escherichia coli strain 287552 SAMN06006011-rid9149403.denovo.003, whole genome shotgun sequence"	83849..84814	  Tellurium ion resistance protein	MG591698
GCA_012560085.1	virulence_ecoli	traJ	98.84	687 / 687	"AASTCZ010000033.1 Escherichia coli strain 287552 SAMN06006011-rid9149403.denovo.033, whole genome shotgun sequence"	15002..15688	  Protein TraJ (Positive regulator of conjugal transfer operon)	CP007150
GCA_012560085.1	virulence_ecoli	traT	99.86	732 / 732	"AASTCZ010000044.1 Escherichia coli strain 287552 SAMN06006011-rid9149403.denovo.044, whole genome shotgun sequence"	25741..26472	  Outer membrane protein complement resistance	CP009167
GCA_012560085.1	virulence_ecoli	yehA	98.16	1033 / 1035	"AASTCZ010000011.1 Escherichia coli strain 287552 SAMN06006011-rid9149403.denovo.011, whole genome shotgun sequence"	5201..6233	"  Outer membrane lipoprotein, YHD fimbriael cluster"	CP042934
GCA_012560085.1	virulence_ecoli	yehB	97.86	2481 / 2481	"AASTCZ010000011.1 Escherichia coli strain 287552 SAMN06006011-rid9149403.denovo.011, whole genome shotgun sequence"	6249..8729	" Usher, YHD fimbriael cluster"	CP042934
GCA_012560085.1	virulence_ecoli	yehC	98.67	675 / 675	"AASTCZ010000011.1 Escherichia coli strain 287552 SAMN06006011-rid9149403.denovo.011, whole genome shotgun sequence"	8745..9419	" Chaperone, YHD fimbriael cluster"	CP042934
GCA_012560085.1	virulence_ecoli	yehD	98.53	543 / 543	"AASTCZ010000011.1 Escherichia coli strain 287552 SAMN06006011-rid9149403.denovo.011, whole genome shotgun sequence"	9500..10042	" Major pilin subunit, YHD fimbriael cluster"	CP042934
GCA_012560085.1	virulence_ecoli	yghJ	91.89	4576 / 4569	"AASTCZ010000006.1 Escherichia coli strain 287552 SAMN06006011-rid9149403.denovo.006, whole genome shotgun sequence"	138360..142925		CP043217
GCA_012560085.1	stx	stx2	99.6	1242 / 1242	"AASTCZ010000071.1 Escherichia coli strain 287552 SAMN06006011-rid9149403.denovo.073, whole genome shotgun sequence"	918..2159	"O9 CB10366, variant i"	FN252457
GCA_012560085.1	stx	stx2	99.6	1242 / 1242	"AASTCZ010000202.1 Escherichia coli strain 287552 SAMN06006011-rid9149403.guided.084, whole genome shotgun sequence"	2488..3729	"O9 CB10366, variant i"	FN252457
GCA_016773735.1	virulence_ecoli	anr	97.67	129 / 213	"JAETYL010000052.1 Escherichia coli strain ATC-41-3 contig00052, whole genome shotgun sequence"	791..919	 AraC negative regulator	AL391753
GCA_016773735.1	virulence_ecoli	capU	99.91	1089 / 1089	"JAETYL010000050.1 Escherichia coli strain ATC-41-3 contig00050, whole genome shotgun sequence"	6581..7669	 Hexosyltransferase homolog	CP002729
GCA_016773735.1	virulence_ecoli	capU	99.91	1089 / 1089	"JAETYL010000050.1 Escherichia coli strain ATC-41-3 contig00050, whole genome shotgun sequence"	6581..7669	 Hexosyltransferase homolog	CU928145
GCA_016773735.1	virulence_ecoli	colE2-like	100	144 / 144	"JAETYL010000065.1 Escherichia coli strain ATC-41-3 contig00065, whole genome shotgun sequence"	5829..5972	   Colicin lysis protein precursor E2-like	AF540491
GCA_016773735.1	virulence_ecoli	csgA	100	456 / 456	"JAETYL010000023.1 Escherichia coli strain ATC-41-3 contig00023, whole genome shotgun sequence"	75899..76354	 curlin major subunit CsgA	CP069646
GCA_016773735.1	virulence_ecoli	eltIIAB-a	98.33	1141 / 1141	"JAETYL010000038.1 Escherichia coli strain ATC-41-3 contig00038, whole genome shotgun sequence"	7137..8277	   Heat-labile enterotoxin LTII-a	JQ031711
GCA_016773735.1	virulence_ecoli	fdeC	93.57	4258 / 4254	"JAETYL010000039.1 Escherichia coli strain ATC-41-3 contig00039, whole genome shotgun sequence"	15895..20145	 intimin-like adhesin FdeC	AP010953
GCA_016773735.1	virulence_ecoli	gad	100	1050 / 1401	"JAETYL010000043.1 Escherichia coli strain ATC-41-3 contig00043, whole genome shotgun sequence"	1..1050	  Glutamate decarboxylase	AP010953
GCA_016773735.1	virulence_ecoli	gad	100	1050 / 1401	"JAETYL010000043.1 Escherichia coli strain ATC-41-3 contig00043, whole genome shotgun sequence"	1..1050	  Glutamate decarboxylase	EF547380
GCA_016773735.1	virulence_ecoli	gad	99.24	1050 / 1401	"JAETYL010000067.1 Escherichia coli strain ATC-41-3 contig00067, whole genome shotgun sequence"	4433..5482	  Glutamate decarboxylase	FN554766
GCA_016773735.1	virulence_ecoli	hlyE	98.69	918 / 918	"JAETYL010000013.1 Escherichia coli strain ATC-41-3 contig00013, whole genome shotgun sequence"	12439..13356	  Avian E. coli haemolysin	ECU57430
GCA_016773735.1	virulence_ecoli	nlpI	99.77	885 / 885	"JAETYL010000004.1 Escherichia coli strain ATC-41-3 contig00004, whole genome shotgun sequence"	107346..108230	  lipoprotein NlpI precursor	CP000243
GCA_016773735.1	virulence_ecoli	ompT	96.1	949 / 948	"JAETYL010000042.1 Escherichia coli strain ATC-41-3 contig00042, whole genome shotgun sequence"	10763..11711	  Outer membrane protease (protein protease 7)	CDLB01000100
GCA_016773735.1	virulence_ecoli	papA_F12	99.01	504 / 504	"JAETYL010000011.1 Escherichia coli strain ATC-41-3 contig00011, whole genome shotgun sequence"	132160..132663	  Major pilin subunit F12	AF247354
GCA_016773735.1	virulence_ecoli	papC	99.45	2560 / 2559	"JAETYL010000011.1 Escherichia coli strain ATC-41-3 contig00011, whole genome shotgun sequence"	128934..131493	  Outer membrane usher P fimbriae	AP017617
GCA_016773735.1	virulence_ecoli	shiA	92.08	1048 / 1044	"JAETYL010000011.1 Escherichia coli strain ATC-41-3 contig00011, whole genome shotgun sequence"	85094..86137	 homologs of the Shigella flexneri SHI-2 pathogenicity island gene shiA	CP058222
GCA_016773735.1	virulence_ecoli	stx2i-O9-CB10366	99.6	1242 / 1242	"JAETYL010000056.1 Escherichia coli strain ATC-41-3 contig00056, whole genome shotgun sequence"	9353..10594	   stx2i-O9-CB10366	FN252457
GCA_016773735.1	virulence_ecoli	terC	99.86	714 / 714	"JAETYL010000012.1 Escherichia coli strain ATC-41-3 contig00012, whole genome shotgun sequence"	110417..111130	  Tellurium ion resistance protein	CP007491
GCA_016773735.1	virulence_ecoli	terC	100	1041 / 1041	"JAETYL010000055.1 Escherichia coli strain ATC-41-3 contig00055, whole genome shotgun sequence"	3132..4172	  Tellurium ion resistance protein	CYAS01000072
GCA_016773735.1	virulence_ecoli	terC	99.9	966 / 966	"JAETYL010000004.1 Escherichia coli strain ATC-41-3 contig00004, whole genome shotgun sequence"	184249..185214	  Tellurium ion resistance protein	MG591698
GCA_016773735.1	virulence_ecoli	tia	94.18	756 / 756	"JAETYL010000011.1 Escherichia coli strain ATC-41-3 contig00011, whole genome shotgun sequence"	92751..93506	 Tia Invasion determinant	DQ095216
GCA_016773735.1	virulence_ecoli	traJ	98.55	690 / 690	"JAETYL010000051.1 Escherichia coli strain ATC-41-3 contig00051, whole genome shotgun sequence"	849..1538	  Protein TraJ (Positive regulator of conjugal transfer operon)	AF550679
GCA_016773735.1	virulence_ecoli	traT	99.73	732 / 732	"JAETYL010000052.1 Escherichia coli strain ATC-41-3 contig00052, whole genome shotgun sequence"	10882..11613	  Outer membrane protein complement resistance	AKLT01000045
GCA_016773735.1	virulence_ecoli	traT	100	738 / 738	"JAETYL010000028.1 Escherichia coli strain ATC-41-3 contig00028, whole genome shotgun sequence"	56228..56965	  Outer membrane protein complement resistance	CP000796
GCA_016773735.1	virulence_ecoli	yehA	98.45	1035 / 1035	"JAETYL010000006.1 Escherichia coli strain ATC-41-3 contig00006, whole genome shotgun sequence"	130069..131103	"  Outer membrane lipoprotein, YHD fimbriael cluster"	CP042934
GCA_016773735.1	virulence_ecoli	yehB	98.79	2481 / 2481	"JAETYL010000006.1 Escherichia coli strain ATC-41-3 contig00006, whole genome shotgun sequence"	127573..130053	" Usher, YHD fimbriael cluster"	CP042934
GCA_016773735.1	virulence_ecoli	yehC	97.78	675 / 675	"JAETYL010000006.1 Escherichia coli strain ATC-41-3 contig00006, whole genome shotgun sequence"	126883..127557	" Chaperone, YHD fimbriael cluster"	CP042934
GCA_016773735.1	virulence_ecoli	yehD	98.53	543 / 543	"JAETYL010000006.1 Escherichia coli strain ATC-41-3 contig00006, whole genome shotgun sequence"	126261..126803	" Major pilin subunit, YHD fimbriael cluster"	CP042934
GCA_016773735.1	virulence_ecoli	yghJ	91.36	4574 / 4569	"JAETYL010000005.1 Escherichia coli strain ATC-41-3 contig00005, whole genome shotgun sequence"	120242..124798		CP002729
GCA_016773735.1	stx	stx2	99.6	1242 / 1242	"JAETYL010000056.1 Escherichia coli strain ATC-41-3 contig00056, whole genome shotgun sequence"	9353..10594	"O9 CB10366, variant i"	FN252457
GCA_017076875.1	virulence_ecoli	anr	97.67	129 / 213	"DADJFH010000033.1 TPA_asm: Escherichia coli isolate AGR4327 SAMN12996567-rid11484503.denovo.033, whole genome shotgun sequence"	8644..8772	 AraC negative regulator	AL391753
GCA_017076875.1	virulence_ecoli	csgA	98.9	456 / 456	"DADJFH010000004.1 TPA_asm: Escherichia coli isolate AGR4327 SAMN12996567-rid11484503.denovo.004, whole genome shotgun sequence"	196955..197410	 curlin major subunit CsgA	CP069646
GCA_017076875.1	virulence_ecoli	eltIIAB-a	98.33	1141 / 1141	"DADJFH010000039.1 TPA_asm: Escherichia coli isolate AGR4327 SAMN12996567-rid11484503.denovo.039, whole genome shotgun sequence"	24373..25513	   Heat-labile enterotoxin LTII-a	JQ031711
GCA_017076875.1	virulence_ecoli	fdeC	95.49	4254 / 4254	"DADJFH010000023.1 TPA_asm: Escherichia coli isolate AGR4327 SAMN12996567-rid11484503.denovo.023, whole genome shotgun sequence"	14339..18592	 intimin-like adhesin FdeC	AP010953
GCA_017076875.1	virulence_ecoli	fimH	100	489 / 489	"DADJFH010000003.1 TPA_asm: Escherichia coli isolate AGR4327 SAMN12996567-rid11484503.denovo.003, whole genome shotgun sequence"	94747..95235	   Type 1 fimbriae	NA
GCA_017076875.1	virulence_ecoli	hha	91.67	180 / 213	"DADJFH010000005.1 TPA_asm: Escherichia coli isolate AGR4327 SAMN12996567-rid11484503.denovo.005, whole genome shotgun sequence"	3435..3614	 hemolysin expression modulator Hha (previous rmoA)	453331
GCA_017076875.1	virulence_ecoli	hlyE	99.13	918 / 918	"DADJFH010000004.1 TPA_asm: Escherichia coli isolate AGR4327 SAMN12996567-rid11484503.denovo.004, whole genome shotgun sequence"	306895..307811	  Avian E. coli haemolysin	ECU57430
GCA_017076875.1	virulence_ecoli	iss	100	294 / 294	"DADJFH010000006.1 TPA_asm: Escherichia coli isolate AGR4327 SAMN12996567-rid11484503.denovo.006, whole genome shotgun sequence"	210042..210335	  Increased serum survival	CP001665
GCA_017076875.1	virulence_ecoli	lpfA	100	573 / 573	"DADJFH010000025.1 TPA_asm: Escherichia coli isolate AGR4327 SAMN12996567-rid11484503.denovo.025, whole genome shotgun sequence"	38411..38983	  Long polar fimbriae	KC207123
GCA_017076875.1	virulence_ecoli	nlpI	99.77	885 / 885	"DADJFH010000013.1 TPA_asm: Escherichia coli isolate AGR4327 SAMN12996567-rid11484503.denovo.013, whole genome shotgun sequence"	16222..17106	  lipoprotein NlpI precursor	CP000243
GCA_017076875.1	virulence_ecoli	ompT	96.62	948 / 948	"DADJFH010000046.1 TPA_asm: Escherichia coli isolate AGR4327 SAMN12996567-rid11484503.denovo.046, whole genome shotgun sequence"	6627..7574	  Outer membrane protease (protein protease 7)	CDLB01000100
GCA_017076875.1	virulence_ecoli	ompT	99.72	363 / 363	"DADJFH010000049.1 TPA_asm: Escherichia coli isolate AGR4327 SAMN12996567-rid11484503.denovo.050, whole genome shotgun sequence"	1590..1952	  Outer membrane protease (protein protease 7)	UDHB01000050
GCA_017076875.1	virulence_ecoli	stx2i-O9-CB10366	99.6	1242 / 1242	"DADJFH010000048.1 TPA_asm: Escherichia coli isolate AGR4327 SAMN12996567-rid11484503.denovo.048, whole genome shotgun sequence"	1833..3074	   stx2i-O9-CB10366	FN252457
GCA_017076875.1	virulence_ecoli	stx2i-O9-CB10366	99.6	1242 / 1242	"DADJFH010000128.1 TPA_asm: Escherichia coli isolate AGR4327 SAMN12996567-rid11484503.guided.063, whole genome shotgun sequence"	2490..3731	   stx2i-O9-CB10366	FN252457
GCA_017076875.1	virulence_ecoli	terC	100	714 / 714	"DADJFH010000009.1 TPA_asm: Escherichia coli isolate AGR4327 SAMN12996567-rid11484503.denovo.009, whole genome shotgun sequence"	22874..23587	  Tellurium ion resistance protein	CP007491
GCA_017076875.1	virulence_ecoli	terC	100	1041 / 1041	"DADJFH010000021.1 TPA_asm: Escherichia coli isolate AGR4327 SAMN12996567-rid11484503.denovo.021, whole genome shotgun sequence"	1329..2369	  Tellurium ion resistance protein	CYAS01000072
GCA_017076875.1	virulence_ecoli	terC	98.85	959 / 966	"DADJFH010000021.1 TPA_asm: Escherichia coli isolate AGR4327 SAMN12996567-rid11484503.denovo.021, whole genome shotgun sequence"	47026..47984	  Tellurium ion resistance protein	MG591698
GCA_017076875.1	virulence_ecoli	traJ	98.55	690 / 690	"DADJFH010000033.1 TPA_asm: Escherichia coli isolate AGR4327 SAMN12996567-rid11484503.denovo.033, whole genome shotgun sequence"	41225..41914	  Protein TraJ (Positive regulator of conjugal transfer operon)	AF550679
GCA_017076875.1	virulence_ecoli	traT	99.73	732 / 732	"DADJFH010000033.1 TPA_asm: Escherichia coli isolate AGR4327 SAMN12996567-rid11484503.denovo.033, whole genome shotgun sequence"	18744..19475	  Outer membrane protein complement resistance	AKLT01000045
GCA_017076875.1	virulence_ecoli	yehA	98.06	1033 / 1035	"DADJFH010000005.1 TPA_asm: Escherichia coli isolate AGR4327 SAMN12996567-rid11484503.denovo.005, whole genome shotgun sequence"	135888..136920	"  Outer membrane lipoprotein, YHD fimbriael cluster"	CP042934
GCA_017076875.1	virulence_ecoli	yehB	97.86	2481 / 2481	"DADJFH010000005.1 TPA_asm: Escherichia coli isolate AGR4327 SAMN12996567-rid11484503.denovo.005, whole genome shotgun sequence"	136936..139416	" Usher, YHD fimbriael cluster"	CP042934
GCA_017076875.1	virulence_ecoli	yehC	98.37	675 / 675	"DADJFH010000005.1 TPA_asm: Escherichia coli isolate AGR4327 SAMN12996567-rid11484503.denovo.005, whole genome shotgun sequence"	139432..140106	" Chaperone, YHD fimbriael cluster"	CP042934
GCA_017076875.1	virulence_ecoli	yehD	98.71	543 / 543	"DADJFH010000005.1 TPA_asm: Escherichia coli isolate AGR4327 SAMN12996567-rid11484503.denovo.005, whole genome shotgun sequence"	140187..140729	" Major pilin subunit, YHD fimbriael cluster"	CP042934
GCA_017076875.1	virulence_ecoli	yghJ	98.1	4573 / 4569	"DADJFH010000027.1 TPA_asm: Escherichia coli isolate AGR4327 SAMN12996567-rid11484503.denovo.027, whole genome shotgun sequence"	27761..32329		CP002729
GCA_017076875.1	stx	stx2	99.6	1242 / 1242	"DADJFH010000048.1 TPA_asm: Escherichia coli isolate AGR4327 SAMN12996567-rid11484503.denovo.048, whole genome shotgun sequence"	1833..3074	"O9 CB10366, variant i"	FN252457
GCA_017076875.1	stx	stx2	99.6	1242 / 1242	"DADJFH010000128.1 TPA_asm: Escherichia coli isolate AGR4327 SAMN12996567-rid11484503.guided.063, whole genome shotgun sequence"	2490..3731	"O9 CB10366, variant i"	FN252457
GCA_017125235.1	virulence_ecoli	AslA	94.09	1657 / 1656	"AAZCTM010000013.1 Escherichia coli strain 1084158 SAMN17799185-rid11472113.denovo.013, whole genome shotgun sequence"	57551..59206		CP054236
GCA_017125235.1	virulence_ecoli	cba	99.93	1536 / 1536	"AAZCTM010000018.1 Escherichia coli strain 1084158 SAMN17799185-rid11472113.denovo.018, whole genome shotgun sequence"	53899..55434	  Colicin B	FJ664743
GCA_017125235.1	virulence_ecoli	cia	100	147 / 147	"AAZCTM010000018.1 Escherichia coli strain 1084158 SAMN17799185-rid11472113.denovo.018, whole genome shotgun sequence"	62863..63009	  Colicin ia	QMGM01000002
GCA_017125235.1	virulence_ecoli	cma	99.75	816 / 816	"AAZCTM010000018.1 Escherichia coli strain 1084158 SAMN17799185-rid11472113.denovo.018, whole genome shotgun sequence"	56223..57038	  Colicin M activity	FJ664724
GCA_017125235.1	virulence_ecoli	csgA	100	456 / 456	"AAZCTM010000001.1 Escherichia coli strain 1084158 SAMN17799185-rid11472113.denovo.001, whole genome shotgun sequence"	132091..132546	 curlin major subunit CsgA	CP069646
GCA_017125235.1	virulence_ecoli	eltIIAB-a	98.33	1141 / 1141	"AAZCTM010000055.1 Escherichia coli strain 1084158 SAMN17799185-rid11472113.denovo.056, whole genome shotgun sequence"	22133..23273	   Heat-labile enterotoxin LTII-a	JQ031711
GCA_017125235.1	virulence_ecoli	fdeC	92.86	4258 / 4254	"AAZCTM010000020.1 Escherichia coli strain 1084158 SAMN17799185-rid11472113.denovo.020, whole genome shotgun sequence"	23616..27866	 intimin-like adhesin FdeC	AP010953
GCA_017125235.1	virulence_ecoli	fdeC	92.86	4258 / 4254	"AAZCTM010000174.1 Escherichia coli strain 1084158 SAMN17799185-rid11472113.guided.021, whole genome shotgun sequence"	46255..50505	 intimin-like adhesin FdeC	AP010953
GCA_017125235.1	virulence_ecoli	fimH	100	489 / 489	"AAZCTM010000054.1 Escherichia coli strain 1084158 SAMN17799185-rid11472113.denovo.055, whole genome shotgun sequence"	22440..22928	   Type 1 fimbriae	NA
GCA_017125235.1	virulence_ecoli	gad	100	1401 / 1401	"AAZCTM010000009.1 Escherichia coli strain 1084158 SAMN17799185-rid11472113.denovo.009, whole genome shotgun sequence"	75845..77245	  Glutamate decarboxylase	AP010953
GCA_017125235.1	virulence_ecoli	hlyE	97.82	919 / 918	"AAZCTM010000001.1 Escherichia coli strain 1084158 SAMN17799185-rid11472113.denovo.001, whole genome shotgun sequence"	21787..22693	  Avian E. coli haemolysin	ECU57430
GCA_017125235.1	virulence_ecoli	iss	99.66	294 / 294	"AAZCTM010000065.1 Escherichia coli strain 1084158 SAMN17799185-rid11472113.denovo.066, whole genome shotgun sequence"	5076..5369	  Increased serum survival	CP001846
GCA_017125235.1	virulence_ecoli	mchB	99.66	294 / 294	"AAZCTM010000034.1 Escherichia coli strain 1084158 SAMN17799185-rid11472113.denovo.035, whole genome shotgun sequence"	33620..33913	  Microcin H47 part of colicin H	AJ009631
GCA_017125235.1	virulence_ecoli	mchC	99.94	1551 / 1551	"AAZCTM010000034.1 Escherichia coli strain 1084158 SAMN17799185-rid11472113.denovo.035, whole genome shotgun sequence"	31798..33348	  MchC protein	FN554766
GCA_017125235.1	virulence_ecoli	mchF	99.76	2097 / 2097	"AAZCTM010000034.1 Escherichia coli strain 1084158 SAMN17799185-rid11472113.denovo.035, whole genome shotgun sequence"	27804..29900	  ABC transporter protein MchF	FN554766
GCA_017125235.1	virulence_ecoli	mcmA	100	279 / 279	"AAZCTM010000034.1 Escherichia coli strain 1084158 SAMN17799185-rid11472113.denovo.035, whole genome shotgun sequence"	27272..27550	  Microcin M part of colicin H	AJ515251
GCA_017125235.1	virulence_ecoli	nlpI	99.77	885 / 885	"AAZCTM010000003.1 Escherichia coli strain 1084158 SAMN17799185-rid11472113.denovo.003, whole genome shotgun sequence"	123275..124159	  lipoprotein NlpI precursor	CP000243
GCA_017125235.1	virulence_ecoli	stx2i-O9-CB10366	99.6	1242 / 1242	"AAZCTM010000063.1 Escherichia coli strain 1084158 SAMN17799185-rid11472113.denovo.064, whole genome shotgun sequence"	1073..2314	   stx2i-O9-CB10366	FN252457
GCA_017125235.1	virulence_ecoli	stx2i-O9-CB10366	99.6	1242 / 1242	"AAZCTM010000176.1 Escherichia coli strain 1084158 SAMN17799185-rid11472113.guided.106, whole genome shotgun sequence"	2490..3731	   stx2i-O9-CB10366	FN252457
GCA_017125235.1	virulence_ecoli	terC	100	714 / 714	"AAZCTM010000005.1 Escherichia coli strain 1084158 SAMN17799185-rid11472113.denovo.005, whole genome shotgun sequence"	22744..23457	  Tellurium ion resistance protein	CP007491
GCA_017125235.1	virulence_ecoli	terC	99.9	959 / 966	"AAZCTM010000003.1 Escherichia coli strain 1084158 SAMN17799185-rid11472113.denovo.003, whole genome shotgun sequence"	51294..52252	  Tellurium ion resistance protein	MG591698
GCA_017125235.1	virulence_ecoli	terC	100	1041 / 1041	"AAZCTM010000079.1 Escherichia coli strain 1084158 SAMN17799185-rid11472113.denovo.081, whole genome shotgun sequence"	2874..3914	  Tellurium ion resistance protein	UINX01000003
GCA_017125235.1	virulence_ecoli	tia	99.73	738 / 738	"AAZCTM010000084.1 Escherichia coli strain 1084158 SAMN17799185-rid11472113.denovo.086, whole genome shotgun sequence"	2399..3136	 Tia Invasion determinant	CP015995
GCA_017125235.1	virulence_ecoli	traJ	98.69	687 / 687	"AAZCTM010000018.1 Escherichia coli strain 1084158 SAMN17799185-rid11472113.denovo.018, whole genome shotgun sequence"	32500..33186	  Protein TraJ (Positive regulator of conjugal transfer operon)	CP007150
GCA_017125235.1	virulence_ecoli	traT	100	732 / 732	"AAZCTM010000018.1 Escherichia coli strain 1084158 SAMN17799185-rid11472113.denovo.018, whole genome shotgun sequence"	10949..11680	  Outer membrane protein complement resistance	CP009167
GCA_017125235.1	virulence_ecoli	yehA	98.26	1035 / 1035	"AAZCTM010000010.1 Escherichia coli strain 1084158 SAMN17799185-rid11472113.denovo.010, whole genome shotgun sequence"	27023..28057	"  Outer membrane lipoprotein, YHD fimbriael cluster"	CP042934
GCA_017125235.1	virulence_ecoli	yehB	98.71	2481 / 2481	"AAZCTM010000010.1 Escherichia coli strain 1084158 SAMN17799185-rid11472113.denovo.010, whole genome shotgun sequence"	24527..27007	" Usher, YHD fimbriael cluster"	CP042934
GCA_017125235.1	virulence_ecoli	yehC	97.63	675 / 675	"AAZCTM010000010.1 Escherichia coli strain 1084158 SAMN17799185-rid11472113.denovo.010, whole genome shotgun sequence"	23837..24511	" Chaperone, YHD fimbriael cluster"	CP042934
GCA_017125235.1	virulence_ecoli	yehD	98.71	543 / 543	"AAZCTM010000010.1 Escherichia coli strain 1084158 SAMN17799185-rid11472113.denovo.010, whole genome shotgun sequence"	23215..23757	" Major pilin subunit, YHD fimbriael cluster"	CP042934
GCA_017125235.1	stx	stx2	99.6	1242 / 1242	"AAZCTM010000063.1 Escherichia coli strain 1084158 SAMN17799185-rid11472113.denovo.064, whole genome shotgun sequence"	1073..2314	"O9 CB10366, variant i"	FN252457
GCA_017125235.1	stx	stx2	99.6	1242 / 1242	"AAZCTM010000176.1 Escherichia coli strain 1084158 SAMN17799185-rid11472113.guided.106, whole genome shotgun sequence"	2490..3731	"O9 CB10366, variant i"	FN252457
GCA_017125255.1	virulence_ecoli	AslA	94.09	1657 / 1656	"AAZCTN010000014.1 Escherichia coli strain 1084157 SAMN17799155-rid11472103.denovo.014, whole genome shotgun sequence"	57673..59328		CP054236
GCA_017125255.1	virulence_ecoli	cba	99.93	1536 / 1536	"AAZCTN010000019.1 Escherichia coli strain 1084157 SAMN17799155-rid11472103.denovo.019, whole genome shotgun sequence"	53908..55443	  Colicin B	FJ664743
GCA_017125255.1	virulence_ecoli	cia	100	147 / 147	"AAZCTN010000019.1 Escherichia coli strain 1084157 SAMN17799155-rid11472103.denovo.019, whole genome shotgun sequence"	62872..63018	  Colicin ia	QMGM01000002
GCA_017125255.1	virulence_ecoli	cma	99.75	816 / 816	"AAZCTN010000019.1 Escherichia coli strain 1084157 SAMN17799155-rid11472103.denovo.019, whole genome shotgun sequence"	56232..57047	  Colicin M activity	FJ664724
GCA_017125255.1	virulence_ecoli	csgA	100	456 / 456	"AAZCTN010000001.1 Escherichia coli strain 1084157 SAMN17799155-rid11472103.denovo.001, whole genome shotgun sequence"	132090..132545	 curlin major subunit CsgA	CP069646
GCA_017125255.1	virulence_ecoli	eltIIAB-a	98.33	1141 / 1141	"AAZCTN010000053.1 Escherichia coli strain 1084157 SAMN17799155-rid11472103.denovo.053, whole genome shotgun sequence"	22255..23395	   Heat-labile enterotoxin LTII-a	JQ031711
GCA_017125255.1	virulence_ecoli	fdeC	92.86	4258 / 4254	"AAZCTN010000022.1 Escherichia coli strain 1084157 SAMN17799155-rid11472103.denovo.022, whole genome shotgun sequence"	23616..27866	 intimin-like adhesin FdeC	AP010953
GCA_017125255.1	virulence_ecoli	fimH	100	489 / 489	"AAZCTN010000047.1 Escherichia coli strain 1084157 SAMN17799155-rid11472103.denovo.047, whole genome shotgun sequence"	22440..22928	   Type 1 fimbriae	NA
GCA_017125255.1	virulence_ecoli	hlyE	97.82	919 / 918	"AAZCTN010000001.1 Escherichia coli strain 1084157 SAMN17799155-rid11472103.denovo.001, whole genome shotgun sequence"	21786..22692	  Avian E. coli haemolysin	ECU57430
GCA_017125255.1	virulence_ecoli	iss	99.66	294 / 294	"AAZCTN010000064.1 Escherichia coli strain 1084157 SAMN17799155-rid11472103.denovo.064, whole genome shotgun sequence"	5076..5369	  Increased serum survival	CP001846
GCA_017125255.1	virulence_ecoli	mchB	99.66	294 / 294	"AAZCTN010000035.1 Escherichia coli strain 1084157 SAMN17799155-rid11472103.denovo.035, whole genome shotgun sequence"	33620..33913	  Microcin H47 part of colicin H	AJ009631
GCA_017125255.1	virulence_ecoli	mchC	99.94	1551 / 1551	"AAZCTN010000035.1 Escherichia coli strain 1084157 SAMN17799155-rid11472103.denovo.035, whole genome shotgun sequence"	31798..33348	  MchC protein	FN554766
GCA_017125255.1	virulence_ecoli	mchF	99.76	2097 / 2097	"AAZCTN010000035.1 Escherichia coli strain 1084157 SAMN17799155-rid11472103.denovo.035, whole genome shotgun sequence"	27804..29900	  ABC transporter protein MchF	FN554766
GCA_017125255.1	virulence_ecoli	mcmA	100	279 / 279	"AAZCTN010000035.1 Escherichia coli strain 1084157 SAMN17799155-rid11472103.denovo.035, whole genome shotgun sequence"	27272..27550	  Microcin M part of colicin H	AJ515251
GCA_017125255.1	virulence_ecoli	nlpI	99.77	885 / 885	"AAZCTN010000003.1 Escherichia coli strain 1084157 SAMN17799155-rid11472103.denovo.003, whole genome shotgun sequence"	123275..124159	  lipoprotein NlpI precursor	CP000243
GCA_017125255.1	virulence_ecoli	stx2i-O9-CB10366	99.6	1242 / 1242	"AAZCTN010000060.1 Escherichia coli strain 1084157 SAMN17799155-rid11472103.denovo.060, whole genome shotgun sequence"	1833..3074	   stx2i-O9-CB10366	FN252457
GCA_017125255.1	virulence_ecoli	stx2i-O9-CB10366	99.6	1242 / 1242	"AAZCTN010000176.1 Escherichia coli strain 1084157 SAMN17799155-rid11472103.guided.102, whole genome shotgun sequence"	2490..3731	   stx2i-O9-CB10366	FN252457
GCA_017125255.1	virulence_ecoli	terC	100	714 / 714	"AAZCTN010000013.1 Escherichia coli strain 1084157 SAMN17799155-rid11472103.denovo.013, whole genome shotgun sequence"	69870..70583	  Tellurium ion resistance protein	CP007491
GCA_017125255.1	virulence_ecoli	terC	99.9	959 / 966	"AAZCTN010000003.1 Escherichia coli strain 1084157 SAMN17799155-rid11472103.denovo.003, whole genome shotgun sequence"	51294..52252	  Tellurium ion resistance protein	MG591698
GCA_017125255.1	virulence_ecoli	terC	100	1041 / 1041	"AAZCTN010000077.1 Escherichia coli strain 1084157 SAMN17799155-rid11472103.denovo.079, whole genome shotgun sequence"	2874..3914	  Tellurium ion resistance protein	UINX01000003
GCA_017125255.1	virulence_ecoli	tia	99.73	738 / 738	"AAZCTN010000081.1 Escherichia coli strain 1084157 SAMN17799155-rid11472103.denovo.083, whole genome shotgun sequence"	2599..3336	 Tia Invasion determinant	CP015995
GCA_017125255.1	virulence_ecoli	traJ	98.69	687 / 687	"AAZCTN010000019.1 Escherichia coli strain 1084157 SAMN17799155-rid11472103.denovo.019, whole genome shotgun sequence"	32509..33195	  Protein TraJ (Positive regulator of conjugal transfer operon)	CP007150
GCA_017125255.1	virulence_ecoli	traT	100	732 / 732	"AAZCTN010000019.1 Escherichia coli strain 1084157 SAMN17799155-rid11472103.denovo.019, whole genome shotgun sequence"	10958..11689	  Outer membrane protein complement resistance	CP009167
GCA_017125255.1	virulence_ecoli	yehA	98.26	1035 / 1035	"AAZCTN010000006.1 Escherichia coli strain 1084157 SAMN17799155-rid11472103.denovo.006, whole genome shotgun sequence"	26900..27934	"  Outer membrane lipoprotein, YHD fimbriael cluster"	CP042934
GCA_017125255.1	virulence_ecoli	yehB	98.71	2481 / 2481	"AAZCTN010000006.1 Escherichia coli strain 1084157 SAMN17799155-rid11472103.denovo.006, whole genome shotgun sequence"	24404..26884	" Usher, YHD fimbriael cluster"	CP042934
GCA_017125255.1	virulence_ecoli	yehC	97.63	675 / 675	"AAZCTN010000006.1 Escherichia coli strain 1084157 SAMN17799155-rid11472103.denovo.006, whole genome shotgun sequence"	23714..24388	" Chaperone, YHD fimbriael cluster"	CP042934
GCA_017125255.1	virulence_ecoli	yehD	98.71	543 / 543	"AAZCTN010000006.1 Escherichia coli strain 1084157 SAMN17799155-rid11472103.denovo.006, whole genome shotgun sequence"	23092..23634	" Major pilin subunit, YHD fimbriael cluster"	CP042934
GCA_017125255.1	stx	stx2	99.6	1242 / 1242	"AAZCTN010000060.1 Escherichia coli strain 1084157 SAMN17799155-rid11472103.denovo.060, whole genome shotgun sequence"	1833..3074	"O9 CB10366, variant i"	FN252457
GCA_017125255.1	stx	stx2	99.6	1242 / 1242	"AAZCTN010000176.1 Escherichia coli strain 1084157 SAMN17799155-rid11472103.guided.102, whole genome shotgun sequence"	2490..3731	"O9 CB10366, variant i"	FN252457
GCA_018927075.1	virulence_ecoli	AslA	94.09	1657 / 1656	"ABAWJK010000013.1 Escherichia coli strain 1203565 SAMN19680875-rid12469733.denovo.013, whole genome shotgun sequence"	57567..59222		CP054236
GCA_018927075.1	virulence_ecoli	cba	99.93	1536 / 1536	"ABAWJK010000074.1 Escherichia coli strain 1203565 SAMN19680875-rid12469733.denovo.076, whole genome shotgun sequence"	5120..6655	  Colicin B	FJ664743
GCA_018927075.1	virulence_ecoli	cia	100	147 / 147	"ABAWJK010000074.1 Escherichia coli strain 1203565 SAMN19680875-rid12469733.denovo.076, whole genome shotgun sequence"	14084..14230	  Colicin ia	QMGM01000002
GCA_018927075.1	virulence_ecoli	cma	99.75	816 / 816	"ABAWJK010000074.1 Escherichia coli strain 1203565 SAMN19680875-rid12469733.denovo.076, whole genome shotgun sequence"	7444..8259	  Colicin M activity	FJ664724
GCA_018927075.1	virulence_ecoli	csgA	100	456 / 456	"ABAWJK010000003.1 Escherichia coli strain 1203565 SAMN19680875-rid12469733.denovo.003, whole genome shotgun sequence"	148996..149451	 curlin major subunit CsgA	CP069646
GCA_018927075.1	virulence_ecoli	eltIIAB-a	98.33	1141 / 1141	"ABAWJK010000060.1 Escherichia coli strain 1203565 SAMN19680875-rid12469733.denovo.060, whole genome shotgun sequence"	22192..23332	   Heat-labile enterotoxin LTII-a	JQ031711
GCA_018927075.1	virulence_ecoli	fdeC	92.86	4258 / 4254	"ABAWJK010000058.1 Escherichia coli strain 1203565 SAMN19680875-rid12469733.denovo.058, whole genome shotgun sequence"	23616..27866	 intimin-like adhesin FdeC	AP010953
GCA_018927075.1	virulence_ecoli	fimH	100	489 / 489	"ABAWJK010000053.1 Escherichia coli strain 1203565 SAMN19680875-rid12469733.denovo.053, whole genome shotgun sequence"	22438..22926	   Type 1 fimbriae	NA
GCA_018927075.1	virulence_ecoli	hlyE	97.82	919 / 918	"ABAWJK010000003.1 Escherichia coli strain 1203565 SAMN19680875-rid12469733.denovo.003, whole genome shotgun sequence"	38692..39598	  Avian E. coli haemolysin	ECU57430
GCA_018927075.1	virulence_ecoli	iss	99.66	294 / 294	"ABAWJK010000055.1 Escherichia coli strain 1203565 SAMN19680875-rid12469733.denovo.055, whole genome shotgun sequence"	14509..14802	  Increased serum survival	CP001846
GCA_018927075.1	virulence_ecoli	mchB	99.66	294 / 294	"ABAWJK010000027.1 Escherichia coli strain 1203565 SAMN19680875-rid12469733.denovo.027, whole genome shotgun sequence"	51513..51806	  Microcin H47 part of colicin H	AJ009631
GCA_018927075.1	virulence_ecoli	mchC	99.94	1551 / 1551	"ABAWJK010000027.1 Escherichia coli strain 1203565 SAMN19680875-rid12469733.denovo.027, whole genome shotgun sequence"	49691..51241	  MchC protein	FN554766
GCA_018927075.1	virulence_ecoli	mchF	99.76	2097 / 2097	"ABAWJK010000027.1 Escherichia coli strain 1203565 SAMN19680875-rid12469733.denovo.027, whole genome shotgun sequence"	45697..47793	  ABC transporter protein MchF	FN554766
GCA_018927075.1	virulence_ecoli	mcmA	100	279 / 279	"ABAWJK010000027.1 Escherichia coli strain 1203565 SAMN19680875-rid12469733.denovo.027, whole genome shotgun sequence"	45165..45443	  Microcin M part of colicin H	AJ515251
GCA_018927075.1	virulence_ecoli	nlpI	99.77	885 / 885	"ABAWJK010000002.1 Escherichia coli strain 1203565 SAMN19680875-rid12469733.denovo.002, whole genome shotgun sequence"	83892..84776	  lipoprotein NlpI precursor	CP000243
GCA_018927075.1	virulence_ecoli	stx2i-O9-CB10366	99.52	1242 / 1242	"ABAWJK010000063.1 Escherichia coli strain 1203565 SAMN19680875-rid12469733.denovo.063, whole genome shotgun sequence"	5339..6580	   stx2i-O9-CB10366	FN252457
GCA_018927075.1	virulence_ecoli	stx2i-O9-CB10366	99.52	1242 / 1242	"ABAWJK010000160.1 Escherichia coli strain 1203565 SAMN19680875-rid12469733.guided.107, whole genome shotgun sequence"	2490..3731	   stx2i-O9-CB10366	FN252457
GCA_018927075.1	virulence_ecoli	terC	100	714 / 714	"ABAWJK010000001.1 Escherichia coli strain 1203565 SAMN19680875-rid12469733.denovo.001, whole genome shotgun sequence"	69870..70583	  Tellurium ion resistance protein	CP007491
GCA_018927075.1	virulence_ecoli	terC	99.9	959 / 966	"ABAWJK010000002.1 Escherichia coli strain 1203565 SAMN19680875-rid12469733.denovo.002, whole genome shotgun sequence"	11911..12869	  Tellurium ion resistance protein	MG591698
GCA_018927075.1	virulence_ecoli	terC	100	1041 / 1041	"ABAWJK010000081.1 Escherichia coli strain 1203565 SAMN19680875-rid12469733.denovo.083, whole genome shotgun sequence"	2873..3913	  Tellurium ion resistance protein	UINX01000003
GCA_018927075.1	virulence_ecoli	tia	99.73	738 / 738	"ABAWJK010000087.1 Escherichia coli strain 1203565 SAMN19680875-rid12469733.denovo.089, whole genome shotgun sequence"	2444..3181	 Tia Invasion determinant	CP015995
GCA_018927075.1	virulence_ecoli	traJ	98.69	687 / 687	"ABAWJK010000065.1 Escherichia coli strain 1203565 SAMN19680875-rid12469733.denovo.065, whole genome shotgun sequence"	15860..16546	  Protein TraJ (Positive regulator of conjugal transfer operon)	CP007150
GCA_018927075.1	virulence_ecoli	traT	100	732 / 732	"ABAWJK010000098.1 Escherichia coli strain 1203565 SAMN19680875-rid12469733.denovo.100, whole genome shotgun sequence"	2109..2840	  Outer membrane protein complement resistance	CP009167
GCA_018927075.1	virulence_ecoli	yehA	98.26	1035 / 1035	"ABAWJK010000010.1 Escherichia coli strain 1203565 SAMN19680875-rid12469733.denovo.010, whole genome shotgun sequence"	27023..28057	"  Outer membrane lipoprotein, YHD fimbriael cluster"	CP042934
GCA_018927075.1	virulence_ecoli	yehB	98.71	2481 / 2481	"ABAWJK010000010.1 Escherichia coli strain 1203565 SAMN19680875-rid12469733.denovo.010, whole genome shotgun sequence"	24527..27007	" Usher, YHD fimbriael cluster"	CP042934
GCA_018927075.1	virulence_ecoli	yehC	97.63	675 / 675	"ABAWJK010000010.1 Escherichia coli strain 1203565 SAMN19680875-rid12469733.denovo.010, whole genome shotgun sequence"	23837..24511	" Chaperone, YHD fimbriael cluster"	CP042934
GCA_018927075.1	virulence_ecoli	yehD	98.71	543 / 543	"ABAWJK010000010.1 Escherichia coli strain 1203565 SAMN19680875-rid12469733.denovo.010, whole genome shotgun sequence"	23215..23757	" Major pilin subunit, YHD fimbriael cluster"	CP042934
GCA_018927075.1	stx	stx2	99.52	1242 / 1242	"ABAWJK010000063.1 Escherichia coli strain 1203565 SAMN19680875-rid12469733.denovo.063, whole genome shotgun sequence"	5339..6580	"O9 CB10366, variant i"	FN252457
GCA_018927075.1	stx	stx2	99.52	1242 / 1242	"ABAWJK010000160.1 Escherichia coli strain 1203565 SAMN19680875-rid12469733.guided.107, whole genome shotgun sequence"	2490..3731	"O9 CB10366, variant i"	FN252457
GCA_019436045.1	virulence_ecoli	AslA	94.09	1657 / 1656	"ABBOPB010000071.1 Escherichia coli strain 1289784 SAMN20516166-rid12774983.denovo.072, whole genome shotgun sequence"	1659..3314		CP054236
GCA_019436045.1	virulence_ecoli	cba	99.93	1536 / 1536	"ABBOPB010000038.1 Escherichia coli strain 1289784 SAMN20516166-rid12774983.denovo.039, whole genome shotgun sequence"	11947..13482	  Colicin B	FJ664743
GCA_019436045.1	virulence_ecoli	cia	100	147 / 147	"ABBOPB010000038.1 Escherichia coli strain 1289784 SAMN20516166-rid12774983.denovo.039, whole genome shotgun sequence"	20911..21057	  Colicin ia	QMGM01000002
GCA_019436045.1	virulence_ecoli	cma	99.75	816 / 816	"ABBOPB010000038.1 Escherichia coli strain 1289784 SAMN20516166-rid12774983.denovo.039, whole genome shotgun sequence"	14271..15086	  Colicin M activity	FJ664724
GCA_019436045.1	virulence_ecoli	csgA	100	456 / 456	"ABBOPB010000001.1 Escherichia coli strain 1289784 SAMN20516166-rid12774983.denovo.001, whole genome shotgun sequence"	148996..149451	 curlin major subunit CsgA	CP069646
GCA_019436045.1	virulence_ecoli	eltIIAB-a	98.33	1141 / 1141	"ABBOPB010000057.1 Escherichia coli strain 1289784 SAMN20516166-rid12774983.denovo.058, whole genome shotgun sequence"	22133..23273	   Heat-labile enterotoxin LTII-a	JQ031711
GCA_019436045.1	virulence_ecoli	fdeC	92.86	4258 / 4254	"ABBOPB010000018.1 Escherichia coli strain 1289784 SAMN20516166-rid12774983.denovo.018, whole genome shotgun sequence"	23616..27866	 intimin-like adhesin FdeC	AP010953
GCA_019436045.1	virulence_ecoli	fdeC	92.86	4258 / 4254	"ABBOPB010000166.1 Escherichia coli strain 1289784 SAMN20516166-rid12774983.guided.019, whole genome shotgun sequence"	45354..49604	 intimin-like adhesin FdeC	AP010953
GCA_019436045.1	virulence_ecoli	fimH	100	489 / 489	"ABBOPB010000049.1 Escherichia coli strain 1289784 SAMN20516166-rid12774983.denovo.050, whole genome shotgun sequence"	22440..22928	   Type 1 fimbriae	NA
GCA_019436045.1	virulence_ecoli	gad	100	1137 / 1401	"ABBOPB010000034.1 Escherichia coli strain 1289784 SAMN20516166-rid12774983.denovo.035, whole genome shotgun sequence"	1..1137	  Glutamate decarboxylase	AP010953
GCA_019436045.1	virulence_ecoli	gad	100	1137 / 1401	"ABBOPB010000034.1 Escherichia coli strain 1289784 SAMN20516166-rid12774983.denovo.035, whole genome shotgun sequence"	1..1137	  Glutamate decarboxylase	U00096
GCA_019436045.1	virulence_ecoli	hlyE	97.82	919 / 918	"ABBOPB010000001.1 Escherichia coli strain 1289784 SAMN20516166-rid12774983.denovo.001, whole genome shotgun sequence"	38692..39598	  Avian E. coli haemolysin	ECU57430
GCA_019436045.1	virulence_ecoli	iss	99.66	294 / 294	"ABBOPB010000052.1 Escherichia coli strain 1289784 SAMN20516166-rid12774983.denovo.053, whole genome shotgun sequence"	14511..14804	  Increased serum survival	CP001846
GCA_019436045.1	virulence_ecoli	mchB	99.66	294 / 294	"ABBOPB010000027.1 Escherichia coli strain 1289784 SAMN20516166-rid12774983.denovo.028, whole genome shotgun sequence"	43395..43688	  Microcin H47 part of colicin H	AJ009631
GCA_019436045.1	virulence_ecoli	mchC	99.94	1551 / 1551	"ABBOPB010000027.1 Escherichia coli strain 1289784 SAMN20516166-rid12774983.denovo.028, whole genome shotgun sequence"	41573..43123	  MchC protein	FN554766
GCA_019436045.1	virulence_ecoli	mchF	99.76	2097 / 2097	"ABBOPB010000027.1 Escherichia coli strain 1289784 SAMN20516166-rid12774983.denovo.028, whole genome shotgun sequence"	37579..39675	  ABC transporter protein MchF	FN554766
GCA_019436045.1	virulence_ecoli	mcmA	100	279 / 279	"ABBOPB010000027.1 Escherichia coli strain 1289784 SAMN20516166-rid12774983.denovo.028, whole genome shotgun sequence"	37047..37325	  Microcin M part of colicin H	AJ515251
GCA_019436045.1	virulence_ecoli	nlpI	99.77	885 / 885	"ABBOPB010000007.1 Escherichia coli strain 1289784 SAMN20516166-rid12774983.denovo.007, whole genome shotgun sequence"	56537..57421	  lipoprotein NlpI precursor	CP000243
GCA_019436045.1	virulence_ecoli	stx2i-O9-CB10366	99.6	1242 / 1242	"ABBOPB010000026.1 Escherichia coli strain 1289784 SAMN20516166-rid12774983.denovo.027, whole genome shotgun sequence"	1073..2314	   stx2i-O9-CB10366	FN252457
GCA_019436045.1	virulence_ecoli	stx2i-O9-CB10366	99.6	1242 / 1242	"ABBOPB010000168.1 Escherichia coli strain 1289784 SAMN20516166-rid12774983.guided.108, whole genome shotgun sequence"	2490..3731	   stx2i-O9-CB10366	FN252457
GCA_019436045.1	virulence_ecoli	terC	100	714 / 714	"ABBOPB010000003.1 Escherichia coli strain 1289784 SAMN20516166-rid12774983.denovo.003, whole genome shotgun sequence"	69870..70583	  Tellurium ion resistance protein	CP007491
GCA_019436045.1	virulence_ecoli	terC	99.9	959 / 966	"ABBOPB010000023.1 Escherichia coli strain 1289784 SAMN20516166-rid12774983.denovo.024, whole genome shotgun sequence"	14443..15401	  Tellurium ion resistance protein	MG591698
GCA_019436045.1	virulence_ecoli	terC	100	1041 / 1041	"ABBOPB010000081.1 Escherichia coli strain 1289784 SAMN20516166-rid12774983.denovo.083, whole genome shotgun sequence"	2874..3914	  Tellurium ion resistance protein	UINX01000003
GCA_019436045.1	virulence_ecoli	tia	99.73	738 / 738	"ABBOPB010000085.1 Escherichia coli strain 1289784 SAMN20516166-rid12774983.denovo.087, whole genome shotgun sequence"	2435..3172	 Tia Invasion determinant	CP015995
GCA_019436045.1	virulence_ecoli	traJ	98.69	687 / 687	"ABBOPB010000035.1 Escherichia coli strain 1289784 SAMN20516166-rid12774983.denovo.036, whole genome shotgun sequence"	32510..33196	  Protein TraJ (Positive regulator of conjugal transfer operon)	CP007150
GCA_019436045.1	virulence_ecoli	traT	100	732 / 732	"ABBOPB010000035.1 Escherichia coli strain 1289784 SAMN20516166-rid12774983.denovo.036, whole genome shotgun sequence"	10959..11690	  Outer membrane protein complement resistance	CP009167
GCA_019436045.1	virulence_ecoli	yehA	98.26	1035 / 1035	"ABBOPB010000010.1 Escherichia coli strain 1289784 SAMN20516166-rid12774983.denovo.010, whole genome shotgun sequence"	27023..28057	"  Outer membrane lipoprotein, YHD fimbriael cluster"	CP042934
GCA_019436045.1	virulence_ecoli	yehB	98.71	2481 / 2481	"ABBOPB010000010.1 Escherichia coli strain 1289784 SAMN20516166-rid12774983.denovo.010, whole genome shotgun sequence"	24527..27007	" Usher, YHD fimbriael cluster"	CP042934
GCA_019436045.1	virulence_ecoli	yehC	97.63	675 / 675	"ABBOPB010000010.1 Escherichia coli strain 1289784 SAMN20516166-rid12774983.denovo.010, whole genome shotgun sequence"	23837..24511	" Chaperone, YHD fimbriael cluster"	CP042934
GCA_019436045.1	virulence_ecoli	yehD	98.71	543 / 543	"ABBOPB010000010.1 Escherichia coli strain 1289784 SAMN20516166-rid12774983.denovo.010, whole genome shotgun sequence"	23215..23757	" Major pilin subunit, YHD fimbriael cluster"	CP042934
GCA_019436045.1	stx	stx2	99.6	1242 / 1242	"ABBOPB010000026.1 Escherichia coli strain 1289784 SAMN20516166-rid12774983.denovo.027, whole genome shotgun sequence"	1073..2314	"O9 CB10366, variant i"	FN252457
GCA_019436045.1	stx	stx2	99.6	1242 / 1242	"ABBOPB010000168.1 Escherichia coli strain 1289784 SAMN20516166-rid12774983.guided.108, whole genome shotgun sequence"	2490..3731	"O9 CB10366, variant i"	FN252457
GCA_020370835.1	virulence_ecoli	AslA	94.09	1657 / 1656	"ABDBUA010000074.1 Escherichia coli strain 293071 SAMN06006283-rid9150063.denovo.075, whole genome shotgun sequence"	1659..3314		CP054236
GCA_020370835.1	virulence_ecoli	cba	99.93	1536 / 1536	"ABDBUA010000019.1 Escherichia coli strain 293071 SAMN06006283-rid9150063.denovo.019, whole genome shotgun sequence"	53891..55426	  Colicin B	FJ664743
GCA_020370835.1	virulence_ecoli	cia	100	147 / 147	"ABDBUA010000019.1 Escherichia coli strain 293071 SAMN06006283-rid9150063.denovo.019, whole genome shotgun sequence"	62855..63001	  Colicin ia	QMGM01000002
GCA_020370835.1	virulence_ecoli	cma	99.75	816 / 816	"ABDBUA010000019.1 Escherichia coli strain 293071 SAMN06006283-rid9150063.denovo.019, whole genome shotgun sequence"	56215..57030	  Colicin M activity	FJ664724
GCA_020370835.1	virulence_ecoli	csgA	100	456 / 456	"ABDBUA010000001.1 Escherichia coli strain 293071 SAMN06006283-rid9150063.denovo.001, whole genome shotgun sequence"	148997..149452	 curlin major subunit CsgA	CP069646
GCA_020370835.1	virulence_ecoli	eltIIAB-a	98.33	1141 / 1141	"ABDBUA010000059.1 Escherichia coli strain 293071 SAMN06006283-rid9150063.denovo.059, whole genome shotgun sequence"	22549..23689	   Heat-labile enterotoxin LTII-a	JQ031711
GCA_020370835.1	virulence_ecoli	fdeC	92.86	4258 / 4254	"ABDBUA010000024.1 Escherichia coli strain 293071 SAMN06006283-rid9150063.denovo.024, whole genome shotgun sequence"	23616..27866	 intimin-like adhesin FdeC	AP010953
GCA_020370835.1	virulence_ecoli	fimH	100	489 / 489	"ABDBUA010000054.1 Escherichia coli strain 293071 SAMN06006283-rid9150063.denovo.054, whole genome shotgun sequence"	22439..22927	   Type 1 fimbriae	NA
GCA_020370835.1	virulence_ecoli	gad	100	1355 / 1401	"ABDBUA010000023.1 Escherichia coli strain 293071 SAMN06006283-rid9150063.denovo.023, whole genome shotgun sequence"	1..1355	  Glutamate decarboxylase	AP010953
GCA_020370835.1	virulence_ecoli	hlyE	97.82	919 / 918	"ABDBUA010000001.1 Escherichia coli strain 293071 SAMN06006283-rid9150063.denovo.001, whole genome shotgun sequence"	38692..39598	  Avian E. coli haemolysin	ECU57430
GCA_020370835.1	virulence_ecoli	iss	99.66	294 / 294	"ABDBUA010000058.1 Escherichia coli strain 293071 SAMN06006283-rid9150063.denovo.058, whole genome shotgun sequence"	14509..14802	  Increased serum survival	CP001846
GCA_020370835.1	virulence_ecoli	mchB	99.66	294 / 294	"ABDBUA010000028.1 Escherichia coli strain 293071 SAMN06006283-rid9150063.denovo.028, whole genome shotgun sequence"	51511..51804	  Microcin H47 part of colicin H	AJ009631
GCA_020370835.1	virulence_ecoli	mchC	99.94	1551 / 1551	"ABDBUA010000028.1 Escherichia coli strain 293071 SAMN06006283-rid9150063.denovo.028, whole genome shotgun sequence"	49689..51239	  MchC protein	FN554766
GCA_020370835.1	virulence_ecoli	mchF	99.76	2097 / 2097	"ABDBUA010000028.1 Escherichia coli strain 293071 SAMN06006283-rid9150063.denovo.028, whole genome shotgun sequence"	45695..47791	  ABC transporter protein MchF	FN554766
GCA_020370835.1	virulence_ecoli	mcmA	100	279 / 279	"ABDBUA010000028.1 Escherichia coli strain 293071 SAMN06006283-rid9150063.denovo.028, whole genome shotgun sequence"	45163..45441	  Microcin M part of colicin H	AJ515251
GCA_020370835.1	virulence_ecoli	nlpI	99.77	885 / 885	"ABDBUA010000002.1 Escherichia coli strain 293071 SAMN06006283-rid9150063.denovo.002, whole genome shotgun sequence"	123275..124159	  lipoprotein NlpI precursor	CP000243
GCA_020370835.1	virulence_ecoli	stx2i-O9-CB10366	99.6	1242 / 1242	"ABDBUA010000031.1 Escherichia coli strain 293071 SAMN06006283-rid9150063.denovo.031, whole genome shotgun sequence"	1126..2367	   stx2i-O9-CB10366	FN252457
GCA_020370835.1	virulence_ecoli	stx2i-O9-CB10366	99.6	1242 / 1242	"ABDBUA010000173.1 Escherichia coli strain 293071 SAMN06006283-rid9150063.guided.119, whole genome shotgun sequence"	406..1647	   stx2i-O9-CB10366	FN252457
GCA_020370835.1	virulence_ecoli	terC	100	714 / 714	"ABDBUA010000037.1 Escherichia coli strain 293071 SAMN06006283-rid9150063.denovo.037, whole genome shotgun sequence"	22734..23447	  Tellurium ion resistance protein	CP007491
GCA_020370835.1	virulence_ecoli	terC	99.9	959 / 966	"ABDBUA010000002.1 Escherichia coli strain 293071 SAMN06006283-rid9150063.denovo.002, whole genome shotgun sequence"	51294..52252	  Tellurium ion resistance protein	MG591698
GCA_020370835.1	virulence_ecoli	terC	100	1041 / 1041	"ABDBUA010000084.1 Escherichia coli strain 293071 SAMN06006283-rid9150063.denovo.085, whole genome shotgun sequence"	2827..3867	  Tellurium ion resistance protein	UINX01000003
GCA_020370835.1	virulence_ecoli	tia	99.73	738 / 738	"ABDBUA010000088.1 Escherichia coli strain 293071 SAMN06006283-rid9150063.denovo.089, whole genome shotgun sequence"	2500..3237	 Tia Invasion determinant	CP015995
GCA_020370835.1	virulence_ecoli	traJ	98.69	687 / 687	"ABDBUA010000019.1 Escherichia coli strain 293071 SAMN06006283-rid9150063.denovo.019, whole genome shotgun sequence"	32492..33178	  Protein TraJ (Positive regulator of conjugal transfer operon)	CP007150
GCA_020370835.1	virulence_ecoli	traT	100	732 / 732	"ABDBUA010000019.1 Escherichia coli strain 293071 SAMN06006283-rid9150063.denovo.019, whole genome shotgun sequence"	10941..11672	  Outer membrane protein complement resistance	CP009167
GCA_020370835.1	virulence_ecoli	yehA	98.16	1035 / 1035	"ABDBUA010000008.1 Escherichia coli strain 293071 SAMN06006283-rid9150063.denovo.008, whole genome shotgun sequence"	27023..28057	"  Outer membrane lipoprotein, YHD fimbriael cluster"	CP042934
GCA_020370835.1	virulence_ecoli	yehB	98.71	2481 / 2481	"ABDBUA010000008.1 Escherichia coli strain 293071 SAMN06006283-rid9150063.denovo.008, whole genome shotgun sequence"	24527..27007	" Usher, YHD fimbriael cluster"	CP042934
GCA_020370835.1	virulence_ecoli	yehC	97.63	675 / 675	"ABDBUA010000008.1 Escherichia coli strain 293071 SAMN06006283-rid9150063.denovo.008, whole genome shotgun sequence"	23837..24511	" Chaperone, YHD fimbriael cluster"	CP042934
GCA_020370835.1	virulence_ecoli	yehD	98.71	543 / 543	"ABDBUA010000008.1 Escherichia coli strain 293071 SAMN06006283-rid9150063.denovo.008, whole genome shotgun sequence"	23215..23757	" Major pilin subunit, YHD fimbriael cluster"	CP042934
GCA_020370835.1	stx	stx2	99.6	1242 / 1242	"ABDBUA010000031.1 Escherichia coli strain 293071 SAMN06006283-rid9150063.denovo.031, whole genome shotgun sequence"	1126..2367	"O9 CB10366, variant i"	FN252457
GCA_020370835.1	stx	stx2	99.6	1242 / 1242	"ABDBUA010000173.1 Escherichia coli strain 293071 SAMN06006283-rid9150063.guided.119, whole genome shotgun sequence"	406..1647	"O9 CB10366, variant i"	FN252457
GCA_021078905.1	virulence_ecoli	AslA	94.09	1657 / 1656	"JAHVOG010000031.1 Escherichia coli strain 24_B_17_2_4 NODE_31_length_51512_cov_11.054121, whole genome shotgun sequence"	34969..36624		CP054236
GCA_021078905.1	virulence_ecoli	cba	99.93	1536 / 1536	"JAHVOG010000019.1 Escherichia coli strain 24_B_17_2_4 NODE_19_length_83071_cov_15.500241, whole genome shotgun sequence"	27485..29020	  Colicin B	FJ664743
GCA_021078905.1	virulence_ecoli	cia	100	147 / 147	"JAHVOG010000019.1 Escherichia coli strain 24_B_17_2_4 NODE_19_length_83071_cov_15.500241, whole genome shotgun sequence"	19910..20056	  Colicin ia	QMGM01000002
GCA_021078905.1	virulence_ecoli	cma	99.75	816 / 816	"JAHVOG010000019.1 Escherichia coli strain 24_B_17_2_4 NODE_19_length_83071_cov_15.500241, whole genome shotgun sequence"	25881..26696	  Colicin M activity	FJ664724
GCA_021078905.1	virulence_ecoli	csgA	100	456 / 456	"JAHVOG010000001.1 Escherichia coli strain 24_B_17_2_4 NODE_1_length_356300_cov_7.857142, whole genome shotgun sequence"	166369..166824	 curlin major subunit CsgA	CP069646
GCA_021078905.1	virulence_ecoli	eltIIAB-a	98.33	1141 / 1141	"JAHVOG010000053.1 Escherichia coli strain 24_B_17_2_4 NODE_53_length_28461_cov_7.766006, whole genome shotgun sequence"	22261..23401	   Heat-labile enterotoxin LTII-a	JQ031711
GCA_021078905.1	virulence_ecoli	fdeC	92.86	4258 / 4254	"JAHVOG010000011.1 Escherichia coli strain 24_B_17_2_4 NODE_11_length_124824_cov_10.020514, whole genome shotgun sequence"	72496..76746	 intimin-like adhesin FdeC	AP010953
GCA_021078905.1	virulence_ecoli	fimH	100	489 / 489	"JAHVOG010000051.1 Escherichia coli strain 24_B_17_2_4 NODE_51_length_29362_cov_10.865367, whole genome shotgun sequence"	22567..23055	   Type 1 fimbriae	NA
GCA_021078905.1	virulence_ecoli	hlyE	97.82	919 / 918	"JAHVOG010000001.1 Escherichia coli strain 24_B_17_2_4 NODE_1_length_356300_cov_7.857142, whole genome shotgun sequence"	56066..56972	  Avian E. coli haemolysin	ECU57430
GCA_021078905.1	virulence_ecoli	iss	99.66	294 / 294	"JAHVOG010000049.1 Escherichia coli strain 24_B_17_2_4 NODE_49_length_29971_cov_8.908792, whole genome shotgun sequence"	14639..14932	  Increased serum survival	CP001846
GCA_021078905.1	virulence_ecoli	mchB	99.66	294 / 294	"JAHVOG010000027.1 Escherichia coli strain 24_B_17_2_4 NODE_27_length_65565_cov_10.234099, whole genome shotgun sequence"	51640..51933	  Microcin H47 part of colicin H	AJ009631
GCA_021078905.1	virulence_ecoli	mchC	99.94	1551 / 1551	"JAHVOG010000027.1 Escherichia coli strain 24_B_17_2_4 NODE_27_length_65565_cov_10.234099, whole genome shotgun sequence"	49818..51368	  MchC protein	FN554766
GCA_021078905.1	virulence_ecoli	mchF	99.76	2097 / 2097	"JAHVOG010000027.1 Escherichia coli strain 24_B_17_2_4 NODE_27_length_65565_cov_10.234099, whole genome shotgun sequence"	45824..47920	  ABC transporter protein MchF	FN554766
GCA_021078905.1	virulence_ecoli	mcmA	100	279 / 279	"JAHVOG010000027.1 Escherichia coli strain 24_B_17_2_4 NODE_27_length_65565_cov_10.234099, whole genome shotgun sequence"	45292..45570	  Microcin M part of colicin H	AJ515251
GCA_021078905.1	virulence_ecoli	nlpI	99.77	885 / 885	"JAHVOG010000004.1 Escherichia coli strain 24_B_17_2_4 NODE_4_length_232407_cov_9.971267, whole genome shotgun sequence"	108118..109002	  lipoprotein NlpI precursor	CP000243
GCA_021078905.1	virulence_ecoli	stx2i-O9-CB10366	99.6	1242 / 1242	"JAHVOG010000030.1 Escherichia coli strain 24_B_17_2_4 NODE_30_length_57518_cov_10.619731, whole genome shotgun sequence"	1201..2442	   stx2i-O9-CB10366	FN252457
GCA_021078905.1	virulence_ecoli	terC	100	714 / 714	"JAHVOG010000003.1 Escherichia coli strain 24_B_17_2_4 NODE_3_length_233452_cov_9.787722, whole genome shotgun sequence"	162632..163345	  Tellurium ion resistance protein	CP007491
GCA_021078905.1	virulence_ecoli	terC	99.9	959 / 966	"JAHVOG010000004.1 Escherichia coli strain 24_B_17_2_4 NODE_4_length_232407_cov_9.971267, whole genome shotgun sequence"	180025..180983	  Tellurium ion resistance protein	MG591698
GCA_021078905.1	virulence_ecoli	terC	100	1041 / 1041	"JAHVOG010000063.1 Escherichia coli strain 24_B_17_2_4 NODE_63_length_14108_cov_11.371004, whole genome shotgun sequence"	10067..11107	  Tellurium ion resistance protein	UINX01000003
GCA_021078905.1	virulence_ecoli	tia	99.73	738 / 738	"JAHVOG010000003.1 Escherichia coli strain 24_B_17_2_4 NODE_3_length_233452_cov_9.787722, whole genome shotgun sequence"	2527..3264	 Tia Invasion determinant	CP015995
GCA_021078905.1	virulence_ecoli	traJ	98.69	687 / 687	"JAHVOG010000019.1 Escherichia coli strain 24_B_17_2_4 NODE_19_length_83071_cov_15.500241, whole genome shotgun sequence"	49739..50425	  Protein TraJ (Positive regulator of conjugal transfer operon)	CP007150
GCA_021078905.1	virulence_ecoli	traT	100	732 / 732	"JAHVOG010000019.1 Escherichia coli strain 24_B_17_2_4 NODE_19_length_83071_cov_15.500241, whole genome shotgun sequence"	71245..71976	  Outer membrane protein complement resistance	CP009167
GCA_021078905.1	virulence_ecoli	yehA	98.26	1035 / 1035	"JAHVOG010000042.1 Escherichia coli strain 24_B_17_2_4 NODE_42_length_37689_cov_8.289681, whole genome shotgun sequence"	9505..10539	"  Outer membrane lipoprotein, YHD fimbriael cluster"	CP042934
GCA_021078905.1	virulence_ecoli	yehB	98.71	2481 / 2481	"JAHVOG010000042.1 Escherichia coli strain 24_B_17_2_4 NODE_42_length_37689_cov_8.289681, whole genome shotgun sequence"	10555..13035	" Usher, YHD fimbriael cluster"	CP042934
GCA_021078905.1	virulence_ecoli	yehC	97.63	675 / 675	"JAHVOG010000042.1 Escherichia coli strain 24_B_17_2_4 NODE_42_length_37689_cov_8.289681, whole genome shotgun sequence"	13051..13725	" Chaperone, YHD fimbriael cluster"	CP042934
GCA_021078905.1	virulence_ecoli	yehD	98.71	543 / 543	"JAHVOG010000042.1 Escherichia coli strain 24_B_17_2_4 NODE_42_length_37689_cov_8.289681, whole genome shotgun sequence"	13805..14347	" Major pilin subunit, YHD fimbriael cluster"	CP042934
GCA_021078905.1	stx	stx2	99.6	1242 / 1242	"JAHVOG010000030.1 Escherichia coli strain 24_B_17_2_4 NODE_30_length_57518_cov_10.619731, whole genome shotgun sequence"	1201..2442	"O9 CB10366, variant i"	FN252457
GCA_021079095.1	virulence_ecoli	AslA	93.7	1269 / 1656	"JAHWLP010000028.1 Escherichia coli strain 6_A_4_1_1 NODE_28_length_36236_cov_4.212219, whole genome shotgun sequence"	1..1268		CP054236
GCA_021079095.1	virulence_ecoli	cba	99.87	1536 / 1536	"JAHWLP010000001.1 Escherichia coli strain 6_A_4_1_1 NODE_1_length_112908_cov_6.138224, whole genome shotgun sequence"	99292..100827	  Colicin B	FJ664743
GCA_021079095.1	virulence_ecoli	cia	100	147 / 147	"JAHWLP010000001.1 Escherichia coli strain 6_A_4_1_1 NODE_1_length_112908_cov_6.138224, whole genome shotgun sequence"	108256..108402	  Colicin ia	QMGM01000002
GCA_021079095.1	virulence_ecoli	cma	99.75	816 / 816	"JAHWLP010000001.1 Escherichia coli strain 6_A_4_1_1 NODE_1_length_112908_cov_6.138224, whole genome shotgun sequence"	101616..102431	  Colicin M activity	FJ664724
GCA_021079095.1	virulence_ecoli	csgA	100	456 / 456	"JAHWLP010000076.1 Escherichia coli strain 6_A_4_1_1 NODE_76_length_22577_cov_4.009488, whole genome shotgun sequence"	18310..18765	 curlin major subunit CsgA	CP069646
GCA_021079095.1	virulence_ecoli	eltIIAB-a	98.33	1141 / 1141	"JAHWLP010000116.1 Escherichia coli strain 6_A_4_1_1 NODE_116_length_16905_cov_3.705686, whole genome shotgun sequence"	11989..13129	   Heat-labile enterotoxin LTII-a	JQ031711
GCA_021079095.1	virulence_ecoli	fdeC	92.49	4037 / 4254	"JAHWLP010000021.1 Escherichia coli strain 6_A_4_1_1 NODE_21_length_40025_cov_4.141686, whole genome shotgun sequence"	1..4030	 intimin-like adhesin FdeC	AP010953
GCA_021079095.1	virulence_ecoli	fimH	100	489 / 489	"JAHWLP010000166.1 Escherichia coli strain 6_A_4_1_1 NODE_166_length_10665_cov_4.806130, whole genome shotgun sequence"	2471..2959	   Type 1 fimbriae	NA
GCA_021079095.1	virulence_ecoli	gad	100	1178 / 1401	"JAHWLP010000088.1 Escherichia coli strain 6_A_4_1_1 NODE_88_length_20339_cov_4.267910, whole genome shotgun sequence"	1..1178	  Glutamate decarboxylase	CP002967
GCA_021079095.1	virulence_ecoli	hlyE	97.82	919 / 918	"JAHWLP010000139.1 Escherichia coli strain 6_A_4_1_1 NODE_139_length_13522_cov_3.744233, whole genome shotgun sequence"	6596..7502	  Avian E. coli haemolysin	ECU57430
GCA_021079095.1	virulence_ecoli	iss	99.66	294 / 294	"JAHWLP010000072.1 Escherichia coli strain 6_A_4_1_1 NODE_72_length_23697_cov_3.973356, whole genome shotgun sequence"	10810..11103	  Increased serum survival	CP001846
GCA_021079095.1	virulence_ecoli	mchB	99.66	294 / 294	"JAHWLP010000074.1 Escherichia coli strain 6_A_4_1_1 NODE_74_length_23144_cov_3.862058, whole genome shotgun sequence"	9219..9512	  Microcin H47 part of colicin H	AJ009631
GCA_021079095.1	virulence_ecoli	mchC	99.94	1551 / 1551	"JAHWLP010000074.1 Escherichia coli strain 6_A_4_1_1 NODE_74_length_23144_cov_3.862058, whole genome shotgun sequence"	7397..8947	  MchC protein	FN554766
GCA_021079095.1	virulence_ecoli	mchF	99.71	2097 / 2097	"JAHWLP010000074.1 Escherichia coli strain 6_A_4_1_1 NODE_74_length_23144_cov_3.862058, whole genome shotgun sequence"	3404..5499	  ABC transporter protein MchF	FN554766
GCA_021079095.1	virulence_ecoli	mcmA	100	279 / 279	"JAHWLP010000074.1 Escherichia coli strain 6_A_4_1_1 NODE_74_length_23144_cov_3.862058, whole genome shotgun sequence"	2872..3150	  Microcin M part of colicin H	AJ515251
GCA_021079095.1	virulence_ecoli	nlpI	99.77	885 / 885	"JAHWLP010000067.1 Escherichia coli strain 6_A_4_1_1 NODE_67_length_24369_cov_3.914652, whole genome shotgun sequence"	7873..8757	  lipoprotein NlpI precursor	CP000243
GCA_021079095.1	virulence_ecoli	stx2i-O9-CB10366	99.6	1242 / 1242	"JAHWLP010000023.1 Escherichia coli strain 6_A_4_1_1 NODE_23_length_39449_cov_4.167616, whole genome shotgun sequence"	33650..34891	   stx2i-O9-CB10366	FN252457
GCA_021079095.1	virulence_ecoli	terC	100	714 / 714	"JAHWLP010000063.1 Escherichia coli strain 6_A_4_1_1 NODE_63_length_25090_cov_4.098305, whole genome shotgun sequence"	9047..9760	  Tellurium ion resistance protein	CP007491
GCA_021079095.1	virulence_ecoli	terC	99.9	959 / 966	"JAHWLP010000009.1 Escherichia coli strain 6_A_4_1_1 NODE_9_length_57157_cov_4.175469, whole genome shotgun sequence"	4775..5733	  Tellurium ion resistance protein	MG591698
GCA_021079095.1	virulence_ecoli	terC	100	1041 / 1041	"JAHWLP010000210.1 Escherichia coli strain 6_A_4_1_1 NODE_210_length_7168_cov_3.945746, whole genome shotgun sequence"	3127..4167	  Tellurium ion resistance protein	UINX01000003
GCA_021079095.1	virulence_ecoli	tia	99.73	738 / 738	"JAHWLP010000153.1 Escherichia coli strain 6_A_4_1_1 NODE_153_length_12125_cov_4.355059, whole genome shotgun sequence"	2527..3264	 Tia Invasion determinant	CP015995
GCA_021079095.1	virulence_ecoli	traJ	98.84	687 / 687	"JAHWLP010000007.1 Escherichia coli strain 6_A_4_1_1 NODE_7_length_61176_cov_14.727629, whole genome shotgun sequence"	47924..48610	  Protein TraJ (Positive regulator of conjugal transfer operon)	CP007150
GCA_021079095.1	virulence_ecoli	traT	100	732 / 732	"JAHWLP010000007.1 Escherichia coli strain 6_A_4_1_1 NODE_7_length_61176_cov_14.727629, whole genome shotgun sequence"	26373..27104	  Outer membrane protein complement resistance	CP009167
GCA_021079095.1	virulence_ecoli	yehA	98.26	1035 / 1035	"JAHWLP010000177.1 Escherichia coli strain 6_A_4_1_1 NODE_177_length_9828_cov_3.828677, whole genome shotgun sequence"	7443..8477	"  Outer membrane lipoprotein, YHD fimbriael cluster"	CP042934
GCA_021079095.1	virulence_ecoli	yehB	98.71	2481 / 2481	"JAHWLP010000177.1 Escherichia coli strain 6_A_4_1_1 NODE_177_length_9828_cov_3.828677, whole genome shotgun sequence"	4947..7427	" Usher, YHD fimbriael cluster"	CP042934
GCA_021079095.1	virulence_ecoli	yehC	97.63	675 / 675	"JAHWLP010000177.1 Escherichia coli strain 6_A_4_1_1 NODE_177_length_9828_cov_3.828677, whole genome shotgun sequence"	4257..4931	" Chaperone, YHD fimbriael cluster"	CP042934
GCA_021079095.1	virulence_ecoli	yehD	98.71	543 / 543	"JAHWLP010000177.1 Escherichia coli strain 6_A_4_1_1 NODE_177_length_9828_cov_3.828677, whole genome shotgun sequence"	3635..4177	" Major pilin subunit, YHD fimbriael cluster"	CP042934
GCA_021079095.1	stx	stx2	99.6	1242 / 1242	"JAHWLP010000023.1 Escherichia coli strain 6_A_4_1_1 NODE_23_length_39449_cov_4.167616, whole genome shotgun sequence"	33650..34891	"O9 CB10366, variant i"	FN252457
GCA_021079545.1	virulence_ecoli	AslA	94.09	1657 / 1656	"JAHVPD010000031.1 Escherichia coli strain 22_B_26_1_1 NODE_31_length_51639_cov_42.244564, whole genome shotgun sequence"	34968..36623		CP054236
GCA_021079545.1	virulence_ecoli	cba	99.93	1536 / 1536	"JAHVPD010000033.1 Escherichia coli strain 22_B_26_1_1 NODE_33_length_49737_cov_65.917315, whole genome shotgun sequence"	37375..38910	  Colicin B	FJ664743
GCA_021079545.1	virulence_ecoli	cia	100	147 / 147	"JAHVPD010000033.1 Escherichia coli strain 22_B_26_1_1 NODE_33_length_49737_cov_65.917315, whole genome shotgun sequence"	46339..46485	  Colicin ia	QMGM01000002
GCA_021079545.1	virulence_ecoli	cma	99.75	816 / 816	"JAHVPD010000033.1 Escherichia coli strain 22_B_26_1_1 NODE_33_length_49737_cov_65.917315, whole genome shotgun sequence"	39699..40514	  Colicin M activity	FJ664724
GCA_021079545.1	virulence_ecoli	csgA	100	456 / 456	"JAHVPD010000006.1 Escherichia coli strain 22_B_26_1_1 NODE_6_length_157441_cov_32.264598, whole genome shotgun sequence"	64411..64866	 curlin major subunit CsgA	CP069646
GCA_021079545.1	virulence_ecoli	eltIIAB-a	98.33	1141 / 1141	"JAHVPD010000061.1 Escherichia coli strain 22_B_26_1_1 NODE_61_length_22165_cov_28.934205, whole genome shotgun sequence"	5061..6201	   Heat-labile enterotoxin LTII-a	JQ031711
GCA_021079545.1	virulence_ecoli	fdeC	92.86	4258 / 4254	"JAHVPD010000028.1 Escherichia coli strain 22_B_26_1_1 NODE_28_length_64251_cov_36.856481, whole genome shotgun sequence"	750..5000	 intimin-like adhesin FdeC	AP010953
GCA_021079545.1	virulence_ecoli	fimH	100	489 / 489	"JAHVPD010000049.1 Escherichia coli strain 22_B_26_1_1 NODE_49_length_32772_cov_40.635411, whole genome shotgun sequence"	22567..23055	   Type 1 fimbriae	NA
GCA_021079545.1	virulence_ecoli	gad	100	1401 / 1401	"JAHVPD010000010.1 Escherichia coli strain 22_B_26_1_1 NODE_10_length_121131_cov_42.585014, whole genome shotgun sequence"	75973..77373	  Glutamate decarboxylase	AP010953
GCA_021079545.1	virulence_ecoli	gad	99.93	1401 / 1401	"JAHVPD010000041.1 Escherichia coli strain 22_B_26_1_1 NODE_41_length_39151_cov_28.767271, whole genome shotgun sequence"	18590..19990	  Glutamate decarboxylase	U00096
GCA_021079545.1	virulence_ecoli	hlyE	97.82	919 / 918	"JAHVPD010000027.1 Escherichia coli strain 22_B_26_1_1 NODE_27_length_66358_cov_31.254126, whole genome shotgun sequence"	8852..9758	  Avian E. coli haemolysin	ECU57430
GCA_021079545.1	virulence_ecoli	iss	98.5	267 / 294	"JAHVPD010000072.1 Escherichia coli strain 22_B_26_1_1 NODE_72_length_15019_cov_35.177209, whole genome shotgun sequence"	14637..14903	  Increased serum survival	CP001846
GCA_021079545.1	virulence_ecoli	nlpI	99.77	885 / 885	"JAHVPD010000014.1 Escherichia coli strain 22_B_26_1_1 NODE_14_length_114672_cov_38.881243, whole genome shotgun sequence"	56368..57252	  lipoprotein NlpI precursor	CP000243
GCA_021079545.1	virulence_ecoli	stx2i-O9-CB10366	99.6	1242 / 1242	"JAHVPD010000024.1 Escherichia coli strain 22_B_26_1_1 NODE_24_length_72497_cov_45.438897, whole genome shotgun sequence"	55077..56318	   stx2i-O9-CB10366	FN252457
GCA_021079545.1	virulence_ecoli	terC	100	714 / 714	"JAHVPD010000003.1 Escherichia coli strain 22_B_26_1_1 NODE_3_length_219173_cov_37.957233, whole genome shotgun sequence"	70218..70931	  Tellurium ion resistance protein	CP007491
GCA_021079545.1	virulence_ecoli	terC	99.9	959 / 966	"JAHVPD010000063.1 Escherichia coli strain 22_B_26_1_1 NODE_63_length_19283_cov_40.247129, whole genome shotgun sequence"	13860..14818	  Tellurium ion resistance protein	MG591698
GCA_021079545.1	virulence_ecoli	traJ	98.69	687 / 687	"JAHVPD010000033.1 Escherichia coli strain 22_B_26_1_1 NODE_33_length_49737_cov_65.917315, whole genome shotgun sequence"	15988..16674	  Protein TraJ (Positive regulator of conjugal transfer operon)	CP007150
GCA_021079545.1	virulence_ecoli	traT	100	732 / 732	"JAHVPD010000066.1 Escherichia coli strain 22_B_26_1_1 NODE_66_length_16961_cov_60.039800, whole genome shotgun sequence"	11141..11872	  Outer membrane protein complement resistance	CP009167
GCA_021079545.1	virulence_ecoli	yehA	98.26	1035 / 1035	"JAHVPD010000002.1 Escherichia coli strain 22_B_26_1_1 NODE_2_length_244394_cov_33.598734, whole genome shotgun sequence"	87014..88048	"  Outer membrane lipoprotein, YHD fimbriael cluster"	CP042934
GCA_021079545.1	virulence_ecoli	yehB	98.71	2481 / 2481	"JAHVPD010000002.1 Escherichia coli strain 22_B_26_1_1 NODE_2_length_244394_cov_33.598734, whole genome shotgun sequence"	88064..90544	" Usher, YHD fimbriael cluster"	CP042934
GCA_021079545.1	virulence_ecoli	yehC	97.63	675 / 675	"JAHVPD010000002.1 Escherichia coli strain 22_B_26_1_1 NODE_2_length_244394_cov_33.598734, whole genome shotgun sequence"	90560..91234	" Chaperone, YHD fimbriael cluster"	CP042934
GCA_021079545.1	virulence_ecoli	yehD	98.71	543 / 543	"JAHVPD010000002.1 Escherichia coli strain 22_B_26_1_1 NODE_2_length_244394_cov_33.598734, whole genome shotgun sequence"	91314..91856	" Major pilin subunit, YHD fimbriael cluster"	CP042934
GCA_021079545.1	stx	stx2	99.6	1242 / 1242	"JAHVPD010000024.1 Escherichia coli strain 22_B_26_1_1 NODE_24_length_72497_cov_45.438897, whole genome shotgun sequence"	55077..56318	"O9 CB10366, variant i"	FN252457
GCA_021079625.1	virulence_ecoli	AslA	94.09	1657 / 1656	"JAHVPH010000033.1 Escherichia coli strain 20_B_28_4_1 NODE_33_length_51639_cov_48.616303, whole genome shotgun sequence"	34968..36623		CP054236
GCA_021079625.1	virulence_ecoli	cba	99.87	1536 / 1536	"JAHVPH010000032.1 Escherichia coli strain 20_B_28_4_1 NODE_32_length_53654_cov_149.268762, whole genome shotgun sequence"	6610..8145	  Colicin B	FJ664743
GCA_021079625.1	virulence_ecoli	cia	100	147 / 147	"JAHVPH010000032.1 Escherichia coli strain 20_B_28_4_1 NODE_32_length_53654_cov_149.268762, whole genome shotgun sequence"	15574..15720	  Colicin ia	QMGM01000002
GCA_021079625.1	virulence_ecoli	cma	99.75	816 / 816	"JAHVPH010000032.1 Escherichia coli strain 20_B_28_4_1 NODE_32_length_53654_cov_149.268762, whole genome shotgun sequence"	8934..9749	  Colicin M activity	FJ664724
GCA_021079625.1	virulence_ecoli	csgA	100	456 / 456	"JAHVPH010000002.1 Escherichia coli strain 20_B_28_4_1 NODE_2_length_230414_cov_44.455314, whole genome shotgun sequence"	101005..101460	 curlin major subunit CsgA	CP069646
GCA_021079625.1	virulence_ecoli	eltIIAB-a	98.33	1141 / 1141	"JAHVPH010000056.1 Escherichia coli strain 20_B_28_4_1 NODE_56_length_28461_cov_41.446884, whole genome shotgun sequence"	5061..6201	   Heat-labile enterotoxin LTII-a	JQ031711
GCA_021079625.1	virulence_ecoli	fdeC	92.86	4258 / 4254	"JAHVPH010000030.1 Escherichia coli strain 20_B_28_4_1 NODE_30_length_61793_cov_46.498719, whole genome shotgun sequence"	9463..13713	 intimin-like adhesin FdeC	AP010953
GCA_021079625.1	virulence_ecoli	fimH	100	489 / 489	"JAHVPH010000061.1 Escherichia coli strain 20_B_28_4_1 NODE_61_length_25524_cov_48.767059, whole genome shotgun sequence"	22567..23055	   Type 1 fimbriae	NA
GCA_021079625.1	virulence_ecoli	gad	100	1401 / 1401	"JAHVPH010000012.1 Escherichia coli strain 20_B_28_4_1 NODE_12_length_121131_cov_48.935796, whole genome shotgun sequence"	43759..45159	  Glutamate decarboxylase	AP010953
GCA_021079625.1	virulence_ecoli	gad	99.93	1401 / 1401	"JAHVPH010000043.1 Escherichia coli strain 20_B_28_4_1 NODE_43_length_39151_cov_41.368850, whole genome shotgun sequence"	19162..20562	  Glutamate decarboxylase	U00096
GCA_021079625.1	virulence_ecoli	hlyE	97.82	919 / 918	"JAHVPH010000027.1 Escherichia coli strain 20_B_28_4_1 NODE_27_length_66159_cov_42.910089, whole genome shotgun sequence"	8653..9559	  Avian E. coli haemolysin	ECU57430
GCA_021079625.1	virulence_ecoli	iss	99.66	294 / 294	"JAHVPH010000051.1 Escherichia coli strain 20_B_28_4_1 NODE_51_length_32186_cov_45.559219, whole genome shotgun sequence"	14639..14932	  Increased serum survival	CP001846
GCA_021079625.1	virulence_ecoli	lpfA	100	573 / 573	"JAHVPH010000111.1 Escherichia coli strain 20_B_28_4_1 NODE_111_length_1662_cov_1.115309, whole genome shotgun sequence"	818..1390	  Long polar fimbriae	CP002185
GCA_021079625.1	virulence_ecoli	mchB	99.66	294 / 294	"JAHVPH010000040.1 Escherichia coli strain 20_B_28_4_1 NODE_40_length_42507_cov_46.557386, whole genome shotgun sequence"	28584..28877	  Microcin H47 part of colicin H	AJ009631
GCA_021079625.1	virulence_ecoli	mchC	99.94	1551 / 1551	"JAHVPH010000040.1 Escherichia coli strain 20_B_28_4_1 NODE_40_length_42507_cov_46.557386, whole genome shotgun sequence"	26762..28312	  MchC protein	FN554766
GCA_021079625.1	virulence_ecoli	mchF	99.71	2097 / 2097	"JAHVPH010000040.1 Escherichia coli strain 20_B_28_4_1 NODE_40_length_42507_cov_46.557386, whole genome shotgun sequence"	22769..24864	  ABC transporter protein MchF	FN554766
GCA_021079625.1	virulence_ecoli	mcmA	100	279 / 279	"JAHVPH010000040.1 Escherichia coli strain 20_B_28_4_1 NODE_40_length_42507_cov_46.557386, whole genome shotgun sequence"	22237..22515	  Microcin M part of colicin H	AJ515251
GCA_021079625.1	virulence_ecoli	nlpI	99.77	885 / 885	"JAHVPH010000013.1 Escherichia coli strain 20_B_28_4_1 NODE_13_length_116010_cov_47.021573, whole genome shotgun sequence"	57419..58303	  lipoprotein NlpI precursor	CP000243
GCA_021079625.1	virulence_ecoli	stx2i-O9-CB10366	99.6	1242 / 1242	"JAHVPH010000029.1 Escherichia coli strain 20_B_28_4_1 NODE_29_length_64062_cov_48.513396, whole genome shotgun sequence"	55077..56318	   stx2i-O9-CB10366	FN252457
GCA_021079625.1	virulence_ecoli	terC	100	714 / 714	"JAHVPH010000015.1 Escherichia coli strain 20_B_28_4_1 NODE_15_length_95989_cov_46.134568, whole genome shotgun sequence"	25058..25771	  Tellurium ion resistance protein	CP007491
GCA_021079625.1	virulence_ecoli	terC	99.9	959 / 966	"JAHVPH010000026.1 Escherichia coli strain 20_B_28_4_1 NODE_26_length_66242_cov_47.543371, whole genome shotgun sequence"	51423..52381	  Tellurium ion resistance protein	MG591698
GCA_021079625.1	virulence_ecoli	terC	100	1041 / 1041	"JAHVPH010000074.1 Escherichia coli strain 20_B_28_4_1 NODE_74_length_13918_cov_42.772460, whole genome shotgun sequence"	9877..10917	  Tellurium ion resistance protein	UINX01000003
GCA_021079625.1	virulence_ecoli	tia	99.73	738 / 738	"JAHVPH010000007.1 Escherichia coli strain 20_B_28_4_1 NODE_7_length_138221_cov_47.988884, whole genome shotgun sequence"	2913..3650	 Tia Invasion determinant	CP015995
GCA_021079625.1	virulence_ecoli	traJ	98.84	687 / 687	"JAHVPH010000059.1 Escherichia coli strain 20_B_28_4_1 NODE_59_length_27886_cov_149.492057, whole genome shotgun sequence"	12567..13253	  Protein TraJ (Positive regulator of conjugal transfer operon)	CP007150
GCA_021079625.1	virulence_ecoli	traT	100	732 / 732	"JAHVPH010000032.1 Escherichia coli strain 20_B_28_4_1 NODE_32_length_53654_cov_149.268762, whole genome shotgun sequence"	46481..47212	  Outer membrane protein complement resistance	CP009167
GCA_021079625.1	virulence_ecoli	yehA	98.26	1035 / 1035	"JAHVPH010000008.1 Escherichia coli strain 20_B_28_4_1 NODE_8_length_137749_cov_43.574356, whole genome shotgun sequence"	87014..88048	"  Outer membrane lipoprotein, YHD fimbriael cluster"	CP042934
GCA_021079625.1	virulence_ecoli	yehB	98.71	2481 / 2481	"JAHVPH010000008.1 Escherichia coli strain 20_B_28_4_1 NODE_8_length_137749_cov_43.574356, whole genome shotgun sequence"	88064..90544	" Usher, YHD fimbriael cluster"	CP042934
GCA_021079625.1	virulence_ecoli	yehC	97.63	675 / 675	"JAHVPH010000008.1 Escherichia coli strain 20_B_28_4_1 NODE_8_length_137749_cov_43.574356, whole genome shotgun sequence"	90560..91234	" Chaperone, YHD fimbriael cluster"	CP042934
GCA_021079625.1	virulence_ecoli	yehD	98.71	543 / 543	"JAHVPH010000008.1 Escherichia coli strain 20_B_28_4_1 NODE_8_length_137749_cov_43.574356, whole genome shotgun sequence"	91314..91856	" Major pilin subunit, YHD fimbriael cluster"	CP042934
GCA_021079625.1	stx	stx2	99.6	1242 / 1242	"JAHVPH010000029.1 Escherichia coli strain 20_B_28_4_1 NODE_29_length_64062_cov_48.513396, whole genome shotgun sequence"	55077..56318	"O9 CB10366, variant i"	FN252457
GCA_021080295.1	virulence_ecoli	AslA	94.09	1657 / 1656	"JAHVQO010000032.1 Escherichia coli strain 20_B_33_1_1 NODE_32_length_51639_cov_65.181142, whole genome shotgun sequence"	15017..16672		CP054236
GCA_021080295.1	virulence_ecoli	cba	99.87	1536 / 1536	"JAHVQO010000031.1 Escherichia coli strain 20_B_33_1_1 NODE_31_length_53663_cov_202.593899, whole genome shotgun sequence"	45519..47054	  Colicin B	FJ664743
GCA_021080295.1	virulence_ecoli	cia	100	147 / 147	"JAHVQO010000031.1 Escherichia coli strain 20_B_33_1_1 NODE_31_length_53663_cov_202.593899, whole genome shotgun sequence"	37944..38090	  Colicin ia	QMGM01000002
GCA_021080295.1	virulence_ecoli	cma	99.75	816 / 816	"JAHVQO010000031.1 Escherichia coli strain 20_B_33_1_1 NODE_31_length_53663_cov_202.593899, whole genome shotgun sequence"	43915..44730	  Colicin M activity	FJ664724
GCA_021080295.1	virulence_ecoli	csgA	100	456 / 456	"JAHVQO010000002.1 Escherichia coli strain 20_B_33_1_1 NODE_2_length_230230_cov_56.473844, whole genome shotgun sequence"	128771..129226	 curlin major subunit CsgA	CP069646
GCA_021080295.1	virulence_ecoli	eltIIAB-a	98.33	1141 / 1141	"JAHVQO010000055.1 Escherichia coli strain 20_B_33_1_1 NODE_55_length_28461_cov_55.369203, whole genome shotgun sequence"	5061..6201	   Heat-labile enterotoxin LTII-a	JQ031711
GCA_021080295.1	virulence_ecoli	fdeC	92.86	4258 / 4254	"JAHVQO010000029.1 Escherichia coli strain 20_B_33_1_1 NODE_29_length_61792_cov_61.712738, whole genome shotgun sequence"	48080..52330	 intimin-like adhesin FdeC	AP010953
GCA_021080295.1	virulence_ecoli	fimH	100	489 / 489	"JAHVQO010000060.1 Escherichia coli strain 20_B_33_1_1 NODE_60_length_25524_cov_64.549159, whole genome shotgun sequence"	22567..23055	   Type 1 fimbriae	NA
GCA_021080295.1	virulence_ecoli	gad	100	1401 / 1401	"JAHVQO010000013.1 Escherichia coli strain 20_B_33_1_1 NODE_13_length_121133_cov_66.172082, whole genome shotgun sequence"	75973..77373	  Glutamate decarboxylase	AP010953
GCA_021080295.1	virulence_ecoli	gad	99.93	1401 / 1401	"JAHVQO010000042.1 Escherichia coli strain 20_B_33_1_1 NODE_42_length_39151_cov_53.911849, whole genome shotgun sequence"	19162..20562	  Glutamate decarboxylase	U00096
GCA_021080295.1	virulence_ecoli	hlyE	97.82	919 / 918	"JAHVQO010000026.1 Escherichia coli strain 20_B_33_1_1 NODE_26_length_66159_cov_55.136737, whole genome shotgun sequence"	56601..57507	  Avian E. coli haemolysin	ECU57430
GCA_021080295.1	virulence_ecoli	iss	99.66	294 / 294	"JAHVQO010000050.1 Escherichia coli strain 20_B_33_1_1 NODE_50_length_32186_cov_59.226270, whole genome shotgun sequence"	14639..14932	  Increased serum survival	CP001846
GCA_021080295.1	virulence_ecoli	mchB	99.66	294 / 294	"JAHVQO010000039.1 Escherichia coli strain 20_B_33_1_1 NODE_39_length_42507_cov_63.658589, whole genome shotgun sequence"	28584..28877	  Microcin H47 part of colicin H	AJ009631
GCA_021080295.1	virulence_ecoli	mchC	99.94	1551 / 1551	"JAHVQO010000039.1 Escherichia coli strain 20_B_33_1_1 NODE_39_length_42507_cov_63.658589, whole genome shotgun sequence"	26762..28312	  MchC protein	FN554766
GCA_021080295.1	virulence_ecoli	mchF	99.71	2097 / 2097	"JAHVQO010000039.1 Escherichia coli strain 20_B_33_1_1 NODE_39_length_42507_cov_63.658589, whole genome shotgun sequence"	22769..24864	  ABC transporter protein MchF	FN554766
GCA_021080295.1	virulence_ecoli	mcmA	100	279 / 279	"JAHVQO010000039.1 Escherichia coli strain 20_B_33_1_1 NODE_39_length_42507_cov_63.658589, whole genome shotgun sequence"	22237..22515	  Microcin M part of colicin H	AJ515251
GCA_021080295.1	virulence_ecoli	nlpI	99.77	885 / 885	"JAHVQO010000014.1 Escherichia coli strain 20_B_33_1_1 NODE_14_length_116010_cov_63.563551, whole genome shotgun sequence"	57708..58592	  lipoprotein NlpI precursor	CP000243
GCA_021080295.1	virulence_ecoli	stx2i-O9-CB10366	99.6	1242 / 1242	"JAHVQO010000028.1 Escherichia coli strain 20_B_33_1_1 NODE_28_length_64062_cov_66.061453, whole genome shotgun sequence"	7745..8986	   stx2i-O9-CB10366	FN252457
GCA_021080295.1	virulence_ecoli	terC	100	714 / 714	"JAHVQO010000004.1 Escherichia coli strain 20_B_33_1_1 NODE_4_length_173363_cov_62.432606, whole genome shotgun sequence"	25058..25771	  Tellurium ion resistance protein	CP007491
GCA_021080295.1	virulence_ecoli	terC	99.9	959 / 966	"JAHVQO010000025.1 Escherichia coli strain 20_B_33_1_1 NODE_25_length_66242_cov_63.496710, whole genome shotgun sequence"	13862..14820	  Tellurium ion resistance protein	MG591698
GCA_021080295.1	virulence_ecoli	terC	100	1041 / 1041	"JAHVQO010000007.1 Escherichia coli strain 20_B_33_1_1 NODE_7_length_152903_cov_65.497611, whole genome shotgun sequence"	141796..142836	  Tellurium ion resistance protein	UINX01000003
GCA_021080295.1	virulence_ecoli	tia	99.73	738 / 738	"JAHVQO010000007.1 Escherichia coli strain 20_B_33_1_1 NODE_7_length_152903_cov_65.497611, whole genome shotgun sequence"	134572..135309	 Tia Invasion determinant	CP015995
GCA_021080295.1	virulence_ecoli	traJ	98.84	687 / 687	"JAHVQO010000058.1 Escherichia coli strain 20_B_33_1_1 NODE_58_length_27886_cov_201.880759, whole genome shotgun sequence"	12567..13253	  Protein TraJ (Positive regulator of conjugal transfer operon)	CP007150
GCA_021080295.1	virulence_ecoli	traT	100	732 / 732	"JAHVQO010000031.1 Escherichia coli strain 20_B_33_1_1 NODE_31_length_53663_cov_202.593899, whole genome shotgun sequence"	6443..7174	  Outer membrane protein complement resistance	CP009167
GCA_021080295.1	virulence_ecoli	yehA	98.26	1035 / 1035	"JAHVQO010000009.1 Escherichia coli strain 20_B_33_1_1 NODE_9_length_136504_cov_57.327335, whole genome shotgun sequence"	87014..88048	"  Outer membrane lipoprotein, YHD fimbriael cluster"	CP042934
GCA_021080295.1	virulence_ecoli	yehB	98.71	2481 / 2481	"JAHVQO010000009.1 Escherichia coli strain 20_B_33_1_1 NODE_9_length_136504_cov_57.327335, whole genome shotgun sequence"	88064..90544	" Usher, YHD fimbriael cluster"	CP042934
GCA_021080295.1	virulence_ecoli	yehC	97.63	675 / 675	"JAHVQO010000009.1 Escherichia coli strain 20_B_33_1_1 NODE_9_length_136504_cov_57.327335, whole genome shotgun sequence"	90560..91234	" Chaperone, YHD fimbriael cluster"	CP042934
GCA_021080295.1	virulence_ecoli	yehD	98.71	543 / 543	"JAHVQO010000009.1 Escherichia coli strain 20_B_33_1_1 NODE_9_length_136504_cov_57.327335, whole genome shotgun sequence"	91314..91856	" Major pilin subunit, YHD fimbriael cluster"	CP042934
GCA_021080295.1	stx	stx2	99.6	1242 / 1242	"JAHVQO010000028.1 Escherichia coli strain 20_B_33_1_1 NODE_28_length_64062_cov_66.061453, whole genome shotgun sequence"	7745..8986	"O9 CB10366, variant i"	FN252457
GCA_021081115.1	virulence_ecoli	AslA	94.09	1657 / 1656	"JAHVSA010000029.1 Escherichia coli strain 11_A_12_2_1 NODE_29_length_52293_cov_62.860369, whole genome shotgun sequence"	15670..17325		CP054236
GCA_021081115.1	virulence_ecoli	cba	99.93	1536 / 1536	"JAHVSA010000059.1 Escherichia coli strain 11_A_12_2_1 NODE_59_length_18971_cov_82.638293, whole genome shotgun sequence"	6610..8145	  Colicin B	FJ664743
GCA_021081115.1	virulence_ecoli	cia	100	147 / 147	"JAHVSA010000059.1 Escherichia coli strain 11_A_12_2_1 NODE_59_length_18971_cov_82.638293, whole genome shotgun sequence"	15574..15720	  Colicin ia	QMGM01000002
GCA_021081115.1	virulence_ecoli	cma	99.75	816 / 816	"JAHVSA010000059.1 Escherichia coli strain 11_A_12_2_1 NODE_59_length_18971_cov_82.638293, whole genome shotgun sequence"	8934..9749	  Colicin M activity	FJ664724
GCA_021081115.1	virulence_ecoli	csgA	100	456 / 456	"JAHVSA010000001.1 Escherichia coli strain 11_A_12_2_1 NODE_1_length_296129_cov_47.999807, whole genome shotgun sequence"	166904..167359	 curlin major subunit CsgA	CP069646
GCA_021081115.1	virulence_ecoli	eltIIAB-a	98.33	1141 / 1141	"JAHVSA010000051.1 Escherichia coli strain 11_A_12_2_1 NODE_51_length_28461_cov_44.636620, whole genome shotgun sequence"	5061..6201	   Heat-labile enterotoxin LTII-a	JQ031711
GCA_021081115.1	virulence_ecoli	fdeC	92.86	4258 / 4254	"JAHVSA010000016.1 Escherichia coli strain 11_A_12_2_1 NODE_16_length_111581_cov_56.100696, whole genome shotgun sequence"	48080..52330	 intimin-like adhesin FdeC	AP010953
GCA_021081115.1	virulence_ecoli	fimH	100	489 / 489	"JAHVSA010000045.1 Escherichia coli strain 11_A_12_2_1 NODE_45_length_32770_cov_60.213675, whole genome shotgun sequence"	22567..23055	   Type 1 fimbriae	NA
GCA_021081115.1	virulence_ecoli	gad	100	1401 / 1401	"JAHVSA010000014.1 Escherichia coli strain 11_A_12_2_1 NODE_14_length_121134_cov_61.403555, whole genome shotgun sequence"	43759..45159	  Glutamate decarboxylase	AP010953
GCA_021081115.1	virulence_ecoli	gad	99.93	1401 / 1401	"JAHVSA010000039.1 Escherichia coli strain 11_A_12_2_1 NODE_39_length_39152_cov_43.177886, whole genome shotgun sequence"	18591..19991	  Glutamate decarboxylase	U00096
GCA_021081115.1	virulence_ecoli	hlyE	97.82	919 / 918	"JAHVSA010000001.1 Escherichia coli strain 11_A_12_2_1 NODE_1_length_296129_cov_47.999807, whole genome shotgun sequence"	56600..57506	  Avian E. coli haemolysin	ECU57430
GCA_021081115.1	virulence_ecoli	iss	99.66	294 / 294	"JAHVSA010000046.1 Escherichia coli strain 11_A_12_2_1 NODE_46_length_32187_cov_49.015440, whole genome shotgun sequence"	14640..14933	  Increased serum survival	CP001846
GCA_021081115.1	virulence_ecoli	mchB	99.66	294 / 294	"JAHVSA010000033.1 Escherichia coli strain 11_A_12_2_1 NODE_33_length_45023_cov_55.134867, whole genome shotgun sequence"	4555..4848	  Microcin H47 part of colicin H	AJ009631
GCA_021081115.1	virulence_ecoli	mchC	99.94	1551 / 1551	"JAHVSA010000033.1 Escherichia coli strain 11_A_12_2_1 NODE_33_length_45023_cov_55.134867, whole genome shotgun sequence"	5120..6670	  MchC protein	FN554766
GCA_021081115.1	virulence_ecoli	mchF	99.76	2097 / 2097	"JAHVSA010000033.1 Escherichia coli strain 11_A_12_2_1 NODE_33_length_45023_cov_55.134867, whole genome shotgun sequence"	8568..10664	  ABC transporter protein MchF	FN554766
GCA_021081115.1	virulence_ecoli	mcmA	100	279 / 279	"JAHVSA010000033.1 Escherichia coli strain 11_A_12_2_1 NODE_33_length_45023_cov_55.134867, whole genome shotgun sequence"	10918..11196	  Microcin M part of colicin H	AJ515251
GCA_021081115.1	virulence_ecoli	nlpI	99.77	885 / 885	"JAHVSA010000004.1 Escherichia coli strain 11_A_12_2_1 NODE_4_length_224393_cov_58.853036, whole genome shotgun sequence"	108117..109001	  lipoprotein NlpI precursor	CP000243
GCA_021081115.1	virulence_ecoli	stx2i-O9-CB10366	99.6	1242 / 1242	"JAHVSA010000027.1 Escherichia coli strain 11_A_12_2_1 NODE_27_length_57792_cov_59.372045, whole genome shotgun sequence"	55077..56318	   stx2i-O9-CB10366	FN252457
GCA_021081115.1	virulence_ecoli	terC	100	714 / 714	"JAHVSA010000003.1 Escherichia coli strain 11_A_12_2_1 NODE_3_length_248630_cov_57.456401, whole genome shotgun sequence"	177700..178413	  Tellurium ion resistance protein	CP007491
GCA_021081115.1	virulence_ecoli	terC	99.9	959 / 966	"JAHVSA010000004.1 Escherichia coli strain 11_A_12_2_1 NODE_4_length_224393_cov_58.853036, whole genome shotgun sequence"	180024..180982	  Tellurium ion resistance protein	MG591698
GCA_021081115.1	virulence_ecoli	terC	100	1041 / 1041	"JAHVSA010000003.1 Escherichia coli strain 11_A_12_2_1 NODE_3_length_248630_cov_57.456401, whole genome shotgun sequence"	10068..11108	  Tellurium ion resistance protein	UINX01000003
GCA_021081115.1	virulence_ecoli	tia	99.73	738 / 738	"JAHVSA010000003.1 Escherichia coli strain 11_A_12_2_1 NODE_3_length_248630_cov_57.456401, whole genome shotgun sequence"	17595..18332	 Tia Invasion determinant	CP015995
GCA_021081115.1	virulence_ecoli	traJ	98.69	687 / 687	"JAHVSA010000049.1 Escherichia coli strain 11_A_12_2_1 NODE_49_length_29250_cov_79.877107, whole genome shotgun sequence"	15987..16673	  Protein TraJ (Positive regulator of conjugal transfer operon)	CP007150
GCA_021081115.1	virulence_ecoli	traT	100	732 / 732	"JAHVSA010000062.1 Escherichia coli strain 11_A_12_2_1 NODE_62_length_16921_cov_78.254674, whole genome shotgun sequence"	11106..11837	  Outer membrane protein complement resistance	CP009167
GCA_021081115.1	virulence_ecoli	yehA	98.16	1035 / 1035	"JAHVSA010000011.1 Escherichia coli strain 11_A_12_2_1 NODE_11_length_136504_cov_48.938135, whole genome shotgun sequence"	87014..88048	"  Outer membrane lipoprotein, YHD fimbriael cluster"	CP042934
GCA_021081115.1	virulence_ecoli	yehB	98.71	2481 / 2481	"JAHVSA010000011.1 Escherichia coli strain 11_A_12_2_1 NODE_11_length_136504_cov_48.938135, whole genome shotgun sequence"	88064..90544	" Usher, YHD fimbriael cluster"	CP042934
GCA_021081115.1	virulence_ecoli	yehC	97.63	675 / 675	"JAHVSA010000011.1 Escherichia coli strain 11_A_12_2_1 NODE_11_length_136504_cov_48.938135, whole genome shotgun sequence"	90560..91234	" Chaperone, YHD fimbriael cluster"	CP042934
GCA_021081115.1	virulence_ecoli	yehD	98.71	543 / 543	"JAHVSA010000011.1 Escherichia coli strain 11_A_12_2_1 NODE_11_length_136504_cov_48.938135, whole genome shotgun sequence"	91314..91856	" Major pilin subunit, YHD fimbriael cluster"	CP042934
GCA_021081115.1	stx	stx2	99.6	1242 / 1242	"JAHVSA010000027.1 Escherichia coli strain 11_A_12_2_1 NODE_27_length_57792_cov_59.372045, whole genome shotgun sequence"	55077..56318	"O9 CB10366, variant i"	FN252457
GCA_021082345.1	virulence_ecoli	AslA	94.09	1657 / 1656	"JAHVTH010000030.1 Escherichia coli strain 05_A_5_5_1 NODE_30_length_51639_cov_49.257377, whole genome shotgun sequence"	34968..36623		CP054236
GCA_021082345.1	virulence_ecoli	cba	99.93	1536 / 1536	"JAHVTH010000031.1 Escherichia coli strain 05_A_5_5_1 NODE_31_length_49761_cov_63.084720, whole genome shotgun sequence"	10821..12356	  Colicin B	FJ664743
GCA_021082345.1	virulence_ecoli	cia	100	147 / 147	"JAHVTH010000031.1 Escherichia coli strain 05_A_5_5_1 NODE_31_length_49761_cov_63.084720, whole genome shotgun sequence"	3252..3398	  Colicin ia	QMGM01000002
GCA_021082345.1	virulence_ecoli	cma	99.75	816 / 816	"JAHVTH010000031.1 Escherichia coli strain 05_A_5_5_1 NODE_31_length_49761_cov_63.084720, whole genome shotgun sequence"	9217..10032	  Colicin M activity	FJ664724
GCA_021082345.1	virulence_ecoli	csgA	100	456 / 456	"JAHVTH010000001.1 Escherichia coli strain 05_A_5_5_1 NODE_1_length_296130_cov_31.417553, whole genome shotgun sequence"	166905..167360	 curlin major subunit CsgA	CP069646
GCA_021082345.1	virulence_ecoli	eltIIAB-a	98.33	1141 / 1141	"JAHVTH010000052.1 Escherichia coli strain 05_A_5_5_1 NODE_52_length_28461_cov_28.738265, whole genome shotgun sequence"	5061..6201	   Heat-labile enterotoxin LTII-a	JQ031711
GCA_021082345.1	virulence_ecoli	fdeC	92.86	4258 / 4254	"JAHVTH010000016.1 Escherichia coli strain 05_A_5_5_1 NODE_16_length_111581_cov_44.340436, whole genome shotgun sequence"	48080..52330	 intimin-like adhesin FdeC	AP010953
GCA_021082345.1	virulence_ecoli	fimH	100	489 / 489	"JAHVTH010000044.1 Escherichia coli strain 05_A_5_5_1 NODE_44_length_32770_cov_47.566523, whole genome shotgun sequence"	22567..23055	   Type 1 fimbriae	NA
GCA_021082345.1	virulence_ecoli	gad	100	1401 / 1401	"JAHVTH010000013.1 Escherichia coli strain 05_A_5_5_1 NODE_13_length_121133_cov_48.349016, whole genome shotgun sequence"	75973..77373	  Glutamate decarboxylase	AP010953
GCA_021082345.1	virulence_ecoli	gad	99.93	1401 / 1401	"JAHVTH010000040.1 Escherichia coli strain 05_A_5_5_1 NODE_40_length_37044_cov_27.385107, whole genome shotgun sequence"	18412..19812	  Glutamate decarboxylase	U00096
GCA_021082345.1	virulence_ecoli	hlyE	97.82	919 / 918	"JAHVTH010000001.1 Escherichia coli strain 05_A_5_5_1 NODE_1_length_296130_cov_31.417553, whole genome shotgun sequence"	56601..57507	  Avian E. coli haemolysin	ECU57430
GCA_021082345.1	virulence_ecoli	iss	99.66	294 / 294	"JAHVTH010000045.1 Escherichia coli strain 05_A_5_5_1 NODE_45_length_32186_cov_38.404192, whole genome shotgun sequence"	17255..17548	  Increased serum survival	CP001846
GCA_021082345.1	virulence_ecoli	mchB	99.66	294 / 294	"JAHVTH010000035.1 Escherichia coli strain 05_A_5_5_1 NODE_35_length_42510_cov_41.013661, whole genome shotgun sequence"	13633..13926	  Microcin H47 part of colicin H	AJ009631
GCA_021082345.1	virulence_ecoli	mchC	99.94	1551 / 1551	"JAHVTH010000035.1 Escherichia coli strain 05_A_5_5_1 NODE_35_length_42510_cov_41.013661, whole genome shotgun sequence"	14198..15748	  MchC protein	FN554766
GCA_021082345.1	virulence_ecoli	mchF	99.76	2097 / 2097	"JAHVTH010000035.1 Escherichia coli strain 05_A_5_5_1 NODE_35_length_42510_cov_41.013661, whole genome shotgun sequence"	17646..19742	  ABC transporter protein MchF	FN554766
GCA_021082345.1	virulence_ecoli	mcmA	100	279 / 279	"JAHVTH010000035.1 Escherichia coli strain 05_A_5_5_1 NODE_35_length_42510_cov_41.013661, whole genome shotgun sequence"	19996..20274	  Microcin M part of colicin H	AJ515251
GCA_021082345.1	virulence_ecoli	nlpI	99.77	885 / 885	"JAHVTH010000005.1 Escherichia coli strain 05_A_5_5_1 NODE_5_length_166422_cov_45.885186, whole genome shotgun sequence"	108118..109002	  lipoprotein NlpI precursor	CP000243
GCA_021082345.1	virulence_ecoli	stx2i-O9-CB10366	99.6	1242 / 1242	"JAHVTH010000028.1 Escherichia coli strain 05_A_5_5_1 NODE_28_length_64061_cov_46.898411, whole genome shotgun sequence"	7745..8986	   stx2i-O9-CB10366	FN252457
GCA_021082345.1	virulence_ecoli	terC	100	714 / 714	"JAHVTH010000003.1 Escherichia coli strain 05_A_5_5_1 NODE_3_length_233562_cov_43.118680, whole genome shotgun sequence"	162631..163344	  Tellurium ion resistance protein	CP007491
GCA_021082345.1	virulence_ecoli	terC	99.9	959 / 966	"JAHVTH010000027.1 Escherichia coli strain 05_A_5_5_1 NODE_27_length_66242_cov_45.913908, whole genome shotgun sequence"	51423..52381	  Tellurium ion resistance protein	MG591698
GCA_021082345.1	virulence_ecoli	terC	100	1041 / 1041	"JAHVTH010000066.1 Escherichia coli strain 05_A_5_5_1 NODE_66_length_14808_cov_52.120428, whole genome shotgun sequence"	3702..4742	  Tellurium ion resistance protein	UINX01000003
GCA_021082345.1	virulence_ecoli	tia	99.73	738 / 738	"JAHVTH010000003.1 Escherichia coli strain 05_A_5_5_1 NODE_3_length_233562_cov_43.118680, whole genome shotgun sequence"	2527..3264	 Tia Invasion determinant	CP015995
GCA_021082345.1	virulence_ecoli	traJ	98.69	687 / 687	"JAHVTH010000031.1 Escherichia coli strain 05_A_5_5_1 NODE_31_length_49761_cov_63.084720, whole genome shotgun sequence"	33087..33773	  Protein TraJ (Positive regulator of conjugal transfer operon)	CP007150
GCA_021082345.1	virulence_ecoli	traT	100	732 / 732	"JAHVTH010000062.1 Escherichia coli strain 05_A_5_5_1 NODE_62_length_16899_cov_63.290782, whole genome shotgun sequence"	5091..5822	  Outer membrane protein complement resistance	CP009167
GCA_021082345.1	virulence_ecoli	yehA	98.26	1035 / 1035	"JAHVTH010000024.1 Escherichia coli strain 05_A_5_5_1 NODE_24_length_69740_cov_35.259520, whole genome shotgun sequence"	48457..49491	"  Outer membrane lipoprotein, YHD fimbriael cluster"	CP042934
GCA_021082345.1	virulence_ecoli	yehB	98.71	2481 / 2481	"JAHVTH010000024.1 Escherichia coli strain 05_A_5_5_1 NODE_24_length_69740_cov_35.259520, whole genome shotgun sequence"	45961..48441	" Usher, YHD fimbriael cluster"	CP042934
GCA_021082345.1	virulence_ecoli	yehC	97.63	675 / 675	"JAHVTH010000024.1 Escherichia coli strain 05_A_5_5_1 NODE_24_length_69740_cov_35.259520, whole genome shotgun sequence"	45271..45945	" Chaperone, YHD fimbriael cluster"	CP042934
GCA_021082345.1	virulence_ecoli	yehD	98.71	543 / 543	"JAHVTH010000024.1 Escherichia coli strain 05_A_5_5_1 NODE_24_length_69740_cov_35.259520, whole genome shotgun sequence"	44649..45191	" Major pilin subunit, YHD fimbriael cluster"	CP042934
GCA_021082345.1	stx	stx2	99.6	1242 / 1242	"JAHVTH010000028.1 Escherichia coli strain 05_A_5_5_1 NODE_28_length_64061_cov_46.898411, whole genome shotgun sequence"	7745..8986	"O9 CB10366, variant i"	FN252457
GCA_021082805.1	virulence_ecoli	AslA	94.09	1657 / 1656	"JAHVUE010000032.1 Escherichia coli strain 08_A_26_1_2 NODE_32_length_52164_cov_64.142034, whole genome shotgun sequence"	34968..36623		CP054236
GCA_021082805.1	virulence_ecoli	cba	99.93	1536 / 1536	"JAHVUE010000068.1 Escherichia coli strain 08_A_26_1_2 NODE_68_length_17609_cov_86.674980, whole genome shotgun sequence"	10827..12362	  Colicin B	FJ664743
GCA_021082805.1	virulence_ecoli	cia	100	147 / 147	"JAHVUE010000068.1 Escherichia coli strain 08_A_26_1_2 NODE_68_length_17609_cov_86.674980, whole genome shotgun sequence"	3252..3398	  Colicin ia	QMGM01000002
GCA_021082805.1	virulence_ecoli	cma	99.75	816 / 816	"JAHVUE010000068.1 Escherichia coli strain 08_A_26_1_2 NODE_68_length_17609_cov_86.674980, whole genome shotgun sequence"	9223..10038	  Colicin M activity	FJ664724
GCA_021082805.1	virulence_ecoli	csgA	100	456 / 456	"JAHVUE010000016.1 Escherichia coli strain 08_A_26_1_2 NODE_16_length_102503_cov_47.076815, whole genome shotgun sequence"	100806..101261	 curlin major subunit CsgA	CP069646
GCA_021082805.1	virulence_ecoli	eltIIAB-a	98.33	1141 / 1141	"JAHVUE010000058.1 Escherichia coli strain 08_A_26_1_2 NODE_58_length_28461_cov_44.340086, whole genome shotgun sequence"	5061..6201	   Heat-labile enterotoxin LTII-a	JQ031711
GCA_021082805.1	virulence_ecoli	fdeC	92.86	4258 / 4254	"JAHVUE010000024.1 Escherichia coli strain 08_A_26_1_2 NODE_24_length_70845_cov_56.274188, whole genome shotgun sequence"	48080..52330	 intimin-like adhesin FdeC	AP010953
GCA_021082805.1	virulence_ecoli	fimH	100	489 / 489	"JAHVUE010000050.1 Escherichia coli strain 08_A_26_1_2 NODE_50_length_32770_cov_60.069601, whole genome shotgun sequence"	22567..23055	   Type 1 fimbriae	NA
GCA_021082805.1	virulence_ecoli	gad	100	1401 / 1401	"JAHVUE010000013.1 Escherichia coli strain 08_A_26_1_2 NODE_13_length_121133_cov_63.272548, whole genome shotgun sequence"	75973..77373	  Glutamate decarboxylase	AP010953
GCA_021082805.1	virulence_ecoli	gad	99.93	1401 / 1401	"JAHVUE010000043.1 Escherichia coli strain 08_A_26_1_2 NODE_43_length_38474_cov_43.643388, whole genome shotgun sequence"	18663..20063	  Glutamate decarboxylase	U00096
GCA_021082805.1	virulence_ecoli	hlyE	97.82	919 / 918	"JAHVUE010000026.1 Escherichia coli strain 08_A_26_1_2 NODE_26_length_66357_cov_45.351261, whole genome shotgun sequence"	8851..9757	  Avian E. coli haemolysin	ECU57430
GCA_021082805.1	virulence_ecoli	iss	99.66	294 / 294	"JAHVUE010000052.1 Escherichia coli strain 08_A_26_1_2 NODE_52_length_32186_cov_51.458467, whole genome shotgun sequence"	17255..17548	  Increased serum survival	CP001846
GCA_021082805.1	virulence_ecoli	mchB	99.66	294 / 294	"JAHVUE010000038.1 Escherichia coli strain 08_A_26_1_2 NODE_38_length_42509_cov_57.213062, whole genome shotgun sequence"	28584..28877	  Microcin H47 part of colicin H	AJ009631
GCA_021082805.1	virulence_ecoli	mchC	99.94	1551 / 1551	"JAHVUE010000038.1 Escherichia coli strain 08_A_26_1_2 NODE_38_length_42509_cov_57.213062, whole genome shotgun sequence"	26762..28312	  MchC protein	FN554766
GCA_021082805.1	virulence_ecoli	mchF	99.71	2097 / 2097	"JAHVUE010000038.1 Escherichia coli strain 08_A_26_1_2 NODE_38_length_42509_cov_57.213062, whole genome shotgun sequence"	22769..24864	  ABC transporter protein MchF	FN554766
GCA_021082805.1	virulence_ecoli	mcmA	100	279 / 279	"JAHVUE010000038.1 Escherichia coli strain 08_A_26_1_2 NODE_38_length_42509_cov_57.213062, whole genome shotgun sequence"	22237..22515	  Microcin M part of colicin H	AJ515251
GCA_021082805.1	virulence_ecoli	nlpI	99.77	885 / 885	"JAHVUE010000004.1 Escherichia coli strain 08_A_26_1_2 NODE_4_length_166420_cov_59.803299, whole genome shotgun sequence"	108118..109002	  lipoprotein NlpI precursor	CP000243
GCA_021082805.1	virulence_ecoli	stx2i-O9-CB10366	99.6	1242 / 1242	"JAHVUE010000028.1 Escherichia coli strain 08_A_26_1_2 NODE_28_length_64062_cov_60.458200, whole genome shotgun sequence"	7745..8986	   stx2i-O9-CB10366	FN252457
GCA_021082805.1	virulence_ecoli	terC	100	714 / 714	"JAHVUE010000001.1 Escherichia coli strain 08_A_26_1_2 NODE_1_length_248630_cov_57.615204, whole genome shotgun sequence"	70218..70931	  Tellurium ion resistance protein	CP007491
GCA_021082805.1	virulence_ecoli	terC	99.9	959 / 966	"JAHVUE010000027.1 Escherichia coli strain 08_A_26_1_2 NODE_27_length_66241_cov_58.532913, whole genome shotgun sequence"	51424..52382	  Tellurium ion resistance protein	MG591698
GCA_021082805.1	virulence_ecoli	terC	100	1041 / 1041	"JAHVUE010000001.1 Escherichia coli strain 08_A_26_1_2 NODE_1_length_248630_cov_57.615204, whole genome shotgun sequence"	237523..238563	  Tellurium ion resistance protein	UINX01000003
GCA_021082805.1	virulence_ecoli	tia	99.73	738 / 738	"JAHVUE010000001.1 Escherichia coli strain 08_A_26_1_2 NODE_1_length_248630_cov_57.615204, whole genome shotgun sequence"	230299..231036	 Tia Invasion determinant	CP015995
GCA_021082805.1	virulence_ecoli	traJ	98.69	687 / 687	"JAHVUE010000051.1 Escherichia coli strain 08_A_26_1_2 NODE_51_length_32379_cov_83.941709, whole genome shotgun sequence"	15707..16393	  Protein TraJ (Positive regulator of conjugal transfer operon)	CP007150
GCA_021082805.1	virulence_ecoli	traT	100	732 / 732	"JAHVUE010000069.1 Escherichia coli strain 08_A_26_1_2 NODE_69_length_16961_cov_82.110431, whole genome shotgun sequence"	5090..5821	  Outer membrane protein complement resistance	CP009167
GCA_021082805.1	virulence_ecoli	yehA	98.26	1035 / 1035	"JAHVUE010000008.1 Escherichia coli strain 08_A_26_1_2 NODE_8_length_140419_cov_47.834787, whole genome shotgun sequence"	52372..53406	"  Outer membrane lipoprotein, YHD fimbriael cluster"	CP042934
GCA_021082805.1	virulence_ecoli	yehB	98.71	2481 / 2481	"JAHVUE010000008.1 Escherichia coli strain 08_A_26_1_2 NODE_8_length_140419_cov_47.834787, whole genome shotgun sequence"	49876..52356	" Usher, YHD fimbriael cluster"	CP042934
GCA_021082805.1	virulence_ecoli	yehC	97.63	675 / 675	"JAHVUE010000008.1 Escherichia coli strain 08_A_26_1_2 NODE_8_length_140419_cov_47.834787, whole genome shotgun sequence"	49186..49860	" Chaperone, YHD fimbriael cluster"	CP042934
GCA_021082805.1	virulence_ecoli	yehD	98.71	543 / 543	"JAHVUE010000008.1 Escherichia coli strain 08_A_26_1_2 NODE_8_length_140419_cov_47.834787, whole genome shotgun sequence"	48564..49106	" Major pilin subunit, YHD fimbriael cluster"	CP042934
GCA_021082805.1	stx	stx2	99.6	1242 / 1242	"JAHVUE010000028.1 Escherichia coli strain 08_A_26_1_2 NODE_28_length_64062_cov_60.458200, whole genome shotgun sequence"	7745..8986	"O9 CB10366, variant i"	FN252457
GCA_021492705.1	virulence_ecoli	csgA	98.68	456 / 456	"ABEQVV010000011.1 Escherichia coli strain 1560496 SAMN25002964-rid13742423.denovo.011, whole genome shotgun sequence"	149191..149646	 curlin major subunit CsgA	CP069646
GCA_021492705.1	virulence_ecoli	eltIIAB-a	98.33	1141 / 1141	"ABEQVV010000010.1 Escherichia coli strain 1560496 SAMN25002964-rid13742423.denovo.010, whole genome shotgun sequence"	133049..134189	   Heat-labile enterotoxin LTII-a	JQ031711
GCA_021492705.1	virulence_ecoli	fdeC	95.49	4254 / 4254	"ABEQVV010000027.1 Escherichia coli strain 1560496 SAMN25002964-rid13742423.denovo.027, whole genome shotgun sequence"	14340..18593	 intimin-like adhesin FdeC	AP010953
GCA_021492705.1	virulence_ecoli	fimH	100	489 / 489	"ABEQVV010000007.1 Escherichia coli strain 1560496 SAMN25002964-rid13742423.denovo.007, whole genome shotgun sequence"	55017..55505	   Type 1 fimbriae	NA
GCA_021492705.1	virulence_ecoli	gad	100	1401 / 1401	"ABEQVV010000002.1 Escherichia coli strain 1560496 SAMN25002964-rid13742423.denovo.002, whole genome shotgun sequence"	224859..226259	  Glutamate decarboxylase	CU928160
GCA_021492705.1	virulence_ecoli	hha	91.67	180 / 213	"ABEQVV010000035.1 Escherichia coli strain 1560496 SAMN25002964-rid13742423.denovo.035, whole genome shotgun sequence"	51535..51714	 hemolysin expression modulator Hha (previous rmoA)	453331
GCA_021492705.1	virulence_ecoli	hlyE	99.13	918 / 918	"ABEQVV010000011.1 Escherichia coli strain 1560496 SAMN25002964-rid13742423.denovo.011, whole genome shotgun sequence"	38790..39706	  Avian E. coli haemolysin	ECU57430
GCA_021492705.1	virulence_ecoli	iss	100	294 / 294	"ABEQVV010000001.1 Escherichia coli strain 1560496 SAMN25002964-rid13742423.denovo.001, whole genome shotgun sequence"	260479..260772	  Increased serum survival	CP001665
GCA_021492705.1	virulence_ecoli	lpfA	100	573 / 573	"ABEQVV010000025.1 Escherichia coli strain 1560496 SAMN25002964-rid13742423.denovo.025, whole genome shotgun sequence"	38411..38983	  Long polar fimbriae	KC207123
GCA_021492705.1	virulence_ecoli	nlpI	99.77	885 / 885	"ABEQVV010000015.1 Escherichia coli strain 1560496 SAMN25002964-rid13742423.denovo.015, whole genome shotgun sequence"	16222..17106	  lipoprotein NlpI precursor	CP000243
GCA_021492705.1	virulence_ecoli	ompT	99.72	363 / 363	"ABEQVV010000061.1 Escherichia coli strain 1560496 SAMN25002964-rid13742423.denovo.063, whole genome shotgun sequence"	1092..1454	  Outer membrane protease (protein protease 7)	UDHB01000050
GCA_021492705.1	virulence_ecoli	shiB	96.26	428 / 462	"ABEQVV010000054.1 Escherichia coli strain 1560496 SAMN25002964-rid13742423.denovo.055, whole genome shotgun sequence"	4781..5208	 homologs of the Shigella flexneri SHI-2 pathogenicity island gene shiA	AAD44732
GCA_021492705.1	virulence_ecoli	stx2i-O9-CB10366	99.6	1242 / 1242	"ABEQVV010000067.1 Escherichia coli strain 1560496 SAMN25002964-rid13742423.denovo.069, whole genome shotgun sequence"	918..2159	   stx2i-O9-CB10366	FN252457
GCA_021492705.1	virulence_ecoli	stx2i-O9-CB10366	99.6	1242 / 1242	"ABEQVV010000178.1 Escherichia coli strain 1560496 SAMN25002964-rid13742423.guided.079, whole genome shotgun sequence"	2490..3731	   stx2i-O9-CB10366	FN252457
GCA_021492705.1	virulence_ecoli	terC	100	714 / 714	"ABEQVV010000005.1 Escherichia coli strain 1560496 SAMN25002964-rid13742423.denovo.005, whole genome shotgun sequence"	83799..84512	  Tellurium ion resistance protein	CP007491
GCA_021492705.1	virulence_ecoli	terC	100	1041 / 1041	"ABEQVV010000122.1 Escherichia coli strain 1560496 SAMN25002964-rid13742423.denovo.129, whole genome shotgun sequence"	40..1080	  Tellurium ion resistance protein	CYAS01000072
GCA_021492705.1	virulence_ecoli	terC	100	941 / 1041	"ABEQVV010000104.1 Escherichia coli strain 1560496 SAMN25002964-rid13742423.denovo.110, whole genome shotgun sequence"	684..1624	  Tellurium ion resistance protein	KR653209
GCA_021492705.1	virulence_ecoli	terC	100	941 / 1041	"ABEQVV010000104.1 Escherichia coli strain 1560496 SAMN25002964-rid13742423.denovo.110, whole genome shotgun sequence"	684..1624	  Tellurium ion resistance protein	KU341381
GCA_021492705.1	virulence_ecoli	terC	98.85	959 / 966	"ABEQVV010000024.1 Escherichia coli strain 1560496 SAMN25002964-rid13742423.denovo.024, whole genome shotgun sequence"	35992..36950	  Tellurium ion resistance protein	MG591698
GCA_021492705.1	virulence_ecoli	tia	99.86	738 / 738	"ABEQVV010000047.1 Escherichia coli strain 1560496 SAMN25002964-rid13742423.denovo.048, whole genome shotgun sequence"	16250..16987	 Tia Invasion determinant	CP010172
GCA_021492705.1	virulence_ecoli	yehA	98.06	1033 / 1035	"ABEQVV010000008.1 Escherichia coli strain 1560496 SAMN25002964-rid13742423.denovo.008, whole genome shotgun sequence"	75868..76900	"  Outer membrane lipoprotein, YHD fimbriael cluster"	CP042934
GCA_021492705.1	virulence_ecoli	yehB	97.86	2481 / 2481	"ABEQVV010000008.1 Escherichia coli strain 1560496 SAMN25002964-rid13742423.denovo.008, whole genome shotgun sequence"	76916..79396	" Usher, YHD fimbriael cluster"	CP042934
GCA_021492705.1	virulence_ecoli	yehC	98.37	675 / 675	"ABEQVV010000008.1 Escherichia coli strain 1560496 SAMN25002964-rid13742423.denovo.008, whole genome shotgun sequence"	79412..80086	" Chaperone, YHD fimbriael cluster"	CP042934
GCA_021492705.1	virulence_ecoli	yehD	98.71	543 / 543	"ABEQVV010000008.1 Escherichia coli strain 1560496 SAMN25002964-rid13742423.denovo.008, whole genome shotgun sequence"	80167..80709	" Major pilin subunit, YHD fimbriael cluster"	CP042934
GCA_021492705.1	virulence_ecoli	yghJ	98.1	4573 / 4569	"ABEQVV010000026.1 Escherichia coli strain 1560496 SAMN25002964-rid13742423.denovo.026, whole genome shotgun sequence"	27761..32329		CP002729
GCA_021492705.1	stx	stx2	99.6	1242 / 1242	"ABEQVV010000067.1 Escherichia coli strain 1560496 SAMN25002964-rid13742423.denovo.069, whole genome shotgun sequence"	918..2159	"O9 CB10366, variant i"	FN252457
GCA_021492705.1	stx	stx2	99.6	1242 / 1242	"ABEQVV010000178.1 Escherichia coli strain 1560496 SAMN25002964-rid13742423.guided.079, whole genome shotgun sequence"	2490..3731	"O9 CB10366, variant i"	FN252457
GCA_023211155.1	virulence_ecoli	cia	99.62	264 / 264	"DAHBZU010000065.1 TPA_asm: Escherichia coli strain 548 SAMN26797296-rid14327243.denovo.067, whole genome shotgun sequence"	3112..3375	  Colicin ia	UGDH01000002
GCA_023211155.1	virulence_ecoli	csgA	98.9	456 / 456	"DAHBZU010000005.1 TPA_asm: Escherichia coli strain 548 SAMN26797296-rid14327243.denovo.005, whole genome shotgun sequence"	149729..150184	 curlin major subunit CsgA	CP069646
GCA_023211155.1	virulence_ecoli	eltIIAB-a	98.33	1141 / 1141	"DAHBZU010000010.1 TPA_asm: Escherichia coli strain 548 SAMN26797296-rid14327243.denovo.010, whole genome shotgun sequence"	135586..136726	   Heat-labile enterotoxin LTII-a	JQ031711
GCA_023211155.1	virulence_ecoli	fdeC	95.49	4254 / 4254	"DAHBZU010000028.1 TPA_asm: Escherichia coli strain 548 SAMN26797296-rid14327243.denovo.028, whole genome shotgun sequence"	15335..19588	 intimin-like adhesin FdeC	AP010953
GCA_023211155.1	virulence_ecoli	fimH	100	489 / 489	"DAHBZU010000002.1 TPA_asm: Escherichia coli strain 548 SAMN26797296-rid14327243.denovo.002, whole genome shotgun sequence"	94747..95235	   Type 1 fimbriae	NA
GCA_023211155.1	virulence_ecoli	gad	100	1011 / 1401	"DAHBZU010000016.1 TPA_asm: Escherichia coli strain 548 SAMN26797296-rid14327243.denovo.016, whole genome shotgun sequence"	98517..99527	  Glutamate decarboxylase	CU928160
GCA_023211155.1	virulence_ecoli	hha	91.67	180 / 213	"DAHBZU010000033.1 TPA_asm: Escherichia coli strain 548 SAMN26797296-rid14327243.denovo.033, whole genome shotgun sequence"	50868..51047	 hemolysin expression modulator Hha (previous rmoA)	453331
GCA_023211155.1	virulence_ecoli	hlyE	99.13	918 / 918	"DAHBZU010000005.1 TPA_asm: Escherichia coli strain 548 SAMN26797296-rid14327243.denovo.005, whole genome shotgun sequence"	39328..40244	  Avian E. coli haemolysin	ECU57430
GCA_023211155.1	virulence_ecoli	iss	100	294 / 294	"DAHBZU010000046.1 TPA_asm: Escherichia coli strain 548 SAMN26797296-rid14327243.denovo.046, whole genome shotgun sequence"	1257..1550	  Increased serum survival	CP001665
GCA_023211155.1	virulence_ecoli	lpfA	100	573 / 573	"DAHBZU010000027.1 TPA_asm: Escherichia coli strain 548 SAMN26797296-rid14327243.denovo.027, whole genome shotgun sequence"	38411..38983	  Long polar fimbriae	KC207123
GCA_023211155.1	virulence_ecoli	nlpI	99.77	885 / 885	"DAHBZU010000013.1 TPA_asm: Escherichia coli strain 548 SAMN26797296-rid14327243.denovo.013, whole genome shotgun sequence"	16222..17106	  lipoprotein NlpI precursor	CP000243
GCA_023211155.1	virulence_ecoli	ompT	99.72	363 / 363	"DAHBZU010000048.1 TPA_asm: Escherichia coli strain 548 SAMN26797296-rid14327243.denovo.049, whole genome shotgun sequence"	1590..1952	  Outer membrane protease (protein protease 7)	UDHB01000050
GCA_023211155.1	virulence_ecoli	stx2i-O9-CB10366	99.6	1242 / 1242	"DAHBZU010000053.1 TPA_asm: Escherichia coli strain 548 SAMN26797296-rid14327243.denovo.055, whole genome shotgun sequence"	918..2159	   stx2i-O9-CB10366	FN252457
GCA_023211155.1	virulence_ecoli	stx2i-O9-CB10366	99.6	1242 / 1242	"DAHBZU010000141.1 TPA_asm: Escherichia coli strain 548 SAMN26797296-rid14327243.guided.069, whole genome shotgun sequence"	1146..2387	   stx2i-O9-CB10366	FN252457
GCA_023211155.1	virulence_ecoli	terC	100	714 / 714	"DAHBZU010000003.1 TPA_asm: Escherichia coli strain 548 SAMN26797296-rid14327243.denovo.003, whole genome shotgun sequence"	183042..183755	  Tellurium ion resistance protein	CP007491
GCA_023211155.1	virulence_ecoli	terC	100	1041 / 1041	"DAHBZU010000047.1 TPA_asm: Escherichia coli strain 548 SAMN26797296-rid14327243.denovo.047, whole genome shotgun sequence"	1323..2363	  Tellurium ion resistance protein	CYAS01000072
GCA_023211155.1	virulence_ecoli	terC	98.85	959 / 966	"DAHBZU010000019.1 TPA_asm: Escherichia coli strain 548 SAMN26797296-rid14327243.denovo.019, whole genome shotgun sequence"	60475..61433	  Tellurium ion resistance protein	MG591698
GCA_023211155.1	virulence_ecoli	yehA	98.06	1033 / 1035	"DAHBZU010000008.1 TPA_asm: Escherichia coli strain 548 SAMN26797296-rid14327243.denovo.008, whole genome shotgun sequence"	80826..81858	"  Outer membrane lipoprotein, YHD fimbriael cluster"	CP042934
GCA_023211155.1	virulence_ecoli	yehB	97.86	2481 / 2481	"DAHBZU010000008.1 TPA_asm: Escherichia coli strain 548 SAMN26797296-rid14327243.denovo.008, whole genome shotgun sequence"	81874..84354	" Usher, YHD fimbriael cluster"	CP042934
GCA_023211155.1	virulence_ecoli	yehC	98.37	675 / 675	"DAHBZU010000008.1 TPA_asm: Escherichia coli strain 548 SAMN26797296-rid14327243.denovo.008, whole genome shotgun sequence"	84370..85044	" Chaperone, YHD fimbriael cluster"	CP042934
GCA_023211155.1	virulence_ecoli	yehD	98.71	543 / 543	"DAHBZU010000008.1 TPA_asm: Escherichia coli strain 548 SAMN26797296-rid14327243.denovo.008, whole genome shotgun sequence"	85125..85667	" Major pilin subunit, YHD fimbriael cluster"	CP042934
GCA_023211155.1	virulence_ecoli	yghJ	98.1	4573 / 4569	"DAHBZU010000032.1 TPA_asm: Escherichia coli strain 548 SAMN26797296-rid14327243.denovo.032, whole genome shotgun sequence"	27761..32329		CP002729
GCA_023211155.1	stx	stx2	99.6	1242 / 1242	"DAHBZU010000053.1 TPA_asm: Escherichia coli strain 548 SAMN26797296-rid14327243.denovo.055, whole genome shotgun sequence"	918..2159	"O9 CB10366, variant i"	FN252457
GCA_023211155.1	stx	stx2	99.6	1242 / 1242	"DAHBZU010000141.1 TPA_asm: Escherichia coli strain 548 SAMN26797296-rid14327243.guided.069, whole genome shotgun sequence"	1146..2387	"O9 CB10366, variant i"	FN252457
GCA_023768585.1	virulence_ecoli	cia	99.62	264 / 264	"ABGOSK010000074.1 Escherichia coli strain 1640989 SAMN28861568-rid14553833.denovo.076, whole genome shotgun sequence"	8659..8922	  Colicin ia	UGDH01000002
GCA_023768585.1	virulence_ecoli	csgA	98.68	456 / 456	"ABGOSK010000004.1 Escherichia coli strain 1640989 SAMN28861568-rid14553833.denovo.004, whole genome shotgun sequence"	97132..97587	 curlin major subunit CsgA	CP069646
GCA_023768585.1	virulence_ecoli	eltIIAB-a	98.33	1141 / 1141	"ABGOSK010000008.1 Escherichia coli strain 1640989 SAMN28861568-rid14553833.denovo.008, whole genome shotgun sequence"	135590..136730	   Heat-labile enterotoxin LTII-a	JQ031711
GCA_023768585.1	virulence_ecoli	fdeC	95.49	4254 / 4254	"ABGOSK010000038.1 Escherichia coli strain 1640989 SAMN28861568-rid14553833.denovo.038, whole genome shotgun sequence"	14334..18587	 intimin-like adhesin FdeC	AP010953
GCA_023768585.1	virulence_ecoli	fimH	100	489 / 489	"ABGOSK010000003.1 Escherichia coli strain 1640989 SAMN28861568-rid14553833.denovo.003, whole genome shotgun sequence"	55238..55726	   Type 1 fimbriae	NA
GCA_023768585.1	virulence_ecoli	hha	91.67	180 / 213	"ABGOSK010000058.1 Escherichia coli strain 1640989 SAMN28861568-rid14553833.denovo.059, whole genome shotgun sequence"	17715..17894	 hemolysin expression modulator Hha (previous rmoA)	453331
GCA_023768585.1	virulence_ecoli	hlyE	99.13	918 / 918	"ABGOSK010000031.1 Escherichia coli strain 1640989 SAMN28861568-rid14553833.denovo.031, whole genome shotgun sequence"	12347..13263	  Avian E. coli haemolysin	ECU57430
GCA_023768585.1	virulence_ecoli	iss	100	294 / 294	"ABGOSK010000054.1 Escherichia coli strain 1640989 SAMN28861568-rid14553833.denovo.055, whole genome shotgun sequence"	640..933	  Increased serum survival	CP001665
GCA_023768585.1	virulence_ecoli	lpfA	100	573 / 573	"ABGOSK010000026.1 Escherichia coli strain 1640989 SAMN28861568-rid14553833.denovo.026, whole genome shotgun sequence"	38410..38982	  Long polar fimbriae	KC207123
GCA_023768585.1	virulence_ecoli	nlpI	99.77	885 / 885	"ABGOSK010000011.1 Escherichia coli strain 1640989 SAMN28861568-rid14553833.denovo.011, whole genome shotgun sequence"	16234..17118	  lipoprotein NlpI precursor	CP000243
GCA_023768585.1	virulence_ecoli	ompT	99.72	363 / 363	"ABGOSK010000076.1 Escherichia coli strain 1640989 SAMN28861568-rid14553833.denovo.078, whole genome shotgun sequence"	1082..1444	  Outer membrane protease (protein protease 7)	UDHB01000050
GCA_023768585.1	virulence_ecoli	shiB	96.26	428 / 462	"ABGOSK010000042.1 Escherichia coli strain 1640989 SAMN28861568-rid14553833.denovo.042, whole genome shotgun sequence"	5277..5704	 homologs of the Shigella flexneri SHI-2 pathogenicity island gene shiA	AAD44732
GCA_023768585.1	virulence_ecoli	stx2i-O9-CB10366	99.6	1242 / 1242	"ABGOSK010000084.1 Escherichia coli strain 1640989 SAMN28861568-rid14553833.denovo.086, whole genome shotgun sequence"	1515..2756	   stx2i-O9-CB10366	FN252457
GCA_023768585.1	virulence_ecoli	stx2i-O9-CB10366	99.6	1242 / 1242	"ABGOSK010000172.1 Escherichia coli strain 1640989 SAMN28861568-rid14553833.guided.092, whole genome shotgun sequence"	2490..3731	   stx2i-O9-CB10366	FN252457
GCA_023768585.1	virulence_ecoli	terC	100	714 / 714	"ABGOSK010000037.1 Escherichia coli strain 1640989 SAMN28861568-rid14553833.denovo.037, whole genome shotgun sequence"	22741..23454	  Tellurium ion resistance protein	CP007491
GCA_023768585.1	virulence_ecoli	terC	98.85	959 / 966	"ABGOSK010000005.1 Escherichia coli strain 1640989 SAMN28861568-rid14553833.denovo.005, whole genome shotgun sequence"	103141..104099	  Tellurium ion resistance protein	MG591698
GCA_023768585.1	virulence_ecoli	tia	99.86	738 / 738	"ABGOSK010000069.1 Escherichia coli strain 1640989 SAMN28861568-rid14553833.denovo.071, whole genome shotgun sequence"	2950..3687	 Tia Invasion determinant	CP010172
GCA_023768585.1	virulence_ecoli	yehA	98.06	1033 / 1035	"ABGOSK010000015.1 Escherichia coli strain 1640989 SAMN28861568-rid14553833.denovo.015, whole genome shotgun sequence"	74289..75321	"  Outer membrane lipoprotein, YHD fimbriael cluster"	CP042934
GCA_023768585.1	virulence_ecoli	yehB	97.86	2481 / 2481	"ABGOSK010000015.1 Escherichia coli strain 1640989 SAMN28861568-rid14553833.denovo.015, whole genome shotgun sequence"	75337..77817	" Usher, YHD fimbriael cluster"	CP042934
GCA_023768585.1	virulence_ecoli	yehC	98.37	675 / 675	"ABGOSK010000015.1 Escherichia coli strain 1640989 SAMN28861568-rid14553833.denovo.015, whole genome shotgun sequence"	77833..78507	" Chaperone, YHD fimbriael cluster"	CP042934
GCA_023768585.1	virulence_ecoli	yehD	98.71	543 / 543	"ABGOSK010000015.1 Escherichia coli strain 1640989 SAMN28861568-rid14553833.denovo.015, whole genome shotgun sequence"	78588..79130	" Major pilin subunit, YHD fimbriael cluster"	CP042934
GCA_023768585.1	stx	stx2	99.6	1242 / 1242	"ABGOSK010000084.1 Escherichia coli strain 1640989 SAMN28861568-rid14553833.denovo.086, whole genome shotgun sequence"	1515..2756	"O9 CB10366, variant i"	FN252457
GCA_023768585.1	stx	stx2	99.6	1242 / 1242	"ABGOSK010000172.1 Escherichia coli strain 1640989 SAMN28861568-rid14553833.guided.092, whole genome shotgun sequence"	2490..3731	"O9 CB10366, variant i"	FN252457
GCA_025327895.1	virulence_ecoli	AslA	94.09	1657 / 1656	"ABIJHQ010000073.1 Escherichia coli strain 1704278 SAMN30899955-rid15372953.denovo.074, whole genome shotgun sequence"	1659..3314		CP054236
GCA_025327895.1	virulence_ecoli	cba	99.93	1536 / 1536	"ABIJHQ010000045.1 Escherichia coli strain 1704278 SAMN30899955-rid15372953.denovo.046, whole genome shotgun sequence"	8607..10142	  Colicin B	FJ664743
GCA_025327895.1	virulence_ecoli	cia	100	147 / 147	"ABIJHQ010000045.1 Escherichia coli strain 1704278 SAMN30899955-rid15372953.denovo.046, whole genome shotgun sequence"	17571..17717	  Colicin ia	QMGM01000002
GCA_025327895.1	virulence_ecoli	cma	99.75	816 / 816	"ABIJHQ010000045.1 Escherichia coli strain 1704278 SAMN30899955-rid15372953.denovo.046, whole genome shotgun sequence"	10931..11746	  Colicin M activity	FJ664724
GCA_025327895.1	virulence_ecoli	csgA	100	456 / 456	"ABIJHQ010000001.1 Escherichia coli strain 1704278 SAMN30899955-rid15372953.denovo.001, whole genome shotgun sequence"	149531..149986	 curlin major subunit CsgA	CP069646
GCA_025327895.1	virulence_ecoli	eltIIAB-a	98.33	1141 / 1141	"ABIJHQ010000060.1 Escherichia coli strain 1704278 SAMN30899955-rid15372953.denovo.061, whole genome shotgun sequence"	22691..23831	   Heat-labile enterotoxin LTII-a	JQ031711
GCA_025327895.1	virulence_ecoli	fdeC	92.86	4258 / 4254	"ABIJHQ010000019.1 Escherichia coli strain 1704278 SAMN30899955-rid15372953.denovo.019, whole genome shotgun sequence"	23616..27866	 intimin-like adhesin FdeC	AP010953
GCA_025327895.1	virulence_ecoli	fdeC	92.86	4258 / 4254	"ABIJHQ010000167.1 Escherichia coli strain 1704278 SAMN30899955-rid15372953.guided.031, whole genome shotgun sequence"	36605..40855	 intimin-like adhesin FdeC	AP010953
GCA_025327895.1	virulence_ecoli	fimH	100	489 / 489	"ABIJHQ010000053.1 Escherichia coli strain 1704278 SAMN30899955-rid15372953.denovo.054, whole genome shotgun sequence"	22440..22928	   Type 1 fimbriae	NA
GCA_025327895.1	virulence_ecoli	gad	100	893 / 1401	"ABIJHQ010000149.1 Escherichia coli strain 1704278 SAMN30899955-rid15372953.denovo.152, whole genome shotgun sequence"	1..893	  Glutamate decarboxylase	AP010953
GCA_025327895.1	virulence_ecoli	gad	100	893 / 1401	"ABIJHQ010000149.1 Escherichia coli strain 1704278 SAMN30899955-rid15372953.denovo.152, whole genome shotgun sequence"	1..893	  Glutamate decarboxylase	CP002967
GCA_025327895.1	virulence_ecoli	gad	100	893 / 1401	"ABIJHQ010000149.1 Escherichia coli strain 1704278 SAMN30899955-rid15372953.denovo.152, whole genome shotgun sequence"	1..893	  Glutamate decarboxylase	EF547380
GCA_025327895.1	virulence_ecoli	gad	100	893 / 1401	"ABIJHQ010000149.1 Escherichia coli strain 1704278 SAMN30899955-rid15372953.denovo.152, whole genome shotgun sequence"	1..893	  Glutamate decarboxylase	U00096
GCA_025327895.1	virulence_ecoli	hlyE	97.82	919 / 918	"ABIJHQ010000001.1 Escherichia coli strain 1704278 SAMN30899955-rid15372953.denovo.001, whole genome shotgun sequence"	39227..40133	  Avian E. coli haemolysin	ECU57430
GCA_025327895.1	virulence_ecoli	iss	99.66	294 / 294	"ABIJHQ010000056.1 Escherichia coli strain 1704278 SAMN30899955-rid15372953.denovo.057, whole genome shotgun sequence"	14509..14802	  Increased serum survival	CP001846
GCA_025327895.1	virulence_ecoli	mchB	99.66	294 / 294	"ABIJHQ010000025.1 Escherichia coli strain 1704278 SAMN30899955-rid15372953.denovo.025, whole genome shotgun sequence"	51513..51806	  Microcin H47 part of colicin H	AJ009631
GCA_025327895.1	virulence_ecoli	mchC	99.94	1551 / 1551	"ABIJHQ010000025.1 Escherichia coli strain 1704278 SAMN30899955-rid15372953.denovo.025, whole genome shotgun sequence"	49691..51241	  MchC protein	FN554766
GCA_025327895.1	virulence_ecoli	mchF	99.76	2097 / 2097	"ABIJHQ010000025.1 Escherichia coli strain 1704278 SAMN30899955-rid15372953.denovo.025, whole genome shotgun sequence"	45697..47793	  ABC transporter protein MchF	FN554766
GCA_025327895.1	virulence_ecoli	mcmA	100	279 / 279	"ABIJHQ010000025.1 Escherichia coli strain 1704278 SAMN30899955-rid15372953.denovo.025, whole genome shotgun sequence"	45165..45443	  Microcin M part of colicin H	AJ515251
GCA_025327895.1	virulence_ecoli	nlpI	99.77	885 / 885	"ABIJHQ010000005.1 Escherichia coli strain 1704278 SAMN30899955-rid15372953.denovo.005, whole genome shotgun sequence"	70471..71355	  lipoprotein NlpI precursor	CP000243
GCA_025327895.1	virulence_ecoli	stx2i-O9-CB10366	99.6	1242 / 1242	"ABIJHQ010000072.1 Escherichia coli strain 1704278 SAMN30899955-rid15372953.denovo.073, whole genome shotgun sequence"	1073..2314	   stx2i-O9-CB10366	FN252457
GCA_025327895.1	virulence_ecoli	stx2i-O9-CB10366	99.6	1242 / 1242	"ABIJHQ010000168.1 Escherichia coli strain 1704278 SAMN30899955-rid15372953.guided.105, whole genome shotgun sequence"	2490..3731	   stx2i-O9-CB10366	FN252457
GCA_025327895.1	virulence_ecoli	terC	100	714 / 714	"ABIJHQ010000034.1 Escherichia coli strain 1704278 SAMN30899955-rid15372953.denovo.035, whole genome shotgun sequence"	22744..23457	  Tellurium ion resistance protein	CP007491
GCA_025327895.1	virulence_ecoli	terC	99.9	959 / 966	"ABIJHQ010000031.1 Escherichia coli strain 1704278 SAMN30899955-rid15372953.denovo.032, whole genome shotgun sequence"	51294..52252	  Tellurium ion resistance protein	MG591698
GCA_025327895.1	virulence_ecoli	terC	100	1041 / 1041	"ABIJHQ010000084.1 Escherichia coli strain 1704278 SAMN30899955-rid15372953.denovo.085, whole genome shotgun sequence"	2874..3914	  Tellurium ion resistance protein	UINX01000003
GCA_025327895.1	virulence_ecoli	tia	99.73	738 / 738	"ABIJHQ010000088.1 Escherichia coli strain 1704278 SAMN30899955-rid15372953.denovo.089, whole genome shotgun sequence"	2422..3159	 Tia Invasion determinant	CP015995
GCA_025327895.1	virulence_ecoli	traJ	98.69	687 / 687	"ABIJHQ010000063.1 Escherichia coli strain 1704278 SAMN30899955-rid15372953.denovo.064, whole genome shotgun sequence"	23660..24346	  Protein TraJ (Positive regulator of conjugal transfer operon)	CP007150
GCA_025327895.1	virulence_ecoli	traT	100	732 / 732	"ABIJHQ010000063.1 Escherichia coli strain 1704278 SAMN30899955-rid15372953.denovo.064, whole genome shotgun sequence"	2109..2840	  Outer membrane protein complement resistance	CP009167
GCA_025327895.1	virulence_ecoli	yehA	98.26	1035 / 1035	"ABIJHQ010000010.1 Escherichia coli strain 1704278 SAMN30899955-rid15372953.denovo.010, whole genome shotgun sequence"	27041..28075	"  Outer membrane lipoprotein, YHD fimbriael cluster"	CP042934
GCA_025327895.1	virulence_ecoli	yehB	98.71	2481 / 2481	"ABIJHQ010000010.1 Escherichia coli strain 1704278 SAMN30899955-rid15372953.denovo.010, whole genome shotgun sequence"	24545..27025	" Usher, YHD fimbriael cluster"	CP042934
GCA_025327895.1	virulence_ecoli	yehC	97.63	675 / 675	"ABIJHQ010000010.1 Escherichia coli strain 1704278 SAMN30899955-rid15372953.denovo.010, whole genome shotgun sequence"	23855..24529	" Chaperone, YHD fimbriael cluster"	CP042934
GCA_025327895.1	virulence_ecoli	yehD	98.71	543 / 543	"ABIJHQ010000010.1 Escherichia coli strain 1704278 SAMN30899955-rid15372953.denovo.010, whole genome shotgun sequence"	23233..23775	" Major pilin subunit, YHD fimbriael cluster"	CP042934
GCA_025327895.1	stx	stx2	99.6	1242 / 1242	"ABIJHQ010000072.1 Escherichia coli strain 1704278 SAMN30899955-rid15372953.denovo.073, whole genome shotgun sequence"	1073..2314	"O9 CB10366, variant i"	FN252457
GCA_025327895.1	stx	stx2	99.6	1242 / 1242	"ABIJHQ010000168.1 Escherichia coli strain 1704278 SAMN30899955-rid15372953.guided.105, whole genome shotgun sequence"	2490..3731	"O9 CB10366, variant i"	FN252457
GCA_025988885.1	virulence_ecoli	csgA	98.9	456 / 456	"JAOQLZ010000001.1 Escherichia coli strain 09QMA303-1A 1, whole genome shotgun sequence"	110798..111253	 curlin major subunit CsgA	CP069646
GCA_025988885.1	virulence_ecoli	fdeC	95.51	4254 / 4254	"JAOQLZ010000001.1 Escherichia coli strain 09QMA303-1A 1, whole genome shotgun sequence"	931968..936221	 intimin-like adhesin FdeC	AP010953
GCA_025988885.1	virulence_ecoli	fimH	100	489 / 489	"JAOQLZ010000001.1 Escherichia coli strain 09QMA303-1A 1, whole genome shotgun sequence"	1394039..1394527	   Type 1 fimbriae	NA
GCA_025988885.1	virulence_ecoli	gad	99.86	1401 / 1401	"JAOQLZ010000001.1 Escherichia coli strain 09QMA303-1A 1, whole genome shotgun sequence"	4589338..4590738	  Glutamate decarboxylase	CP002967
GCA_025988885.1	virulence_ecoli	gad	100	1401 / 1401	"JAOQLZ010000001.1 Escherichia coli strain 09QMA303-1A 1, whole genome shotgun sequence"	2366258..2367658	  Glutamate decarboxylase	CU928160
GCA_025988885.1	virulence_ecoli	hlyE	99.13	918 / 918	"JAOQLZ010000001.1 Escherichia coli strain 09QMA303-1A 1, whole genome shotgun sequence"	4998310..4999226	  Avian E. coli haemolysin	ECU57430
GCA_025988885.1	virulence_ecoli	iss	99.32	294 / 294	"JAOQLZ010000001.1 Escherichia coli strain 09QMA303-1A 1, whole genome shotgun sequence"	655280..655573	  Increased serum survival	CP001665
GCA_025988885.1	virulence_ecoli	iss	99.32	294 / 294	"JAOQLZ010000001.1 Escherichia coli strain 09QMA303-1A 1, whole genome shotgun sequence"	655280..655573	  Increased serum survival	CP001846
GCA_025988885.1	virulence_ecoli	lpfA	100	573 / 573	"JAOQLZ010000001.1 Escherichia coli strain 09QMA303-1A 1, whole genome shotgun sequence"	2086816..2087388	  Long polar fimbriae	CP002185
GCA_025988885.1	virulence_ecoli	nlpI	99.77	885 / 885	"JAOQLZ010000001.1 Escherichia coli strain 09QMA303-1A 1, whole genome shotgun sequence"	2701729..2702613	  lipoprotein NlpI precursor	CP000243
GCA_025988885.1	virulence_ecoli	ompT	95.78	948 / 948	"JAOQLZ010000002.1 Escherichia coli strain 09QMA303-1A 2, whole genome shotgun sequence"	4347..5294	  Outer membrane protease (protein protease 7)	CDLB01000100
GCA_025988885.1	virulence_ecoli	ompT	99.72	363 / 363	"JAOQLZ010000001.1 Escherichia coli strain 09QMA303-1A 1, whole genome shotgun sequence"	628934..629296	  Outer membrane protease (protein protease 7)	UDHB01000050
GCA_025988885.1	virulence_ecoli	stx2i-O9-CB10366	99.6	1242 / 1242	"JAOQLZ010000001.1 Escherichia coli strain 09QMA303-1A 1, whole genome shotgun sequence"	1702110..1703351	   stx2i-O9-CB10366	FN252457
GCA_025988885.1	virulence_ecoli	terC	100	714 / 714	"JAOQLZ010000001.1 Escherichia coli strain 09QMA303-1A 1, whole genome shotgun sequence"	3072010..3072723	  Tellurium ion resistance protein	CP007491
GCA_025988885.1	virulence_ecoli	terC	99.9	966 / 966	"JAOQLZ010000001.1 Escherichia coli strain 09QMA303-1A 1, whole genome shotgun sequence"	2780035..2781000	  Tellurium ion resistance protein	MG591698
GCA_025988885.1	virulence_ecoli	traJ	98.84	687 / 687	"JAOQLZ010000002.1 Escherichia coli strain 09QMA303-1A 2, whole genome shotgun sequence"	77481..78167	  Protein TraJ (Positive regulator of conjugal transfer operon)	CP007150
GCA_025988885.1	virulence_ecoli	traT	99.86	732 / 732	"JAOQLZ010000002.1 Escherichia coli strain 09QMA303-1A 2, whole genome shotgun sequence"	53144..53875	  Outer membrane protein complement resistance	CP009167
GCA_025988885.1	virulence_ecoli	yehA	98.16	1033 / 1035	"JAOQLZ010000001.1 Escherichia coli strain 09QMA303-1A 1, whole genome shotgun sequence"	3847067..3848099	"  Outer membrane lipoprotein, YHD fimbriael cluster"	CP042934
GCA_025988885.1	virulence_ecoli	yehB	97.86	2481 / 2481	"JAOQLZ010000001.1 Escherichia coli strain 09QMA303-1A 1, whole genome shotgun sequence"	3844571..3847051	" Usher, YHD fimbriael cluster"	CP042934
GCA_025988885.1	virulence_ecoli	yehC	98.67	675 / 675	"JAOQLZ010000001.1 Escherichia coli strain 09QMA303-1A 1, whole genome shotgun sequence"	3843881..3844555	" Chaperone, YHD fimbriael cluster"	CP042934
GCA_025988885.1	virulence_ecoli	yehD	98.53	543 / 543	"JAOQLZ010000001.1 Escherichia coli strain 09QMA303-1A 1, whole genome shotgun sequence"	3843258..3843800	" Major pilin subunit, YHD fimbriael cluster"	CP042934
GCA_025988885.1	virulence_ecoli	yghJ	91.89	4576 / 4569	"JAOQLZ010000001.1 Escherichia coli strain 09QMA303-1A 1, whole genome shotgun sequence"	2904907..2909472		CP043217
GCA_025988885.1	stx	stx2	99.6	1242 / 1242	"JAOQLZ010000001.1 Escherichia coli strain 09QMA303-1A 1, whole genome shotgun sequence"	1702110..1703351	"O9 CB10366, variant i"	FN252457
GCA_028221245.1	virulence_ecoli	capU	99.91	1089 / 1089	"DANALH010000062.1 TPA_asm: Escherichia coli isolate 2021-2715 SAMEA112275639-rid16901863.denovo.062, whole genome shotgun sequence"	10906..11994	 Hexosyltransferase homolog	CP002729
GCA_028221245.1	virulence_ecoli	capU	99.91	1089 / 1089	"DANALH010000062.1 TPA_asm: Escherichia coli isolate 2021-2715 SAMEA112275639-rid16901863.denovo.062, whole genome shotgun sequence"	10906..11994	 Hexosyltransferase homolog	CU928145
GCA_028221245.1	virulence_ecoli	csgA	100	456 / 456	"DANALH010000012.1 TPA_asm: Escherichia coli isolate 2021-2715 SAMEA112275639-rid16901863.denovo.012, whole genome shotgun sequence"	111198..111653	 curlin major subunit CsgA	CP069646
GCA_028221245.1	virulence_ecoli	eltIIAB-a	98.42	1141 / 1141	"DANALH010000054.1 TPA_asm: Escherichia coli isolate 2021-2715 SAMEA112275639-rid16901863.denovo.054, whole genome shotgun sequence"	23469..24609	   Heat-labile enterotoxin LTII-a	JQ031711
GCA_028221245.1	virulence_ecoli	fdeC	93.57	4258 / 4254	"DANALH010000052.1 TPA_asm: Escherichia coli isolate 2021-2715 SAMEA112275639-rid16901863.denovo.052, whole genome shotgun sequence"	15783..20033	 intimin-like adhesin FdeC	AP010953
GCA_028221245.1	virulence_ecoli	gad	100	1401 / 1401	"DANALH010000032.1 TPA_asm: Escherichia coli isolate 2021-2715 SAMEA112275639-rid16901863.denovo.032, whole genome shotgun sequence"	22757..24157	  Glutamate decarboxylase	AP010953
GCA_028221245.1	virulence_ecoli	gad	99	1401 / 1401	"DANALH010000039.1 TPA_asm: Escherichia coli isolate 2021-2715 SAMEA112275639-rid16901863.denovo.039, whole genome shotgun sequence"	4321..5721	  Glutamate decarboxylase	BA000007
GCA_028221245.1	virulence_ecoli	hlyE	98.69	918 / 918	"DANALH010000012.1 TPA_asm: Escherichia coli isolate 2021-2715 SAMEA112275639-rid16901863.denovo.012, whole genome shotgun sequence"	884..1801	  Avian E. coli haemolysin	ECU57430
GCA_028221245.1	virulence_ecoli	nlpI	99.77	885 / 885	"DANALH010000007.1 TPA_asm: Escherichia coli isolate 2021-2715 SAMEA112275639-rid16901863.denovo.007, whole genome shotgun sequence"	35141..36025	  lipoprotein NlpI precursor	CP000243
GCA_028221245.1	virulence_ecoli	stx2i-O9-CB10366	99.6	1242 / 1242	"DANALH010000069.1 TPA_asm: Escherichia coli isolate 2021-2715 SAMEA112275639-rid16901863.denovo.070, whole genome shotgun sequence"	1548..2789	   stx2i-O9-CB10366	FN252457
GCA_028221245.1	virulence_ecoli	stx2i-O9-CB10366	99.6	1242 / 1242	"DANALH010000141.1 TPA_asm: Escherichia coli isolate 2021-2715 SAMEA112275639-rid16901863.guided.089, whole genome shotgun sequence"	2550..3791	   stx2i-O9-CB10366	FN252457
GCA_028221245.1	virulence_ecoli	terC	99.86	714 / 714	"DANALH010000002.1 TPA_asm: Escherichia coli isolate 2021-2715 SAMEA112275639-rid16901863.denovo.002, whole genome shotgun sequence"	191219..191932	  Tellurium ion resistance protein	CP007491
GCA_028221245.1	virulence_ecoli	terC	100	1041 / 1041	"DANALH010000070.1 TPA_asm: Escherichia coli isolate 2021-2715 SAMEA112275639-rid16901863.denovo.072, whole genome shotgun sequence"	1329..2369	  Tellurium ion resistance protein	CYAS01000072
GCA_028221245.1	virulence_ecoli	terC	99.9	966 / 966	"DANALH010000029.1 TPA_asm: Escherichia coli isolate 2021-2715 SAMEA112275639-rid16901863.denovo.029, whole genome shotgun sequence"	25378..26343	  Tellurium ion resistance protein	MG591698
GCA_028221245.1	virulence_ecoli	traT	99.73	732 / 732	"DANALH010000046.1 TPA_asm: Escherichia coli isolate 2021-2715 SAMEA112275639-rid16901863.denovo.046, whole genome shotgun sequence"	25833..26564	  Outer membrane protein complement resistance	AKLT01000045
GCA_028221245.1	virulence_ecoli	yehA	98.45	1035 / 1035	"DANALH010000010.1 TPA_asm: Escherichia coli isolate 2021-2715 SAMEA112275639-rid16901863.denovo.010, whole genome shotgun sequence"	40783..41817	"  Outer membrane lipoprotein, YHD fimbriael cluster"	CP042934
GCA_028221245.1	virulence_ecoli	yehB	98.79	2481 / 2481	"DANALH010000010.1 TPA_asm: Escherichia coli isolate 2021-2715 SAMEA112275639-rid16901863.denovo.010, whole genome shotgun sequence"	38287..40767	" Usher, YHD fimbriael cluster"	CP042934
GCA_028221245.1	virulence_ecoli	yehC	97.78	675 / 675	"DANALH010000010.1 TPA_asm: Escherichia coli isolate 2021-2715 SAMEA112275639-rid16901863.denovo.010, whole genome shotgun sequence"	37597..38271	" Chaperone, YHD fimbriael cluster"	CP042934
GCA_028221245.1	virulence_ecoli	yehD	98.53	543 / 543	"DANALH010000010.1 TPA_asm: Escherichia coli isolate 2021-2715 SAMEA112275639-rid16901863.denovo.010, whole genome shotgun sequence"	36975..37517	" Major pilin subunit, YHD fimbriael cluster"	CP042934
GCA_028221245.1	virulence_ecoli	yghJ	91.36	4574 / 4569	"DANALH010000001.1 TPA_asm: Escherichia coli isolate 2021-2715 SAMEA112275639-rid16901863.denovo.001, whole genome shotgun sequence"	88975..93531		CP002729
GCA_028221245.1	stx	stx2	99.6	1242 / 1242	"DANALH010000069.1 TPA_asm: Escherichia coli isolate 2021-2715 SAMEA112275639-rid16901863.denovo.070, whole genome shotgun sequence"	1548..2789	"O9 CB10366, variant i"	FN252457
GCA_028221245.1	stx	stx2	99.6	1242 / 1242	"DANALH010000141.1 TPA_asm: Escherichia coli isolate 2021-2715 SAMEA112275639-rid16901863.guided.089, whole genome shotgun sequence"	2550..3791	"O9 CB10366, variant i"	FN252457
GCA_028240895.1	virulence_ecoli	capU	99.91	1089 / 1089	"DANAVN010000072.1 TPA_asm: Escherichia coli isolate 2021-2169 SAMEA112275358-rid16901063.denovo.073, whole genome shotgun sequence"	10906..11994	 Hexosyltransferase homolog	CP002729
GCA_028240895.1	virulence_ecoli	capU	99.91	1089 / 1089	"DANAVN010000072.1 TPA_asm: Escherichia coli isolate 2021-2169 SAMEA112275358-rid16901063.denovo.073, whole genome shotgun sequence"	10906..11994	 Hexosyltransferase homolog	CU928145
GCA_028240895.1	virulence_ecoli	csgA	100	456 / 456	"DANAVN010000010.1 TPA_asm: Escherichia coli isolate 2021-2169 SAMEA112275358-rid16901063.denovo.010, whole genome shotgun sequence"	111197..111652	 curlin major subunit CsgA	CP069646
GCA_028240895.1	virulence_ecoli	eltIIAB-a	98.42	1141 / 1141	"DANAVN010000055.1 TPA_asm: Escherichia coli isolate 2021-2169 SAMEA112275358-rid16901063.denovo.055, whole genome shotgun sequence"	23399..24539	   Heat-labile enterotoxin LTII-a	JQ031711
GCA_028240895.1	virulence_ecoli	fdeC	93.57	4258 / 4254	"DANAVN010000051.1 TPA_asm: Escherichia coli isolate 2021-2169 SAMEA112275358-rid16901063.denovo.051, whole genome shotgun sequence"	15783..20033	 intimin-like adhesin FdeC	AP010953
GCA_028240895.1	virulence_ecoli	hlyE	98.69	918 / 918	"DANAVN010000010.1 TPA_asm: Escherichia coli isolate 2021-2169 SAMEA112275358-rid16901063.denovo.010, whole genome shotgun sequence"	884..1801	  Avian E. coli haemolysin	ECU57430
GCA_028240895.1	virulence_ecoli	nlpI	99.77	885 / 885	"DANAVN010000012.1 TPA_asm: Escherichia coli isolate 2021-2169 SAMEA112275358-rid16901063.denovo.012, whole genome shotgun sequence"	35142..36026	  lipoprotein NlpI precursor	CP000243
GCA_028240895.1	virulence_ecoli	shiB	96.26	428 / 462	"DANAVN010000047.1 TPA_asm: Escherichia coli isolate 2021-2169 SAMEA112275358-rid16901063.denovo.047, whole genome shotgun sequence"	4782..5209	 homologs of the Shigella flexneri SHI-2 pathogenicity island gene shiA	AAD44732
GCA_028240895.1	virulence_ecoli	stx2i-O9-CB10366	99.6	1242 / 1242	"DANAVN010000080.1 TPA_asm: Escherichia coli isolate 2021-2169 SAMEA112275358-rid16901063.denovo.082, whole genome shotgun sequence"	1229..2470	   stx2i-O9-CB10366	FN252457
GCA_028240895.1	virulence_ecoli	stx2i-O9-CB10366	99.6	1242 / 1242	"DANAVN010000163.1 TPA_asm: Escherichia coli isolate 2021-2169 SAMEA112275358-rid16901063.guided.124, whole genome shotgun sequence"	1252..2493	   stx2i-O9-CB10366	FN252457
GCA_028240895.1	virulence_ecoli	terC	99.86	714 / 714	"DANAVN010000001.1 TPA_asm: Escherichia coli isolate 2021-2169 SAMEA112275358-rid16901063.denovo.001, whole genome shotgun sequence"	191439..192152	  Tellurium ion resistance protein	CP007491
GCA_028240895.1	virulence_ecoli	terC	100	1041 / 1041	"DANAVN010000079.1 TPA_asm: Escherichia coli isolate 2021-2169 SAMEA112275358-rid16901063.denovo.081, whole genome shotgun sequence"	1323..2363	  Tellurium ion resistance protein	CYAS01000072
GCA_028240895.1	virulence_ecoli	terC	99.9	966 / 966	"DANAVN010000025.1 TPA_asm: Escherichia coli isolate 2021-2169 SAMEA112275358-rid16901063.denovo.025, whole genome shotgun sequence"	31429..32394	  Tellurium ion resistance protein	MG591698
GCA_028240895.1	virulence_ecoli	tia	99.86	738 / 738	"DANAVN010000058.1 TPA_asm: Escherichia coli isolate 2021-2169 SAMEA112275358-rid16901063.denovo.058, whole genome shotgun sequence"	17091..17828	 Tia Invasion determinant	CP010172
GCA_028240895.1	virulence_ecoli	traT	99.73	732 / 732	"DANAVN010000053.1 TPA_asm: Escherichia coli isolate 2021-2169 SAMEA112275358-rid16901063.denovo.053, whole genome shotgun sequence"	9312..10043	  Outer membrane protein complement resistance	AKLT01000045
GCA_028240895.1	virulence_ecoli	yehA	98.45	1035 / 1035	"DANAVN010000005.1 TPA_asm: Escherichia coli isolate 2021-2169 SAMEA112275358-rid16901063.denovo.005, whole genome shotgun sequence"	45401..46435	"  Outer membrane lipoprotein, YHD fimbriael cluster"	CP042934
GCA_028240895.1	virulence_ecoli	yehB	98.79	2481 / 2481	"DANAVN010000005.1 TPA_asm: Escherichia coli isolate 2021-2169 SAMEA112275358-rid16901063.denovo.005, whole genome shotgun sequence"	46451..48931	" Usher, YHD fimbriael cluster"	CP042934
GCA_028240895.1	virulence_ecoli	yehC	97.78	675 / 675	"DANAVN010000005.1 TPA_asm: Escherichia coli isolate 2021-2169 SAMEA112275358-rid16901063.denovo.005, whole genome shotgun sequence"	48947..49621	" Chaperone, YHD fimbriael cluster"	CP042934
GCA_028240895.1	virulence_ecoli	yehD	98.53	543 / 543	"DANAVN010000005.1 TPA_asm: Escherichia coli isolate 2021-2169 SAMEA112275358-rid16901063.denovo.005, whole genome shotgun sequence"	49701..50243	" Major pilin subunit, YHD fimbriael cluster"	CP042934
GCA_028240895.1	virulence_ecoli	yghJ	91.36	4574 / 4569	"DANAVN010000003.1 TPA_asm: Escherichia coli isolate 2021-2169 SAMEA112275358-rid16901063.denovo.003, whole genome shotgun sequence"	88975..93531		CP002729
GCA_028240895.1	stx	stx2	99.6	1242 / 1242	"DANAVN010000080.1 TPA_asm: Escherichia coli isolate 2021-2169 SAMEA112275358-rid16901063.denovo.082, whole genome shotgun sequence"	1229..2470	"O9 CB10366, variant i"	FN252457
GCA_028240895.1	stx	stx2	99.6	1242 / 1242	"DANAVN010000163.1 TPA_asm: Escherichia coli isolate 2021-2169 SAMEA112275358-rid16901063.guided.124, whole genome shotgun sequence"	1252..2493	"O9 CB10366, variant i"	FN252457
GCA_029481885.1	virulence_ecoli	csgA	99.78	456 / 456	"DAODVT010000015.1 TPA_asm: Escherichia coli isolate 663_811_23 SAMEA4964526-rid17540443.denovo.015, whole genome shotgun sequence"	110970..111425	 curlin major subunit CsgA	CP069646
GCA_029481885.1	virulence_ecoli	fdeC	93.05	4258 / 4254	"DAODVT010000026.1 TPA_asm: Escherichia coli isolate 663_811_23 SAMEA4964526-rid17540443.denovo.026, whole genome shotgun sequence"	49206..53456	 intimin-like adhesin FdeC	AP010953
GCA_029481885.1	virulence_ecoli	fimH	100	489 / 489	"DAODVT010000013.1 TPA_asm: Escherichia coli isolate 663_811_23 SAMEA4964526-rid17540443.denovo.013, whole genome shotgun sequence, thr leader region"	122807..123295	   Type 1 fimbriae	NA
GCA_029481885.1	virulence_ecoli	gad	100	1401 / 1401	"DAODVT010000004.1 TPA_asm: Escherichia coli isolate 663_811_23 SAMEA4964526-rid17540443.denovo.004, whole genome shotgun sequence"	188216..189616	  Glutamate decarboxylase	AP010953
GCA_029481885.1	virulence_ecoli	gad	100	1401 / 1401	"DAODVT010000012.1 TPA_asm: Escherichia coli isolate 663_811_23 SAMEA4964526-rid17540443.denovo.012, whole genome shotgun sequence"	115333..116733	  Glutamate decarboxylase	CP004009
GCA_029481885.1	virulence_ecoli	hlyE	99.24	918 / 918	"DAODVT010000015.1 TPA_asm: Escherichia coli isolate 663_811_23 SAMEA4964526-rid17540443.denovo.015, whole genome shotgun sequence"	876..1793	  Avian E. coli haemolysin	ECU57430
GCA_029481885.1	virulence_ecoli	iss	100	294 / 294	"DAODVT010000042.1 TPA_asm: Escherichia coli isolate 663_811_23 SAMEA4964526-rid17540443.denovo.042, whole genome shotgun sequence"	141..434	  Increased serum survival	CP001665
GCA_029481885.1	virulence_ecoli	lpfA	100	573 / 573	"DAODVT010000010.1 TPA_asm: Escherichia coli isolate 663_811_23 SAMEA4964526-rid17540443.denovo.010, whole genome shotgun sequence, rose (repression of heat shock gene expression) occurs in the 5'-region of heat shock genes and acts as an rna thermometer to modulate expression"	165447..166019	  Long polar fimbriae	AY646923
GCA_029481885.1	virulence_ecoli	nlpI	99.77	885 / 885	"DAODVT010000014.1 TPA_asm: Escherichia coli isolate 663_811_23 SAMEA4964526-rid17540443.denovo.014, whole genome shotgun sequence"	21495..22379	  lipoprotein NlpI precursor	CP000243
GCA_029481885.1	virulence_ecoli	ompT	100	954 / 954	"DAODVT010000035.1 TPA_asm: Escherichia coli isolate 663_811_23 SAMEA4964526-rid17540443.denovo.035, whole genome shotgun sequence"	32281..33234	  Outer membrane protease (protein protease 7)	AMVC01000243
GCA_029481885.1	virulence_ecoli	ompT	95.78	948 / 948	"DAODVT010000034.1 TPA_asm: Escherichia coli isolate 663_811_23 SAMEA4964526-rid17540443.denovo.034, whole genome shotgun sequence"	15943..16890	  Outer membrane protease (protein protease 7)	CDLB01000100
GCA_029481885.1	virulence_ecoli	sitA	100	915 / 915	"DAODVT010000019.1 TPA_asm: Escherichia coli isolate 663_811_23 SAMEA4964526-rid17540443.denovo.019, whole genome shotgun sequence"	89155..90069	  Iron transport protein	HG977190
GCA_029481885.1	virulence_ecoli	stx2i-O9-CB10366	99.6	1242 / 1242	"DAODVT010000025.1 TPA_asm: Escherichia coli isolate 663_811_23 SAMEA4964526-rid17540443.denovo.025, whole genome shotgun sequence"	918..2159	   stx2i-O9-CB10366	FN252457
GCA_029481885.1	virulence_ecoli	stx2i-O9-CB10366	99.6	1242 / 1242	"DAODVT010000106.1 TPA_asm: Escherichia coli isolate 663_811_23 SAMEA4964526-rid17540443.guided.056, whole genome shotgun sequence"	2490..3731	   stx2i-O9-CB10366	FN252457
GCA_029481885.1	virulence_ecoli	terC	99.58	714 / 714	"DAODVT010000002.1 TPA_asm: Escherichia coli isolate 663_811_23 SAMEA4964526-rid17540443.denovo.002, whole genome shotgun sequence"	83034..83747	  Tellurium ion resistance protein	CP007491
GCA_029481885.1	virulence_ecoli	terC	100	966 / 966	"DAODVT010000014.1 TPA_asm: Escherichia coli isolate 663_811_23 SAMEA4964526-rid17540443.denovo.014, whole genome shotgun sequence"	98729..99694	  Tellurium ion resistance protein	MG591698
GCA_029481885.1	virulence_ecoli	traJ	98.84	687 / 687	"DAODVT010000027.1 TPA_asm: Escherichia coli isolate 663_811_23 SAMEA4964526-rid17540443.denovo.027, whole genome shotgun sequence, al1l pseudoknot"	48889..49575	  Protein TraJ (Positive regulator of conjugal transfer operon)	CP007150
GCA_029481885.1	virulence_ecoli	traT	99.86	732 / 732	"DAODVT010000027.1 TPA_asm: Escherichia coli isolate 663_811_23 SAMEA4964526-rid17540443.denovo.027, whole genome shotgun sequence, al1l pseudoknot"	27338..28069	  Outer membrane protein complement resistance	CP009167
GCA_029481885.1	virulence_ecoli	yehA	99.03	1035 / 1035	"DAODVT010000046.1 TPA_asm: Escherichia coli isolate 663_811_23 SAMEA4964526-rid17540443.denovo.047, whole genome shotgun sequence"	2883..3917	"  Outer membrane lipoprotein, YHD fimbriael cluster"	CP042934
GCA_029481885.1	virulence_ecoli	yehB	97.66	2481 / 2481	"DAODVT010000046.1 TPA_asm: Escherichia coli isolate 663_811_23 SAMEA4964526-rid17540443.denovo.047, whole genome shotgun sequence"	387..2867	" Usher, YHD fimbriael cluster"	CP042934
GCA_029481885.1	virulence_ecoli	yehD	98.71	543 / 543	"DAODVT010000018.1 TPA_asm: Escherichia coli isolate 663_811_23 SAMEA4964526-rid17540443.denovo.018, whole genome shotgun sequence"	205..747	" Major pilin subunit, YHD fimbriael cluster"	CP042934
GCA_029481885.1	virulence_ecoli	yghJ	98.03	4574 / 4569	"DAODVT010000002.1 TPA_asm: Escherichia coli isolate 663_811_23 SAMEA4964526-rid17540443.denovo.002, whole genome shotgun sequence"	249914..254479		CP002729
GCA_029481885.1	stx	stx2	99.6	1242 / 1242	"DAODVT010000025.1 TPA_asm: Escherichia coli isolate 663_811_23 SAMEA4964526-rid17540443.denovo.025, whole genome shotgun sequence"	918..2159	"O9 CB10366, variant i"	FN252457
GCA_029481885.1	stx	stx2	99.6	1242 / 1242	"DAODVT010000106.1 TPA_asm: Escherichia coli isolate 663_811_23 SAMEA4964526-rid17540443.guided.056, whole genome shotgun sequence"	2490..3731	"O9 CB10366, variant i"	FN252457
GCA_036292925.1	virulence_ecoli	anr	97.67	129 / 213	"JAVGKK010000046.1 Escherichia coli strain AGR5468 Contig_46_73.4774, whole genome shotgun sequence"	8908..9036	 AraC negative regulator	AL391753
GCA_036292925.1	virulence_ecoli	csgA	98.9	456 / 456	"JAVGKK010000015.1 Escherichia coli strain AGR5468 Contig_15_61.3722, whole genome shotgun sequence"	98839..99294	 curlin major subunit CsgA	CP069646
GCA_036292925.1	virulence_ecoli	eltIIAB-a	98.6	1141 / 1141	"JAVGKK010000145.1 Escherichia coli strain AGR5468 Contig_145_54.239, whole genome shotgun sequence"	133033..134173	   Heat-labile enterotoxin LTII-a	JQ031711
GCA_036292925.1	virulence_ecoli	fdeC	96.29	4254 / 4254	"JAVGKK010000126.1 Escherichia coli strain AGR5468 Contig_126_74.713, whole genome shotgun sequence"	15536..19789	 intimin-like adhesin FdeC	AP010953
GCA_036292925.1	virulence_ecoli	fimH	100	489 / 489	"JAVGKK010000056.1 Escherichia coli strain AGR5468 Contig_56_83.8121, whole genome shotgun sequence"	60815..61303	   Type 1 fimbriae	NA
GCA_036292925.1	virulence_ecoli	hlyE	99.02	918 / 918	"JAVGKK010000024.1 Escherichia coli strain AGR5468 Contig_24_52.6579, whole genome shotgun sequence"	103749..104665	  Avian E. coli haemolysin	ECU57430
GCA_036292925.1	virulence_ecoli	hra	99.19	741 / 741	"JAVGKK010000134.1 Escherichia coli strain AGR5468 Contig_134_92.1329, whole genome shotgun sequence"	748..1488	  Heat-resistant agglutinin	CP007149
GCA_036292925.1	virulence_ecoli	hra	99.19	741 / 741	"JAVGKK010000134.1 Escherichia coli strain AGR5468 Contig_134_92.1329, whole genome shotgun sequence"	748..1488	  Heat-resistant agglutinin	CP040456
GCA_036292925.1	virulence_ecoli	hra	99.73	747 / 747	"JAVGKK010000106.1 Escherichia coli strain AGR5468 Contig_106_81.3013, whole genome shotgun sequence"	246..992	  Heat-resistant agglutinin	LM995856
GCA_036292925.1	virulence_ecoli	iss	99.66	294 / 294	"JAVGKK010000124.1 Escherichia coli strain AGR5468 Contig_124_55.2731, whole genome shotgun sequence"	1561..1854	  Increased serum survival	CP001665
GCA_036292925.1	virulence_ecoli	iss	99.66	294 / 294	"JAVGKK010000124.1 Escherichia coli strain AGR5468 Contig_124_55.2731, whole genome shotgun sequence"	1561..1854	  Increased serum survival	CP001846
GCA_036292925.1	virulence_ecoli	lpfA	100	573 / 573	"JAVGKK010000007.1 Escherichia coli strain AGR5468 Contig_7_94.6472, whole genome shotgun sequence"	120173..120745	  Long polar fimbriae	AP010953
GCA_036292925.1	virulence_ecoli	nlpI	99.77	885 / 885	"JAVGKK010000143.1 Escherichia coli strain AGR5468 Contig_143_87.9801, whole genome shotgun sequence"	20699..21583	  lipoprotein NlpI precursor	CP000243
GCA_036292925.1	virulence_ecoli	ompT	96.62	948 / 948	"JAVGKK010000116.1 Escherichia coli strain AGR5468 Contig_116_44.3548, whole genome shotgun sequence"	8954..9901	  Outer membrane protease (protein protease 7)	CDLB01000100
GCA_036292925.1	virulence_ecoli	shiB	96.96	428 / 462	"JAVGKK010000106.1 Escherichia coli strain AGR5468 Contig_106_81.3013, whole genome shotgun sequence"	5873..6300	 homologs of the Shigella flexneri SHI-2 pathogenicity island gene shiA	AAD44732
GCA_036292925.1	virulence_ecoli	shiB	96.73	428 / 462	"JAVGKK010000134.1 Escherichia coli strain AGR5468 Contig_134_92.1329, whole genome shotgun sequence"	3435..3862	 homologs of the Shigella flexneri SHI-2 pathogenicity island gene shiA	AAD44732
GCA_036292925.1	virulence_ecoli	stx2i-O9-CB10366	99.6	1242 / 1242	"JAVGKK010000023.1 Escherichia coli strain AGR5468 Contig_23_98.53, whole genome shotgun sequence"	918..2159	   stx2i-O9-CB10366	FN252457
GCA_036292925.1	virulence_ecoli	terC	99.72	714 / 714	"JAVGKK010000153.1 Escherichia coli strain AGR5468 Contig_153_71.6996, whole genome shotgun sequence"	35433..36146	  Tellurium ion resistance protein	CP007491
GCA_036292925.1	virulence_ecoli	terC	100	1041 / 1041	"JAVGKK010000036.1 Escherichia coli strain AGR5468 Contig_36_80.5592, whole genome shotgun sequence"	1323..2363	  Tellurium ion resistance protein	CYAS01000072
GCA_036292925.1	virulence_ecoli	terC	99.9	966 / 966	"JAVGKK010000111.1 Escherichia coli strain AGR5468 Contig_111_77.313, whole genome shotgun sequence"	54909..55874	  Tellurium ion resistance protein	MG591698
GCA_036292925.1	virulence_ecoli	traJ	98.55	690 / 690	"JAVGKK010000046.1 Escherichia coli strain AGR5468 Contig_46_73.4774, whole genome shotgun sequence"	41471..42160	  Protein TraJ (Positive regulator of conjugal transfer operon)	AF550679
GCA_036292925.1	virulence_ecoli	traT	99.73	732 / 732	"JAVGKK010000046.1 Escherichia coli strain AGR5468 Contig_46_73.4774, whole genome shotgun sequence"	18990..19721	  Outer membrane protein complement resistance	AKLT01000045
GCA_036292925.1	virulence_ecoli	yehA	98.55	1033 / 1035	"JAVGKK010000041.1 Escherichia coli strain AGR5468 Contig_41_67.8161, whole genome shotgun sequence"	250550..251582	"  Outer membrane lipoprotein, YHD fimbriael cluster"	CP042934
GCA_036292925.1	virulence_ecoli	yehB	97.94	2481 / 2481	"JAVGKK010000041.1 Escherichia coli strain AGR5468 Contig_41_67.8161, whole genome shotgun sequence"	248054..250534	" Usher, YHD fimbriael cluster"	CP042934
GCA_036292925.1	virulence_ecoli	yehC	100	675 / 675	"JAVGKK010000041.1 Escherichia coli strain AGR5468 Contig_41_67.8161, whole genome shotgun sequence"	247364..248038	" Chaperone, YHD fimbriael cluster"	CP042934
GCA_036292925.1	virulence_ecoli	yehD	99.08	543 / 543	"JAVGKK010000041.1 Escherichia coli strain AGR5468 Contig_41_67.8161, whole genome shotgun sequence"	246742..247284	" Major pilin subunit, YHD fimbriael cluster"	CP042934
GCA_036292925.1	virulence_ecoli	yghJ	98.12	4573 / 4569	"JAVGKK010000123.1 Escherichia coli strain AGR5468 Contig_123_85.6041, whole genome shotgun sequence"	17413..21981		CP002729
GCA_036292925.1	stx	stx2	99.6	1242 / 1242	"JAVGKK010000023.1 Escherichia coli strain AGR5468 Contig_23_98.53, whole genome shotgun sequence"	918..2159	"O9 CB10366, variant i"	FN252457
GCA_036299585.1	virulence_ecoli	anr	97.67	129 / 213	"JAVGSS010000095.1 Escherichia coli strain AGR4630 Contig_95_92.4713, whole genome shotgun sequence"	65585..65713	 AraC negative regulator	AL391753
GCA_036299585.1	virulence_ecoli	csgA	98.9	456 / 456	"JAVGSS010000093.1 Escherichia coli strain AGR4630 Contig_93_57.7451, whole genome shotgun sequence"	137518..137973	 curlin major subunit CsgA	CP069646
GCA_036299585.1	virulence_ecoli	eltIIAB-a	98.6	1141 / 1141	"JAVGSS010000126.1 Escherichia coli strain AGR4630 Contig_126_52.3014, whole genome shotgun sequence"	133033..134173	   Heat-labile enterotoxin LTII-a	JQ031711
GCA_036299585.1	virulence_ecoli	fdeC	96.29	4254 / 4254	"JAVGSS010000060.1 Escherichia coli strain AGR4630 Contig_60_68.9862, whole genome shotgun sequence"	80880..85133	 intimin-like adhesin FdeC	AP010953
GCA_036299585.1	virulence_ecoli	fimH	100	489 / 489	"JAVGSS010000090.1 Escherichia coli strain AGR4630 Contig_90_78.2172, whole genome shotgun sequence"	62779..63267	   Type 1 fimbriae	NA
GCA_036299585.1	virulence_ecoli	gad	100	1137 / 1401	"JAVGSS010000104.1 Escherichia coli strain AGR4630 Contig_104_80.0622, whole genome shotgun sequence"	190473..191609	  Glutamate decarboxylase	AP010953
GCA_036299585.1	virulence_ecoli	gad	100	1137 / 1401	"JAVGSS010000104.1 Escherichia coli strain AGR4630 Contig_104_80.0622, whole genome shotgun sequence"	190473..191609	  Glutamate decarboxylase	U00096
GCA_036299585.1	virulence_ecoli	hlyE	99.02	918 / 918	"JAVGSS010000023.1 Escherichia coli strain AGR4630 Contig_23_54.3497, whole genome shotgun sequence"	103749..104665	  Avian E. coli haemolysin	ECU57430
GCA_036299585.1	virulence_ecoli	hra	99.19	741 / 741	"JAVGSS010000025.1 Escherichia coli strain AGR4630 Contig_25_84.9452, whole genome shotgun sequence"	779..1519	  Heat-resistant agglutinin	CP007149
GCA_036299585.1	virulence_ecoli	hra	99.19	741 / 741	"JAVGSS010000025.1 Escherichia coli strain AGR4630 Contig_25_84.9452, whole genome shotgun sequence"	779..1519	  Heat-resistant agglutinin	CP040456
GCA_036299585.1	virulence_ecoli	hra	99.73	747 / 747	"JAVGSS010000041.1 Escherichia coli strain AGR4630 Contig_41_73.4195, whole genome shotgun sequence"	140561..141307	  Heat-resistant agglutinin	LM995856
GCA_036299585.1	virulence_ecoli	iss	99.66	294 / 294	"JAVGSS010000093.1 Escherichia coli strain AGR4630 Contig_93_57.7451, whole genome shotgun sequence"	25690..25983	  Increased serum survival	CP001665
GCA_036299585.1	virulence_ecoli	iss	99.66	294 / 294	"JAVGSS010000093.1 Escherichia coli strain AGR4630 Contig_93_57.7451, whole genome shotgun sequence"	25690..25983	  Increased serum survival	CP001846
GCA_036299585.1	virulence_ecoli	lpfA	100	573 / 573	"JAVGSS010000016.1 Escherichia coli strain AGR4630 Contig_16_85.7865, whole genome shotgun sequence"	121016..121588	  Long polar fimbriae	AP010953
GCA_036299585.1	virulence_ecoli	nlpI	99.77	885 / 885	"JAVGSS010000038.1 Escherichia coli strain AGR4630 Contig_38_78.6023, whole genome shotgun sequence"	108774..109658	  lipoprotein NlpI precursor	CP000243
GCA_036299585.1	virulence_ecoli	ompT	96.62	948 / 948	"JAVGSS010000116.1 Escherichia coli strain AGR4630 Contig_116_74.921, whole genome shotgun sequence"	11044..11991	  Outer membrane protease (protein protease 7)	CDLB01000100
GCA_036299585.1	virulence_ecoli	shiB	96.73	428 / 462	"JAVGSS010000025.1 Escherichia coli strain AGR4630 Contig_25_84.9452, whole genome shotgun sequence"	3466..3893	 homologs of the Shigella flexneri SHI-2 pathogenicity island gene shiA	AAD44732
GCA_036299585.1	virulence_ecoli	shiB	96.96	428 / 462	"JAVGSS010000041.1 Escherichia coli strain AGR4630 Contig_41_73.4195, whole genome shotgun sequence"	135253..135680	 homologs of the Shigella flexneri SHI-2 pathogenicity island gene shiA	AAD44732
GCA_036299585.1	virulence_ecoli	stx2i-O9-CB10366	99.6	1242 / 1242	"JAVGSS010000022.1 Escherichia coli strain AGR4630 Contig_22_97.4387, whole genome shotgun sequence"	918..2159	   stx2i-O9-CB10366	FN252457
GCA_036299585.1	virulence_ecoli	terC	99.72	714 / 714	"JAVGSS010000040.1 Escherichia coli strain AGR4630 Contig_40_65.8219, whole genome shotgun sequence"	35980..36693	  Tellurium ion resistance protein	CP007491
GCA_036299585.1	virulence_ecoli	terC	100	1041 / 1041	"JAVGSS010000028.1 Escherichia coli strain AGR4630 Contig_28_80.7774, whole genome shotgun sequence"	1323..2363	  Tellurium ion resistance protein	CYAS01000072
GCA_036299585.1	virulence_ecoli	terC	99.9	966 / 966	"JAVGSS010000038.1 Escherichia coli strain AGR4630 Contig_38_78.6023, whole genome shotgun sequence"	32156..33121	  Tellurium ion resistance protein	MG591698
GCA_036299585.1	virulence_ecoli	traJ	98.55	690 / 690	"JAVGSS010000095.1 Escherichia coli strain AGR4630 Contig_95_92.4713, whole genome shotgun sequence"	32461..33150	  Protein TraJ (Positive regulator of conjugal transfer operon)	AF550679
GCA_036299585.1	virulence_ecoli	traT	99.73	732 / 732	"JAVGSS010000095.1 Escherichia coli strain AGR4630 Contig_95_92.4713, whole genome shotgun sequence"	54900..55631	  Outer membrane protein complement resistance	AKLT01000045
GCA_036299585.1	virulence_ecoli	yehA	98.55	1033 / 1035	"JAVGSS010000121.1 Escherichia coli strain AGR4630 Contig_121_61.4629, whole genome shotgun sequence"	250195..251227	"  Outer membrane lipoprotein, YHD fimbriael cluster"	CP042934
GCA_036299585.1	virulence_ecoli	yehB	97.94	2481 / 2481	"JAVGSS010000121.1 Escherichia coli strain AGR4630 Contig_121_61.4629, whole genome shotgun sequence"	247699..250179	" Usher, YHD fimbriael cluster"	CP042934
GCA_036299585.1	virulence_ecoli	yehC	100	675 / 675	"JAVGSS010000121.1 Escherichia coli strain AGR4630 Contig_121_61.4629, whole genome shotgun sequence"	247009..247683	" Chaperone, YHD fimbriael cluster"	CP042934
GCA_036299585.1	virulence_ecoli	yehD	99.08	543 / 543	"JAVGSS010000121.1 Escherichia coli strain AGR4630 Contig_121_61.4629, whole genome shotgun sequence"	246387..246929	" Major pilin subunit, YHD fimbriael cluster"	CP042934
GCA_036299585.1	virulence_ecoli	yghJ	98.12	4573 / 4569	"JAVGSS010000024.1 Escherichia coli strain AGR4630 Contig_24_77.8949, whole genome shotgun sequence"	18467..23035		CP002729
GCA_036299585.1	stx	stx2	99.6	1242 / 1242	"JAVGSS010000022.1 Escherichia coli strain AGR4630 Contig_22_97.4387, whole genome shotgun sequence"	918..2159	"O9 CB10366, variant i"	FN252457
GCA_037035515.1	virulence_ecoli	cia	99.62	264 / 264	"ABQOPK010000076.1 Escherichia coli strain 1829105 SAMN40255785-rid21202123.denovo.078, whole genome shotgun sequence"	8654..8917	  Colicin ia	UGDH01000002
GCA_037035515.1	virulence_ecoli	csgA	98.9	456 / 456	"ABQOPK010000017.1 Escherichia coli strain 1829105 SAMN40255785-rid21202123.denovo.017, whole genome shotgun sequence"	92130..92585	 curlin major subunit CsgA	CP069646
GCA_037035515.1	virulence_ecoli	eltIIAB-a	98.33	1141 / 1141	"ABQOPK010000004.1 Escherichia coli strain 1829105 SAMN40255785-rid21202123.denovo.004, whole genome shotgun sequence"	135586..136726	   Heat-labile enterotoxin LTII-a	JQ031711
GCA_037035515.1	virulence_ecoli	fdeC	95.49	4254 / 4254	"ABQOPK010000022.1 Escherichia coli strain 1829105 SAMN40255785-rid21202123.denovo.022, whole genome shotgun sequence"	14340..18593	 intimin-like adhesin FdeC	AP010953
GCA_037035515.1	virulence_ecoli	fimH	100	489 / 489	"ABQOPK010000029.1 Escherichia coli strain 1829105 SAMN40255785-rid21202123.denovo.029, whole genome shotgun sequence"	55246..55734	   Type 1 fimbriae	NA
GCA_037035515.1	virulence_ecoli	hha	91.67	180 / 213	"ABQOPK010000036.1 Escherichia coli strain 1829105 SAMN40255785-rid21202123.denovo.036, whole genome shotgun sequence"	50868..51047	 hemolysin expression modulator Hha (previous rmoA)	453331
GCA_037035515.1	virulence_ecoli	hlyE	99.13	918 / 918	"ABQOPK010000032.1 Escherichia coli strain 1829105 SAMN40255785-rid21202123.denovo.032, whole genome shotgun sequence"	17310..18226	  Avian E. coli haemolysin	ECU57430
GCA_037035515.1	virulence_ecoli	iss	100	294 / 294	"ABQOPK010000106.1 Escherichia coli strain 1829105 SAMN40255785-rid21202123.denovo.109, whole genome shotgun sequence"	928..1221	  Increased serum survival	CP001665
GCA_037035515.1	virulence_ecoli	lpfA	100	573 / 573	"ABQOPK010000044.1 Escherichia coli strain 1829105 SAMN40255785-rid21202123.denovo.044, whole genome shotgun sequence"	38411..38983	  Long polar fimbriae	KC207123
GCA_037035515.1	virulence_ecoli	nlpI	99.77	885 / 885	"ABQOPK010000011.1 Escherichia coli strain 1829105 SAMN40255785-rid21202123.denovo.011, whole genome shotgun sequence"	16222..17106	  lipoprotein NlpI precursor	CP000243
GCA_037035515.1	virulence_ecoli	ompT	99.72	363 / 363	"ABQOPK010000074.1 Escherichia coli strain 1829105 SAMN40255785-rid21202123.denovo.076, whole genome shotgun sequence"	1132..1494	  Outer membrane protease (protein protease 7)	UDHB01000050
GCA_037035515.1	virulence_ecoli	stx2i-O9-CB10366	99.6	1242 / 1242	"ABQOPK010000078.1 Escherichia coli strain 1829105 SAMN40255785-rid21202123.denovo.080, whole genome shotgun sequence"	1515..2756	   stx2i-O9-CB10366	FN252457
GCA_037035515.1	virulence_ecoli	stx2i-O9-CB10366	99.6	1242 / 1242	"ABQOPK010000201.1 Escherichia coli strain 1829105 SAMN40255785-rid21202123.guided.095, whole genome shotgun sequence"	2490..3731	   stx2i-O9-CB10366	FN252457
GCA_037035515.1	virulence_ecoli	terC	100	714 / 714	"ABQOPK010000005.1 Escherichia coli strain 1829105 SAMN40255785-rid21202123.denovo.005, whole genome shotgun sequence"	22941..23654	  Tellurium ion resistance protein	CP007491
GCA_037035515.1	virulence_ecoli	terC	100	1041 / 1041	"ABQOPK010000072.1 Escherichia coli strain 1829105 SAMN40255785-rid21202123.denovo.074, whole genome shotgun sequence"	1326..2366	  Tellurium ion resistance protein	CYAS01000072
GCA_037035515.1	virulence_ecoli	terC	98.85	959 / 966	"ABQOPK010000021.1 Escherichia coli strain 1829105 SAMN40255785-rid21202123.denovo.021, whole genome shotgun sequence"	35992..36950	  Tellurium ion resistance protein	MG591698
GCA_037035515.1	virulence_ecoli	traT	99.68	627 / 627	"ABQOPK010000042.1 Escherichia coli strain 1829105 SAMN40255785-rid21202123.denovo.042, whole genome shotgun sequence"	17733..18359	  Outer membrane protein complement resistance	AY686591
GCA_037035515.1	virulence_ecoli	yehA	98.06	1033 / 1035	"ABQOPK010000012.1 Escherichia coli strain 1829105 SAMN40255785-rid21202123.denovo.012, whole genome shotgun sequence"	80282..81314	"  Outer membrane lipoprotein, YHD fimbriael cluster"	CP042934
GCA_037035515.1	virulence_ecoli	yehB	97.86	2481 / 2481	"ABQOPK010000012.1 Escherichia coli strain 1829105 SAMN40255785-rid21202123.denovo.012, whole genome shotgun sequence"	81330..83810	" Usher, YHD fimbriael cluster"	CP042934
GCA_037035515.1	virulence_ecoli	yehC	98.37	675 / 675	"ABQOPK010000012.1 Escherichia coli strain 1829105 SAMN40255785-rid21202123.denovo.012, whole genome shotgun sequence"	83826..84500	" Chaperone, YHD fimbriael cluster"	CP042934
GCA_037035515.1	virulence_ecoli	yehD	98.71	543 / 543	"ABQOPK010000012.1 Escherichia coli strain 1829105 SAMN40255785-rid21202123.denovo.012, whole genome shotgun sequence"	84581..85123	" Major pilin subunit, YHD fimbriael cluster"	CP042934
GCA_037035515.1	virulence_ecoli	yghJ	98.1	4573 / 4569	"ABQOPK010000031.1 Escherichia coli strain 1829105 SAMN40255785-rid21202123.denovo.031, whole genome shotgun sequence"	27761..32329		CP002729
GCA_037035515.1	stx	stx2	99.6	1242 / 1242	"ABQOPK010000078.1 Escherichia coli strain 1829105 SAMN40255785-rid21202123.denovo.080, whole genome shotgun sequence"	1515..2756	"O9 CB10366, variant i"	FN252457
GCA_037035515.1	stx	stx2	99.6	1242 / 1242	"ABQOPK010000201.1 Escherichia coli strain 1829105 SAMN40255785-rid21202123.guided.095, whole genome shotgun sequence"	2490..3731	"O9 CB10366, variant i"	FN252457
GCA_038017815.1	virulence_ecoli	AslA	94.09	1657 / 1656	"ABRPLV010000066.1 Escherichia coli strain 01465088 SAMN40859897-rid21406793.denovo.067, whole genome shotgun sequence"	1659..3314		CP054236
GCA_038017815.1	virulence_ecoli	cba	99.93	1536 / 1536	"ABRPLV010000018.1 Escherichia coli strain 01465088 SAMN40859897-rid21406793.denovo.018, whole genome shotgun sequence"	53870..55405	  Colicin B	FJ664743
GCA_038017815.1	virulence_ecoli	cia	100	147 / 147	"ABRPLV010000018.1 Escherichia coli strain 01465088 SAMN40859897-rid21406793.denovo.018, whole genome shotgun sequence"	62834..62980	  Colicin ia	QMGM01000002
GCA_038017815.1	virulence_ecoli	cma	99.75	816 / 816	"ABRPLV010000018.1 Escherichia coli strain 01465088 SAMN40859897-rid21406793.denovo.018, whole genome shotgun sequence"	56194..57009	  Colicin M activity	FJ664724
GCA_038017815.1	virulence_ecoli	csgA	100	456 / 456	"ABRPLV010000001.1 Escherichia coli strain 01465088 SAMN40859897-rid21406793.denovo.001, whole genome shotgun sequence"	148988..149443	 curlin major subunit CsgA	CP069646
GCA_038017815.1	virulence_ecoli	eltIIAB-a	98.33	1141 / 1141	"ABRPLV010000057.1 Escherichia coli strain 01465088 SAMN40859897-rid21406793.denovo.058, whole genome shotgun sequence"	22133..23273	   Heat-labile enterotoxin LTII-a	JQ031711
GCA_038017815.1	virulence_ecoli	fdeC	92.86	4258 / 4254	"ABRPLV010000022.1 Escherichia coli strain 01465088 SAMN40859897-rid21406793.denovo.022, whole genome shotgun sequence"	23616..27866	 intimin-like adhesin FdeC	AP010953
GCA_038017815.1	virulence_ecoli	fimH	100	489 / 489	"ABRPLV010000050.1 Escherichia coli strain 01465088 SAMN40859897-rid21406793.denovo.050, whole genome shotgun sequence"	22440..22928	   Type 1 fimbriae	NA
GCA_038017815.1	virulence_ecoli	hlyE	97.82	919 / 918	"ABRPLV010000001.1 Escherichia coli strain 01465088 SAMN40859897-rid21406793.denovo.001, whole genome shotgun sequence"	38692..39598	  Avian E. coli haemolysin	ECU57430
GCA_038017815.1	virulence_ecoli	iss	99.66	294 / 294	"ABRPLV010000065.1 Escherichia coli strain 01465088 SAMN40859897-rid21406793.denovo.066, whole genome shotgun sequence"	5078..5371	  Increased serum survival	CP001846
GCA_038017815.1	virulence_ecoli	mchB	99.66	294 / 294	"ABRPLV010000028.1 Escherichia coli strain 01465088 SAMN40859897-rid21406793.denovo.028, whole genome shotgun sequence"	51512..51805	  Microcin H47 part of colicin H	AJ009631
GCA_038017815.1	virulence_ecoli	mchC	99.94	1551 / 1551	"ABRPLV010000028.1 Escherichia coli strain 01465088 SAMN40859897-rid21406793.denovo.028, whole genome shotgun sequence"	49690..51240	  MchC protein	FN554766
GCA_038017815.1	virulence_ecoli	mchF	99.76	2097 / 2097	"ABRPLV010000028.1 Escherichia coli strain 01465088 SAMN40859897-rid21406793.denovo.028, whole genome shotgun sequence"	45696..47792	  ABC transporter protein MchF	FN554766
GCA_038017815.1	virulence_ecoli	mcmA	100	279 / 279	"ABRPLV010000028.1 Escherichia coli strain 01465088 SAMN40859897-rid21406793.denovo.028, whole genome shotgun sequence"	45164..45442	  Microcin M part of colicin H	AJ515251
GCA_038017815.1	virulence_ecoli	nlpI	99.77	885 / 885	"ABRPLV010000008.1 Escherichia coli strain 01465088 SAMN40859897-rid21406793.denovo.008, whole genome shotgun sequence"	40157..41041	  lipoprotein NlpI precursor	CP000243
GCA_038017815.1	virulence_ecoli	stx2i-O9-CB10366	99.6	1242 / 1242	"ABRPLV010000063.1 Escherichia coli strain 01465088 SAMN40859897-rid21406793.denovo.064, whole genome shotgun sequence"	1073..2314	   stx2i-O9-CB10366	FN252457
GCA_038017815.1	virulence_ecoli	stx2i-O9-CB10366	99.6	1242 / 1242	"ABRPLV010000197.1 Escherichia coli strain 01465088 SAMN40859897-rid21406793.guided.108, whole genome shotgun sequence"	2490..3731	   stx2i-O9-CB10366	FN252457
GCA_038017815.1	virulence_ecoli	terC	100	714 / 714	"ABRPLV010000003.1 Escherichia coli strain 01465088 SAMN40859897-rid21406793.denovo.003, whole genome shotgun sequence"	22764..23477	  Tellurium ion resistance protein	CP007491
GCA_038017815.1	virulence_ecoli	terC	99.9	959 / 966	"ABRPLV010000020.1 Escherichia coli strain 01465088 SAMN40859897-rid21406793.denovo.020, whole genome shotgun sequence"	30656..31614	  Tellurium ion resistance protein	MG591698
GCA_038017815.1	virulence_ecoli	terC	100	1041 / 1041	"ABRPLV010000080.1 Escherichia coli strain 01465088 SAMN40859897-rid21406793.denovo.081, whole genome shotgun sequence"	2874..3914	  Tellurium ion resistance protein	UINX01000003
GCA_038017815.1	virulence_ecoli	tia	99.73	738 / 738	"ABRPLV010000084.1 Escherichia coli strain 01465088 SAMN40859897-rid21406793.denovo.085, whole genome shotgun sequence"	2589..3326	 Tia Invasion determinant	CP015995
GCA_038017815.1	virulence_ecoli	traJ	98.69	687 / 687	"ABRPLV010000018.1 Escherichia coli strain 01465088 SAMN40859897-rid21406793.denovo.018, whole genome shotgun sequence"	32501..33187	  Protein TraJ (Positive regulator of conjugal transfer operon)	CP007150
GCA_038017815.1	virulence_ecoli	traT	100	732 / 732	"ABRPLV010000018.1 Escherichia coli strain 01465088 SAMN40859897-rid21406793.denovo.018, whole genome shotgun sequence"	10950..11681	  Outer membrane protein complement resistance	CP009167
GCA_038017815.1	virulence_ecoli	yehA	98.26	1035 / 1035	"ABRPLV010000011.1 Escherichia coli strain 01465088 SAMN40859897-rid21406793.denovo.011, whole genome shotgun sequence"	27023..28057	"  Outer membrane lipoprotein, YHD fimbriael cluster"	CP042934
GCA_038017815.1	virulence_ecoli	yehB	98.71	2481 / 2481	"ABRPLV010000011.1 Escherichia coli strain 01465088 SAMN40859897-rid21406793.denovo.011, whole genome shotgun sequence"	24527..27007	" Usher, YHD fimbriael cluster"	CP042934
GCA_038017815.1	virulence_ecoli	yehC	97.63	675 / 675	"ABRPLV010000011.1 Escherichia coli strain 01465088 SAMN40859897-rid21406793.denovo.011, whole genome shotgun sequence"	23837..24511	" Chaperone, YHD fimbriael cluster"	CP042934
GCA_038017815.1	virulence_ecoli	yehD	98.71	543 / 543	"ABRPLV010000011.1 Escherichia coli strain 01465088 SAMN40859897-rid21406793.denovo.011, whole genome shotgun sequence"	23215..23757	" Major pilin subunit, YHD fimbriael cluster"	CP042934
GCA_038017815.1	stx	stx2	99.6	1242 / 1242	"ABRPLV010000063.1 Escherichia coli strain 01465088 SAMN40859897-rid21406793.denovo.064, whole genome shotgun sequence"	1073..2314	"O9 CB10366, variant i"	FN252457
GCA_038017815.1	stx	stx2	99.6	1242 / 1242	"ABRPLV010000197.1 Escherichia coli strain 01465088 SAMN40859897-rid21406793.guided.108, whole genome shotgun sequence"	2490..3731	"O9 CB10366, variant i"	FN252457
GCA_038086625.1	virulence_ecoli	AslA	94.09	1657 / 1656	"ABRRPU010000031.1 Escherichia coli strain 01466934 SAMN40923829-rid21434043.denovo.031, whole genome shotgun sequence"	16678..18333		CP054236
GCA_038086625.1	virulence_ecoli	cba	99.93	1536 / 1536	"ABRRPU010000020.1 Escherichia coli strain 01466934 SAMN40923829-rid21434043.denovo.020, whole genome shotgun sequence"	53870..55405	  Colicin B	FJ664743
GCA_038086625.1	virulence_ecoli	cia	100	147 / 147	"ABRRPU010000020.1 Escherichia coli strain 01466934 SAMN40923829-rid21434043.denovo.020, whole genome shotgun sequence"	62834..62980	  Colicin ia	QMGM01000002
GCA_038086625.1	virulence_ecoli	cma	99.75	816 / 816	"ABRRPU010000020.1 Escherichia coli strain 01466934 SAMN40923829-rid21434043.denovo.020, whole genome shotgun sequence"	56194..57009	  Colicin M activity	FJ664724
GCA_038086625.1	virulence_ecoli	csgA	100	456 / 456	"ABRRPU010000004.1 Escherichia coli strain 01466934 SAMN40923829-rid21434043.denovo.004, whole genome shotgun sequence"	148988..149443	 curlin major subunit CsgA	CP069646
GCA_038086625.1	virulence_ecoli	eltIIAB-a	98.33	1141 / 1141	"ABRRPU010000061.1 Escherichia coli strain 01466934 SAMN40923829-rid21434043.denovo.061, whole genome shotgun sequence"	22133..23273	   Heat-labile enterotoxin LTII-a	JQ031711
GCA_038086625.1	virulence_ecoli	fdeC	92.86	4258 / 4254	"ABRRPU010000023.1 Escherichia coli strain 01466934 SAMN40923829-rid21434043.denovo.023, whole genome shotgun sequence"	23616..27866	 intimin-like adhesin FdeC	AP010953
GCA_038086625.1	virulence_ecoli	fimH	100	489 / 489	"ABRRPU010000057.1 Escherichia coli strain 01466934 SAMN40923829-rid21434043.denovo.057, whole genome shotgun sequence"	22439..22927	   Type 1 fimbriae	NA
GCA_038086625.1	virulence_ecoli	hlyE	97.82	919 / 918	"ABRRPU010000004.1 Escherichia coli strain 01466934 SAMN40923829-rid21434043.denovo.004, whole genome shotgun sequence"	38692..39598	  Avian E. coli haemolysin	ECU57430
GCA_038086625.1	virulence_ecoli	iss	99.66	294 / 294	"ABRRPU010000067.1 Escherichia coli strain 01466934 SAMN40923829-rid21434043.denovo.067, whole genome shotgun sequence"	5078..5371	  Increased serum survival	CP001846
GCA_038086625.1	virulence_ecoli	mchB	99.66	294 / 294	"ABRRPU010000028.1 Escherichia coli strain 01466934 SAMN40923829-rid21434043.denovo.028, whole genome shotgun sequence"	51512..51805	  Microcin H47 part of colicin H	AJ009631
GCA_038086625.1	virulence_ecoli	mchC	99.94	1551 / 1551	"ABRRPU010000028.1 Escherichia coli strain 01466934 SAMN40923829-rid21434043.denovo.028, whole genome shotgun sequence"	49690..51240	  MchC protein	FN554766
GCA_038086625.1	virulence_ecoli	mchF	99.76	2097 / 2097	"ABRRPU010000028.1 Escherichia coli strain 01466934 SAMN40923829-rid21434043.denovo.028, whole genome shotgun sequence"	45696..47792	  ABC transporter protein MchF	FN554766
GCA_038086625.1	virulence_ecoli	mcmA	100	279 / 279	"ABRRPU010000028.1 Escherichia coli strain 01466934 SAMN40923829-rid21434043.denovo.028, whole genome shotgun sequence"	45164..45442	  Microcin M part of colicin H	AJ515251
GCA_038086625.1	virulence_ecoli	nlpI	99.77	885 / 885	"ABRRPU010000010.1 Escherichia coli strain 01466934 SAMN40923829-rid21434043.denovo.010, whole genome shotgun sequence"	40266..41150	  lipoprotein NlpI precursor	CP000243
GCA_038086625.1	virulence_ecoli	stx2i-O9-CB10366	99.6	1242 / 1242	"ABRRPU010000064.1 Escherichia coli strain 01466934 SAMN40923829-rid21434043.denovo.064, whole genome shotgun sequence"	1073..2314	   stx2i-O9-CB10366	FN252457
GCA_038086625.1	virulence_ecoli	stx2i-O9-CB10366	99.6	1242 / 1242	"ABRRPU010000210.1 Escherichia coli strain 01466934 SAMN40923829-rid21434043.guided.111, whole genome shotgun sequence"	2490..3731	   stx2i-O9-CB10366	FN252457
GCA_038086625.1	virulence_ecoli	terC	100	714 / 714	"ABRRPU010000001.1 Escherichia coli strain 01466934 SAMN40923829-rid21434043.denovo.001, whole genome shotgun sequence"	22734..23447	  Tellurium ion resistance protein	CP007491
GCA_038086625.1	virulence_ecoli	terC	99.9	959 / 966	"ABRRPU010000019.1 Escherichia coli strain 01466934 SAMN40923829-rid21434043.denovo.019, whole genome shotgun sequence"	30645..31603	  Tellurium ion resistance protein	MG591698
GCA_038086625.1	virulence_ecoli	terC	100	1041 / 1041	"ABRRPU010000082.1 Escherichia coli strain 01466934 SAMN40923829-rid21434043.denovo.084, whole genome shotgun sequence"	2874..3914	  Tellurium ion resistance protein	UINX01000003
GCA_038086625.1	virulence_ecoli	tia	99.73	738 / 738	"ABRRPU010000086.1 Escherichia coli strain 01466934 SAMN40923829-rid21434043.denovo.088, whole genome shotgun sequence"	2399..3136	 Tia Invasion determinant	CP015995
GCA_038086625.1	virulence_ecoli	traJ	98.69	687 / 687	"ABRRPU010000020.1 Escherichia coli strain 01466934 SAMN40923829-rid21434043.denovo.020, whole genome shotgun sequence"	32501..33187	  Protein TraJ (Positive regulator of conjugal transfer operon)	CP007150
GCA_038086625.1	virulence_ecoli	traT	100	732 / 732	"ABRRPU010000020.1 Escherichia coli strain 01466934 SAMN40923829-rid21434043.denovo.020, whole genome shotgun sequence"	10950..11681	  Outer membrane protein complement resistance	CP009167
GCA_038086625.1	virulence_ecoli	yehA	98.26	1035 / 1035	"ABRRPU010000007.1 Escherichia coli strain 01466934 SAMN40923829-rid21434043.denovo.007, whole genome shotgun sequence"	27023..28057	"  Outer membrane lipoprotein, YHD fimbriael cluster"	CP042934
GCA_038086625.1	virulence_ecoli	yehB	98.71	2481 / 2481	"ABRRPU010000007.1 Escherichia coli strain 01466934 SAMN40923829-rid21434043.denovo.007, whole genome shotgun sequence"	24527..27007	" Usher, YHD fimbriael cluster"	CP042934
GCA_038086625.1	virulence_ecoli	yehC	97.63	675 / 675	"ABRRPU010000007.1 Escherichia coli strain 01466934 SAMN40923829-rid21434043.denovo.007, whole genome shotgun sequence"	23837..24511	" Chaperone, YHD fimbriael cluster"	CP042934
GCA_038086625.1	virulence_ecoli	yehD	98.71	543 / 543	"ABRRPU010000007.1 Escherichia coli strain 01466934 SAMN40923829-rid21434043.denovo.007, whole genome shotgun sequence"	23215..23757	" Major pilin subunit, YHD fimbriael cluster"	CP042934
GCA_038086625.1	stx	stx2	99.6	1242 / 1242	"ABRRPU010000064.1 Escherichia coli strain 01466934 SAMN40923829-rid21434043.denovo.064, whole genome shotgun sequence"	1073..2314	"O9 CB10366, variant i"	FN252457
GCA_038086625.1	stx	stx2	99.6	1242 / 1242	"ABRRPU010000210.1 Escherichia coli strain 01466934 SAMN40923829-rid21434043.guided.111, whole genome shotgun sequence"	2490..3731	"O9 CB10366, variant i"	FN252457
GCA_038420345.1	virulence_ecoli	csgA	98.9	456 / 456	"ABRVMF010000005.1 Escherichia coli strain 01474328 SAMN41027598-rid21476243.denovo.005, whole genome shotgun sequence"	192335..192790	 curlin major subunit CsgA	CP069646
GCA_038420345.1	virulence_ecoli	eltIIAB-a	98.33	1141 / 1141	"ABRVMF010000040.1 Escherichia coli strain 01474328 SAMN41027598-rid21476243.denovo.041, whole genome shotgun sequence"	23990..25130	   Heat-labile enterotoxin LTII-a	JQ031711
GCA_038420345.1	virulence_ecoli	fdeC	95.49	4254 / 4254	"ABRVMF010000011.1 Escherichia coli strain 01474328 SAMN41027598-rid21476243.denovo.011, whole genome shotgun sequence"	52428..56681	 intimin-like adhesin FdeC	AP010953
GCA_038420345.1	virulence_ecoli	fimH	100	489 / 489	"ABRVMF010000001.1 Escherichia coli strain 01474328 SAMN41027598-rid21476243.denovo.001, whole genome shotgun sequence"	94747..95235	   Type 1 fimbriae	NA
GCA_038420345.1	virulence_ecoli	hha	95.31	213 / 213	"ABRVMF010000021.1 Escherichia coli strain 01474328 SAMN41027598-rid21476243.denovo.021, whole genome shotgun sequence"	4574..4786	 hemolysin expression modulator Hha (previous rmoA)	453331
GCA_038420345.1	virulence_ecoli	hlyE	99.13	918 / 918	"ABRVMF010000005.1 Escherichia coli strain 01474328 SAMN41027598-rid21476243.denovo.005, whole genome shotgun sequence"	81935..82851	  Avian E. coli haemolysin	ECU57430
GCA_038420345.1	virulence_ecoli	iss	100	294 / 294	"ABRVMF010000007.1 Escherichia coli strain 01474328 SAMN41027598-rid21476243.denovo.007, whole genome shotgun sequence"	192939..193232	  Increased serum survival	CP001665
GCA_038420345.1	virulence_ecoli	lpfA	100	573 / 573	"ABRVMF010000010.1 Escherichia coli strain 01474328 SAMN41027598-rid21476243.denovo.010, whole genome shotgun sequence"	152371..152943	  Long polar fimbriae	KC207123
GCA_038420345.1	virulence_ecoli	nlpI	99.77	885 / 885	"ABRVMF010000016.1 Escherichia coli strain 01474328 SAMN41027598-rid21476243.denovo.016, whole genome shotgun sequence"	3532..4416	  lipoprotein NlpI precursor	CP000243
GCA_038420345.1	virulence_ecoli	ompT	100	954 / 954	"ABRVMF010000057.1 Escherichia coli strain 01474328 SAMN41027598-rid21476243.denovo.058, whole genome shotgun sequence"	8150..9103	  Outer membrane protease (protein protease 7)	AMVC01000243
GCA_038420345.1	virulence_ecoli	ompT	96.62	948 / 948	"ABRVMF010000052.1 Escherichia coli strain 01474328 SAMN41027598-rid21476243.denovo.053, whole genome shotgun sequence"	14824..15771	  Outer membrane protease (protein protease 7)	CDLB01000100
GCA_038420345.1	virulence_ecoli	stx2i-O9-CB10366	99.6	1242 / 1242	"ABRVMF010000026.1 Escherichia coli strain 01474328 SAMN41027598-rid21476243.denovo.026, whole genome shotgun sequence"	918..2159	   stx2i-O9-CB10366	FN252457
GCA_038420345.1	virulence_ecoli	stx2i-O9-CB10366	99.6	1242 / 1242	"ABRVMF010000203.1 Escherichia coli strain 01474328 SAMN41027598-rid21476243.guided.067, whole genome shotgun sequence"	2490..3731	   stx2i-O9-CB10366	FN252457
GCA_038420345.1	virulence_ecoli	terC	100	714 / 714	"ABRVMF010000013.1 Escherichia coli strain 01474328 SAMN41027598-rid21476243.denovo.013, whole genome shotgun sequence"	22734..23447	  Tellurium ion resistance protein	CP007491
GCA_038420345.1	virulence_ecoli	terC	100	1041 / 1041	"ABRVMF010000055.1 Escherichia coli strain 01474328 SAMN41027598-rid21476243.denovo.056, whole genome shotgun sequence"	4332..5372	  Tellurium ion resistance protein	CYAS01000072
GCA_038420345.1	virulence_ecoli	terC	98.85	959 / 966	"ABRVMF010000024.1 Escherichia coli strain 01474328 SAMN41027598-rid21476243.denovo.024, whole genome shotgun sequence"	35992..36950	  Tellurium ion resistance protein	MG591698
GCA_038420345.1	virulence_ecoli	tia	99.86	738 / 738	"ABRVMF010000021.1 Escherichia coli strain 01474328 SAMN41027598-rid21476243.denovo.021, whole genome shotgun sequence"	52682..53419	 Tia Invasion determinant	CP010172
GCA_038420345.1	virulence_ecoli	traJ	98.84	687 / 687	"ABRVMF010000027.1 Escherichia coli strain 01474328 SAMN41027598-rid21476243.denovo.027, whole genome shotgun sequence"	64060..64746	  Protein TraJ (Positive regulator of conjugal transfer operon)	CP007150
GCA_038420345.1	virulence_ecoli	traT	99.86	732 / 732	"ABRVMF010000027.1 Escherichia coli strain 01474328 SAMN41027598-rid21476243.denovo.027, whole genome shotgun sequence"	42509..43240	  Outer membrane protein complement resistance	CP009167
GCA_038420345.1	virulence_ecoli	yehA	98.06	1033 / 1035	"ABRVMF010000002.1 Escherichia coli strain 01474328 SAMN41027598-rid21476243.denovo.002, whole genome shotgun sequence"	64771..65803	"  Outer membrane lipoprotein, YHD fimbriael cluster"	CP042934
GCA_038420345.1	virulence_ecoli	yehB	97.86	2481 / 2481	"ABRVMF010000002.1 Escherichia coli strain 01474328 SAMN41027598-rid21476243.denovo.002, whole genome shotgun sequence"	65819..68299	" Usher, YHD fimbriael cluster"	CP042934
GCA_038420345.1	virulence_ecoli	yehC	98.37	675 / 675	"ABRVMF010000002.1 Escherichia coli strain 01474328 SAMN41027598-rid21476243.denovo.002, whole genome shotgun sequence"	68315..68989	" Chaperone, YHD fimbriael cluster"	CP042934
GCA_038420345.1	virulence_ecoli	yehD	98.71	543 / 543	"ABRVMF010000002.1 Escherichia coli strain 01474328 SAMN41027598-rid21476243.denovo.002, whole genome shotgun sequence"	69070..69612	" Major pilin subunit, YHD fimbriael cluster"	CP042934
GCA_038420345.1	virulence_ecoli	yghJ	98.1	4573 / 4569	"ABRVMF010000031.1 Escherichia coli strain 01474328 SAMN41027598-rid21476243.denovo.031, whole genome shotgun sequence"	27762..32330		CP002729
GCA_038420345.1	stx	stx2	99.6	1242 / 1242	"ABRVMF010000026.1 Escherichia coli strain 01474328 SAMN41027598-rid21476243.denovo.026, whole genome shotgun sequence"	918..2159	"O9 CB10366, variant i"	FN252457
GCA_038420345.1	stx	stx2	99.6	1242 / 1242	"ABRVMF010000203.1 Escherichia coli strain 01474328 SAMN41027598-rid21476243.guided.067, whole genome shotgun sequence"	2490..3731	"O9 CB10366, variant i"	FN252457
GCA_039685295.1	virulence_ecoli	csgA	98.9	456 / 456	"ABSGCK010000025.1 Escherichia coli strain 01337037 SAMN41444113-rid21660833.denovo.025, whole genome shotgun sequence"	63989..64444	 curlin major subunit CsgA	CP069646
GCA_039685295.1	virulence_ecoli	eltIIAB-a	98.33	1141 / 1141	"ABSGCK010000055.1 Escherichia coli strain 01337037 SAMN41444113-rid21660833.denovo.055, whole genome shotgun sequence"	25983..27123	   Heat-labile enterotoxin LTII-a	JQ031711
GCA_039685295.1	virulence_ecoli	fdeC	95.49	4254 / 4254	"ABSGCK010000022.1 Escherichia coli strain 01337037 SAMN41444113-rid21660833.denovo.022, whole genome shotgun sequence"	52388..56641	 intimin-like adhesin FdeC	AP010953
GCA_039685295.1	virulence_ecoli	fimH	100	489 / 489	"ABSGCK010000003.1 Escherichia coli strain 01337037 SAMN41444113-rid21660833.denovo.003, whole genome shotgun sequence"	55017..55505	   Type 1 fimbriae	NA
GCA_039685295.1	virulence_ecoli	hha	95.31	213 / 213	"ABSGCK010000064.1 Escherichia coli strain 01337037 SAMN41444113-rid21660833.denovo.064, whole genome shotgun sequence"	4574..4786	 hemolysin expression modulator Hha (previous rmoA)	453331
GCA_039685295.1	virulence_ecoli	hlyE	99.13	918 / 918	"ABSGCK010000015.1 Escherichia coli strain 01337037 SAMN41444113-rid21660833.denovo.015, whole genome shotgun sequence"	17172..18088	  Avian E. coli haemolysin	ECU57430
GCA_039685295.1	virulence_ecoli	iss	100	294 / 294	"ABSGCK010000006.1 Escherichia coli strain 01337037 SAMN41444113-rid21660833.denovo.006, whole genome shotgun sequence"	154368..154661	  Increased serum survival	CP001665
GCA_039685295.1	virulence_ecoli	lpfA	100	573 / 573	"ABSGCK010000020.1 Escherichia coli strain 01337037 SAMN41444113-rid21660833.denovo.020, whole genome shotgun sequence"	79456..80028	  Long polar fimbriae	KC207123
GCA_039685295.1	virulence_ecoli	nlpI	99.77	885 / 885	"ABSGCK010000012.1 Escherichia coli strain 01337037 SAMN41444113-rid21660833.denovo.012, whole genome shotgun sequence"	3532..4416	  lipoprotein NlpI precursor	CP000243
GCA_039685295.1	virulence_ecoli	ompT	100	954 / 954	"ABSGCK010000073.1 Escherichia coli strain 01337037 SAMN41444113-rid21660833.denovo.074, whole genome shotgun sequence"	8146..9099	  Outer membrane protease (protein protease 7)	AMVC01000243
GCA_039685295.1	virulence_ecoli	ompT	96.62	948 / 948	"ABSGCK010000060.1 Escherichia coli strain 01337037 SAMN41444113-rid21660833.denovo.060, whole genome shotgun sequence"	23541..24488	  Outer membrane protease (protein protease 7)	CDLB01000100
GCA_039685295.1	virulence_ecoli	stx2i-O9-CB10366	99.6	1242 / 1242	"ABSGCK010000027.1 Escherichia coli strain 01337037 SAMN41444113-rid21660833.denovo.027, whole genome shotgun sequence"	918..2159	   stx2i-O9-CB10366	FN252457
GCA_039685295.1	virulence_ecoli	stx2i-O9-CB10366	99.6	1242 / 1242	"ABSGCK010000221.1 Escherichia coli strain 01337037 SAMN41444113-rid21660833.guided.102, whole genome shotgun sequence"	2490..3731	   stx2i-O9-CB10366	FN252457
GCA_039685295.1	virulence_ecoli	terC	100	714 / 714	"ABSGCK010000009.1 Escherichia coli strain 01337037 SAMN41444113-rid21660833.denovo.009, whole genome shotgun sequence"	22831..23544	  Tellurium ion resistance protein	CP007491
GCA_039685295.1	virulence_ecoli	terC	100	1041 / 1041	"ABSGCK010000068.1 Escherichia coli strain 01337037 SAMN41444113-rid21660833.denovo.069, whole genome shotgun sequence"	1285..2325	  Tellurium ion resistance protein	CYAS01000072
GCA_039685295.1	virulence_ecoli	terC	98.85	959 / 966	"ABSGCK010000007.1 Escherichia coli strain 01337037 SAMN41444113-rid21660833.denovo.007, whole genome shotgun sequence"	103130..104088	  Tellurium ion resistance protein	MG591698
GCA_039685295.1	virulence_ecoli	tia	99.86	738 / 738	"ABSGCK010000023.1 Escherichia coli strain 01337037 SAMN41444113-rid21660833.denovo.023, whole genome shotgun sequence"	28597..29334	 Tia Invasion determinant	CP010172
GCA_039685295.1	virulence_ecoli	traJ	98.84	687 / 687	"ABSGCK010000040.1 Escherichia coli strain 01337037 SAMN41444113-rid21660833.denovo.040, whole genome shotgun sequence"	37538..38224	  Protein TraJ (Positive regulator of conjugal transfer operon)	CP007150
GCA_039685295.1	virulence_ecoli	traT	99.86	732 / 732	"ABSGCK010000040.1 Escherichia coli strain 01337037 SAMN41444113-rid21660833.denovo.040, whole genome shotgun sequence"	15987..16718	  Outer membrane protein complement resistance	CP009167
GCA_039685295.1	virulence_ecoli	yehA	98.06	1033 / 1035	"ABSGCK010000028.1 Escherichia coli strain 01337037 SAMN41444113-rid21660833.denovo.028, whole genome shotgun sequence"	64339..65371	"  Outer membrane lipoprotein, YHD fimbriael cluster"	CP042934
GCA_039685295.1	virulence_ecoli	yehB	97.86	2481 / 2481	"ABSGCK010000028.1 Escherichia coli strain 01337037 SAMN41444113-rid21660833.denovo.028, whole genome shotgun sequence"	65387..67867	" Usher, YHD fimbriael cluster"	CP042934
GCA_039685295.1	virulence_ecoli	yehC	98.37	675 / 675	"ABSGCK010000028.1 Escherichia coli strain 01337037 SAMN41444113-rid21660833.denovo.028, whole genome shotgun sequence"	67883..68557	" Chaperone, YHD fimbriael cluster"	CP042934
GCA_039685295.1	virulence_ecoli	yehD	98.71	543 / 543	"ABSGCK010000028.1 Escherichia coli strain 01337037 SAMN41444113-rid21660833.denovo.028, whole genome shotgun sequence"	68638..69180	" Major pilin subunit, YHD fimbriael cluster"	CP042934
GCA_039685295.1	virulence_ecoli	yghJ	98.1	4573 / 4569	"ABSGCK010000034.1 Escherichia coli strain 01337037 SAMN41444113-rid21660833.denovo.034, whole genome shotgun sequence"	27762..32330		CP002729
GCA_039685295.1	stx	stx2	99.6	1242 / 1242	"ABSGCK010000027.1 Escherichia coli strain 01337037 SAMN41444113-rid21660833.denovo.027, whole genome shotgun sequence"	918..2159	"O9 CB10366, variant i"	FN252457
GCA_039685295.1	stx	stx2	99.6	1242 / 1242	"ABSGCK010000221.1 Escherichia coli strain 01337037 SAMN41444113-rid21660833.guided.102, whole genome shotgun sequence"	2490..3731	"O9 CB10366, variant i"	FN252457
GCA_039686495.1	virulence_ecoli	AslA	94.09	1657 / 1656	"ABSGEX010000075.1 Escherichia coli strain 01331529 SAMN41449217-rid21669123.denovo.075, whole genome shotgun sequence"	1659..3314		CP054236
GCA_039686495.1	virulence_ecoli	cba	99.93	1536 / 1536	"ABSGEX010000017.1 Escherichia coli strain 01331529 SAMN41449217-rid21669123.denovo.017, whole genome shotgun sequence"	53891..55426	  Colicin B	FJ664743
GCA_039686495.1	virulence_ecoli	cia	100	147 / 147	"ABSGEX010000017.1 Escherichia coli strain 01331529 SAMN41449217-rid21669123.denovo.017, whole genome shotgun sequence"	62855..63001	  Colicin ia	QMGM01000002
GCA_039686495.1	virulence_ecoli	cma	99.75	816 / 816	"ABSGEX010000017.1 Escherichia coli strain 01331529 SAMN41449217-rid21669123.denovo.017, whole genome shotgun sequence"	56215..57030	  Colicin M activity	FJ664724
GCA_039686495.1	virulence_ecoli	csgA	100	456 / 456	"ABSGEX010000001.1 Escherichia coli strain 01331529 SAMN41449217-rid21669123.denovo.001, whole genome shotgun sequence"	149087..149542	 curlin major subunit CsgA	CP069646
GCA_039686495.1	virulence_ecoli	eltIIAB-a	98.33	1141 / 1141	"ABSGEX010000058.1 Escherichia coli strain 01331529 SAMN41449217-rid21669123.denovo.058, whole genome shotgun sequence"	22133..23273	   Heat-labile enterotoxin LTII-a	JQ031711
GCA_039686495.1	virulence_ecoli	fdeC	92.86	4258 / 4254	"ABSGEX010000014.1 Escherichia coli strain 01331529 SAMN41449217-rid21669123.denovo.014, whole genome shotgun sequence"	23616..27866	 intimin-like adhesin FdeC	AP010953
GCA_039686495.1	virulence_ecoli	fimH	100	489 / 489	"ABSGEX010000056.1 Escherichia coli strain 01331529 SAMN41449217-rid21669123.denovo.056, whole genome shotgun sequence"	22439..22927	   Type 1 fimbriae	NA
GCA_039686495.1	virulence_ecoli	hlyE	97.82	919 / 918	"ABSGEX010000001.1 Escherichia coli strain 01331529 SAMN41449217-rid21669123.denovo.001, whole genome shotgun sequence"	38783..39689	  Avian E. coli haemolysin	ECU57430
GCA_039686495.1	virulence_ecoli	iss	99.66	294 / 294	"ABSGEX010000055.1 Escherichia coli strain 01331529 SAMN41449217-rid21669123.denovo.055, whole genome shotgun sequence"	14509..14802	  Increased serum survival	CP001846
GCA_039686495.1	virulence_ecoli	mchB	99.66	294 / 294	"ABSGEX010000036.1 Escherichia coli strain 01331529 SAMN41449217-rid21669123.denovo.036, whole genome shotgun sequence"	27437..27730	  Microcin H47 part of colicin H	AJ009631
GCA_039686495.1	virulence_ecoli	mchC	99.94	1551 / 1551	"ABSGEX010000036.1 Escherichia coli strain 01331529 SAMN41449217-rid21669123.denovo.036, whole genome shotgun sequence"	25615..27165	  MchC protein	FN554766
GCA_039686495.1	virulence_ecoli	mchF	99.76	2097 / 2097	"ABSGEX010000036.1 Escherichia coli strain 01331529 SAMN41449217-rid21669123.denovo.036, whole genome shotgun sequence"	21621..23717	  ABC transporter protein MchF	FN554766
GCA_039686495.1	virulence_ecoli	mcmA	100	279 / 279	"ABSGEX010000036.1 Escherichia coli strain 01331529 SAMN41449217-rid21669123.denovo.036, whole genome shotgun sequence"	21089..21367	  Microcin M part of colicin H	AJ515251
GCA_039686495.1	virulence_ecoli	nlpI	99.77	885 / 885	"ABSGEX010000003.1 Escherichia coli strain 01331529 SAMN41449217-rid21669123.denovo.003, whole genome shotgun sequence"	123275..124159	  lipoprotein NlpI precursor	CP000243
GCA_039686495.1	virulence_ecoli	stx2i-O9-CB10366	99.6	1242 / 1242	"ABSGEX010000068.1 Escherichia coli strain 01331529 SAMN41449217-rid21669123.denovo.068, whole genome shotgun sequence"	1073..2314	   stx2i-O9-CB10366	FN252457
GCA_039686495.1	virulence_ecoli	stx2i-O9-CB10366	99.6	1242 / 1242	"ABSGEX010000208.1 Escherichia coli strain 01331529 SAMN41449217-rid21669123.guided.117, whole genome shotgun sequence"	2490..3731	   stx2i-O9-CB10366	FN252457
GCA_039686495.1	virulence_ecoli	terC	100	714 / 714	"ABSGEX010000004.1 Escherichia coli strain 01331529 SAMN41449217-rid21669123.denovo.004, whole genome shotgun sequence"	22732..23445	  Tellurium ion resistance protein	CP007491
GCA_039686495.1	virulence_ecoli	terC	99.9	959 / 966	"ABSGEX010000003.1 Escherichia coli strain 01331529 SAMN41449217-rid21669123.denovo.003, whole genome shotgun sequence"	51294..52252	  Tellurium ion resistance protein	MG591698
GCA_039686495.1	virulence_ecoli	terC	100	1041 / 1041	"ABSGEX010000086.1 Escherichia coli strain 01331529 SAMN41449217-rid21669123.denovo.088, whole genome shotgun sequence"	2874..3914	  Tellurium ion resistance protein	UINX01000003
GCA_039686495.1	virulence_ecoli	tia	99.73	738 / 738	"ABSGEX010000091.1 Escherichia coli strain 01331529 SAMN41449217-rid21669123.denovo.093, whole genome shotgun sequence"	2432..3169	 Tia Invasion determinant	CP015995
GCA_039686495.1	virulence_ecoli	traJ	98.69	687 / 687	"ABSGEX010000017.1 Escherichia coli strain 01331529 SAMN41449217-rid21669123.denovo.017, whole genome shotgun sequence"	32510..33196	  Protein TraJ (Positive regulator of conjugal transfer operon)	CP007150
GCA_039686495.1	virulence_ecoli	traT	100	732 / 732	"ABSGEX010000017.1 Escherichia coli strain 01331529 SAMN41449217-rid21669123.denovo.017, whole genome shotgun sequence"	10959..11690	  Outer membrane protein complement resistance	CP009167
GCA_039686495.1	virulence_ecoli	yehA	98.26	1035 / 1035	"ABSGEX010000009.1 Escherichia coli strain 01331529 SAMN41449217-rid21669123.denovo.009, whole genome shotgun sequence"	27023..28057	"  Outer membrane lipoprotein, YHD fimbriael cluster"	CP042934
GCA_039686495.1	virulence_ecoli	yehB	98.71	2481 / 2481	"ABSGEX010000009.1 Escherichia coli strain 01331529 SAMN41449217-rid21669123.denovo.009, whole genome shotgun sequence"	24527..27007	" Usher, YHD fimbriael cluster"	CP042934
GCA_039686495.1	virulence_ecoli	yehC	97.63	675 / 675	"ABSGEX010000009.1 Escherichia coli strain 01331529 SAMN41449217-rid21669123.denovo.009, whole genome shotgun sequence"	23837..24511	" Chaperone, YHD fimbriael cluster"	CP042934
GCA_039686495.1	virulence_ecoli	yehD	98.71	543 / 543	"ABSGEX010000009.1 Escherichia coli strain 01331529 SAMN41449217-rid21669123.denovo.009, whole genome shotgun sequence"	23215..23757	" Major pilin subunit, YHD fimbriael cluster"	CP042934
GCA_039686495.1	stx	stx2	99.6	1242 / 1242	"ABSGEX010000068.1 Escherichia coli strain 01331529 SAMN41449217-rid21669123.denovo.068, whole genome shotgun sequence"	1073..2314	"O9 CB10366, variant i"	FN252457
GCA_039686495.1	stx	stx2	99.6	1242 / 1242	"ABSGEX010000208.1 Escherichia coli strain 01331529 SAMN41449217-rid21669123.guided.117, whole genome shotgun sequence"	2490..3731	"O9 CB10366, variant i"	FN252457
GCA_039694335.1	virulence_ecoli	AslA	94.09	1657 / 1656	"ABSGTT010000028.1 Escherichia coli strain 01336033 SAMN41444163-rid21662313.denovo.028, whole genome shotgun sequence"	14761..16416		CP054236
GCA_039694335.1	virulence_ecoli	cba	99.93	1536 / 1536	"ABSGTT010000057.1 Escherichia coli strain 01336033 SAMN41444163-rid21662313.denovo.057, whole genome shotgun sequence"	11884..13419	  Colicin B	FJ664743
GCA_039694335.1	virulence_ecoli	cia	100	147 / 147	"ABSGTT010000057.1 Escherichia coli strain 01336033 SAMN41444163-rid21662313.denovo.057, whole genome shotgun sequence"	20848..20994	  Colicin ia	QMGM01000002
GCA_039694335.1	virulence_ecoli	cma	99.75	816 / 816	"ABSGTT010000057.1 Escherichia coli strain 01336033 SAMN41444163-rid21662313.denovo.057, whole genome shotgun sequence"	14208..15023	  Colicin M activity	FJ664724
GCA_039694335.1	virulence_ecoli	csgA	100	456 / 456	"ABSGTT010000001.1 Escherichia coli strain 01336033 SAMN41444163-rid21662313.denovo.001, whole genome shotgun sequence"	128637..129092	 curlin major subunit CsgA	CP069646
GCA_039694335.1	virulence_ecoli	eltIIAB-a	98.33	1141 / 1141	"ABSGTT010000072.1 Escherichia coli strain 01336033 SAMN41444163-rid21662313.denovo.072, whole genome shotgun sequence"	17569..18709	   Heat-labile enterotoxin LTII-a	JQ031711
GCA_039694335.1	virulence_ecoli	fdeC	92.86	4258 / 4254	"ABSGTT010000018.1 Escherichia coli strain 01336033 SAMN41444163-rid21662313.denovo.018, whole genome shotgun sequence"	23616..27866	 intimin-like adhesin FdeC	AP010953
GCA_039694335.1	virulence_ecoli	fimH	100	489 / 489	"ABSGTT010000048.1 Escherichia coli strain 01336033 SAMN41444163-rid21662313.denovo.048, whole genome shotgun sequence"	22439..22927	   Type 1 fimbriae	NA
GCA_039694335.1	virulence_ecoli	hlyE	97.82	919 / 918	"ABSGTT010000026.1 Escherichia coli strain 01336033 SAMN41444163-rid21662313.denovo.026, whole genome shotgun sequence"	39212..40118	  Avian E. coli haemolysin	ECU57430
GCA_039694335.1	virulence_ecoli	iss	99.66	294 / 294	"ABSGTT010000071.1 Escherichia coli strain 01336033 SAMN41444163-rid21662313.denovo.071, whole genome shotgun sequence"	8665..8958	  Increased serum survival	CP001846
GCA_039694335.1	virulence_ecoli	mchB	99.66	294 / 294	"ABSGTT010000069.1 Escherichia coli strain 01336033 SAMN41444163-rid21662313.denovo.069, whole genome shotgun sequence"	10460..10753	  Microcin H47 part of colicin H	AJ009631
GCA_039694335.1	virulence_ecoli	mchC	99.94	1551 / 1551	"ABSGTT010000069.1 Escherichia coli strain 01336033 SAMN41444163-rid21662313.denovo.069, whole genome shotgun sequence"	8638..10188	  MchC protein	FN554766
GCA_039694335.1	virulence_ecoli	mchF	99.76	2097 / 2097	"ABSGTT010000069.1 Escherichia coli strain 01336033 SAMN41444163-rid21662313.denovo.069, whole genome shotgun sequence"	4644..6740	  ABC transporter protein MchF	FN554766
GCA_039694335.1	virulence_ecoli	mcmA	100	279 / 279	"ABSGTT010000069.1 Escherichia coli strain 01336033 SAMN41444163-rid21662313.denovo.069, whole genome shotgun sequence"	4112..4390	  Microcin M part of colicin H	AJ515251
GCA_039694335.1	virulence_ecoli	nlpI	99.77	885 / 885	"ABSGTT010000013.1 Escherichia coli strain 01336033 SAMN41444163-rid21662313.denovo.013, whole genome shotgun sequence"	15937..16821	  lipoprotein NlpI precursor	CP000243
GCA_039694335.1	virulence_ecoli	stx2i-O9-CB10366	99.6	1242 / 1242	"ABSGTT010000062.1 Escherichia coli strain 01336033 SAMN41444163-rid21662313.denovo.062, whole genome shotgun sequence"	3636..4877	   stx2i-O9-CB10366	FN252457
GCA_039694335.1	virulence_ecoli	stx2i-O9-CB10366	99.6	1242 / 1242	"ABSGTT010000214.1 Escherichia coli strain 01336033 SAMN41444163-rid21662313.guided.152, whole genome shotgun sequence"	84..1325	   stx2i-O9-CB10366	FN252457
GCA_039694335.1	virulence_ecoli	terC	100	714 / 714	"ABSGTT010000004.1 Escherichia coli strain 01336033 SAMN41444163-rid21662313.denovo.004, whole genome shotgun sequence"	22734..23447	  Tellurium ion resistance protein	CP007491
GCA_039694335.1	virulence_ecoli	terC	99.9	959 / 966	"ABSGTT010000009.1 Escherichia coli strain 01336033 SAMN41444163-rid21662313.denovo.009, whole genome shotgun sequence"	54861..55819	  Tellurium ion resistance protein	MG591698
GCA_039694335.1	virulence_ecoli	terC	100	1041 / 1041	"ABSGTT010000097.1 Escherichia coli strain 01336033 SAMN41444163-rid21662313.denovo.099, whole genome shotgun sequence"	1350..2390	  Tellurium ion resistance protein	UINX01000003
GCA_039694335.1	virulence_ecoli	tia	99.73	738 / 738	"ABSGTT010000098.1 Escherichia coli strain 01336033 SAMN41444163-rid21662313.denovo.100, whole genome shotgun sequence"	2413..3150	 Tia Invasion determinant	CP015995
GCA_039694335.1	virulence_ecoli	traJ	98.69	687 / 687	"ABSGTT010000051.1 Escherichia coli strain 01336033 SAMN41444163-rid21662313.denovo.051, whole genome shotgun sequence"	21783..22469	  Protein TraJ (Positive regulator of conjugal transfer operon)	CP007150
GCA_039694335.1	virulence_ecoli	traT	100	732 / 732	"ABSGTT010000051.1 Escherichia coli strain 01336033 SAMN41444163-rid21662313.denovo.051, whole genome shotgun sequence"	232..963	  Outer membrane protein complement resistance	CP009167
GCA_039694335.1	virulence_ecoli	yehA	98.26	1035 / 1035	"ABSGTT010000010.1 Escherichia coli strain 01336033 SAMN41444163-rid21662313.denovo.010, whole genome shotgun sequence"	27023..28057	"  Outer membrane lipoprotein, YHD fimbriael cluster"	CP042934
GCA_039694335.1	virulence_ecoli	yehB	98.71	2481 / 2481	"ABSGTT010000010.1 Escherichia coli strain 01336033 SAMN41444163-rid21662313.denovo.010, whole genome shotgun sequence"	24527..27007	" Usher, YHD fimbriael cluster"	CP042934
GCA_039694335.1	virulence_ecoli	yehC	97.63	675 / 675	"ABSGTT010000010.1 Escherichia coli strain 01336033 SAMN41444163-rid21662313.denovo.010, whole genome shotgun sequence"	23837..24511	" Chaperone, YHD fimbriael cluster"	CP042934
GCA_039694335.1	virulence_ecoli	yehD	98.71	543 / 543	"ABSGTT010000010.1 Escherichia coli strain 01336033 SAMN41444163-rid21662313.denovo.010, whole genome shotgun sequence"	23215..23757	" Major pilin subunit, YHD fimbriael cluster"	CP042934
GCA_039694335.1	stx	stx2	99.6	1242 / 1242	"ABSGTT010000062.1 Escherichia coli strain 01336033 SAMN41444163-rid21662313.denovo.062, whole genome shotgun sequence"	3636..4877	"O9 CB10366, variant i"	FN252457
GCA_039694335.1	stx	stx2	99.6	1242 / 1242	"ABSGTT010000214.1 Escherichia coli strain 01336033 SAMN41444163-rid21662313.guided.152, whole genome shotgun sequence"	84..1325	"O9 CB10366, variant i"	FN252457
GCA_039735685.1	virulence_ecoli	AslA	94.09	1657 / 1656	"ABSJAD010000075.1 Escherichia coli strain 01291951 SAMN41465198-rid21689183.denovo.076, whole genome shotgun sequence"	1659..3314		CP054236
GCA_039735685.1	virulence_ecoli	cba	99.93	1536 / 1536	"ABSJAD010000056.1 Escherichia coli strain 01291951 SAMN41465198-rid21689183.denovo.057, whole genome shotgun sequence"	11884..13419	  Colicin B	FJ664743
GCA_039735685.1	virulence_ecoli	cia	100	147 / 147	"ABSJAD010000056.1 Escherichia coli strain 01291951 SAMN41465198-rid21689183.denovo.057, whole genome shotgun sequence"	20848..20994	  Colicin ia	QMGM01000002
GCA_039735685.1	virulence_ecoli	cma	99.75	816 / 816	"ABSJAD010000056.1 Escherichia coli strain 01291951 SAMN41465198-rid21689183.denovo.057, whole genome shotgun sequence"	14208..15023	  Colicin M activity	FJ664724
GCA_039735685.1	virulence_ecoli	csgA	100	456 / 456	"ABSJAD010000005.1 Escherichia coli strain 01291951 SAMN41465198-rid21689183.denovo.005, whole genome shotgun sequence"	135589..136044	 curlin major subunit CsgA	CP069646
GCA_039735685.1	virulence_ecoli	eltIIAB-a	98.33	1141 / 1141	"ABSJAD010000058.1 Escherichia coli strain 01291951 SAMN41465198-rid21689183.denovo.059, whole genome shotgun sequence"	22133..23273	   Heat-labile enterotoxin LTII-a	JQ031711
GCA_039735685.1	virulence_ecoli	fdeC	92.86	4258 / 4254	"ABSJAD010000022.1 Escherichia coli strain 01291951 SAMN41465198-rid21689183.denovo.022, whole genome shotgun sequence"	23616..27866	 intimin-like adhesin FdeC	AP010953
GCA_039735685.1	virulence_ecoli	fdeC	92.86	4258 / 4254	"ABSJAD010000186.1 Escherichia coli strain 01291951 SAMN41465198-rid21689183.guided.023, whole genome shotgun sequence"	39342..43592	 intimin-like adhesin FdeC	AP010953
GCA_039735685.1	virulence_ecoli	fimH	100	489 / 489	"ABSJAD010000050.1 Escherichia coli strain 01291951 SAMN41465198-rid21689183.denovo.051, whole genome shotgun sequence"	22440..22928	   Type 1 fimbriae	NA
GCA_039735685.1	virulence_ecoli	hlyE	97.82	919 / 918	"ABSJAD010000005.1 Escherichia coli strain 01291951 SAMN41465198-rid21689183.denovo.005, whole genome shotgun sequence"	25284..26190	  Avian E. coli haemolysin	ECU57430
GCA_039735685.1	virulence_ecoli	iss	99.66	294 / 294	"ABSJAD010000055.1 Escherichia coli strain 01291951 SAMN41465198-rid21689183.denovo.056, whole genome shotgun sequence"	14511..14804	  Increased serum survival	CP001846
GCA_039735685.1	virulence_ecoli	mchB	99.66	294 / 294	"ABSJAD010000040.1 Escherichia coli strain 01291951 SAMN41465198-rid21689183.denovo.041, whole genome shotgun sequence"	27446..27739	  Microcin H47 part of colicin H	AJ009631
GCA_039735685.1	virulence_ecoli	mchC	99.94	1551 / 1551	"ABSJAD010000040.1 Escherichia coli strain 01291951 SAMN41465198-rid21689183.denovo.041, whole genome shotgun sequence"	25624..27174	  MchC protein	FN554766
GCA_039735685.1	virulence_ecoli	mchF	99.76	2097 / 2097	"ABSJAD010000040.1 Escherichia coli strain 01291951 SAMN41465198-rid21689183.denovo.041, whole genome shotgun sequence"	21630..23726	  ABC transporter protein MchF	FN554766
GCA_039735685.1	virulence_ecoli	mcmA	100	279 / 279	"ABSJAD010000040.1 Escherichia coli strain 01291951 SAMN41465198-rid21689183.denovo.041, whole genome shotgun sequence"	21098..21376	  Microcin M part of colicin H	AJ515251
GCA_039735685.1	virulence_ecoli	nlpI	99.77	885 / 885	"ABSJAD010000008.1 Escherichia coli strain 01291951 SAMN41465198-rid21689183.denovo.008, whole genome shotgun sequence"	40264..41148	  lipoprotein NlpI precursor	CP000243
GCA_039735685.1	virulence_ecoli	stx2i-O9-CB10366	99.6	1242 / 1242	"ABSJAD010000062.1 Escherichia coli strain 01291951 SAMN41465198-rid21689183.denovo.063, whole genome shotgun sequence"	3636..4877	   stx2i-O9-CB10366	FN252457
GCA_039735685.1	virulence_ecoli	stx2i-O9-CB10366	99.6	1242 / 1242	"ABSJAD010000188.1 Escherichia coli strain 01291951 SAMN41465198-rid21689183.guided.115, whole genome shotgun sequence"	2490..3731	   stx2i-O9-CB10366	FN252457
GCA_039735685.1	virulence_ecoli	terC	100	714 / 714	"ABSJAD010000002.1 Escherichia coli strain 01291951 SAMN41465198-rid21689183.denovo.002, whole genome shotgun sequence"	69870..70583	  Tellurium ion resistance protein	CP007491
GCA_039735685.1	virulence_ecoli	terC	99.9	959 / 966	"ABSJAD010000020.1 Escherichia coli strain 01291951 SAMN41465198-rid21689183.denovo.020, whole genome shotgun sequence"	30665..31623	  Tellurium ion resistance protein	MG591698
GCA_039735685.1	virulence_ecoli	terC	100	1041 / 1041	"ABSJAD010000085.1 Escherichia coli strain 01291951 SAMN41465198-rid21689183.denovo.087, whole genome shotgun sequence"	2874..3914	  Tellurium ion resistance protein	UINX01000003
GCA_039735685.1	virulence_ecoli	tia	99.73	738 / 738	"ABSJAD010000091.1 Escherichia coli strain 01291951 SAMN41465198-rid21689183.denovo.093, whole genome shotgun sequence"	2599..3336	 Tia Invasion determinant	CP015995
GCA_039735685.1	virulence_ecoli	traJ	98.69	687 / 687	"ABSJAD010000035.1 Escherichia coli strain 01291951 SAMN41465198-rid21689183.denovo.036, whole genome shotgun sequence"	32492..33178	  Protein TraJ (Positive regulator of conjugal transfer operon)	CP007150
GCA_039735685.1	virulence_ecoli	traT	100	732 / 732	"ABSJAD010000035.1 Escherichia coli strain 01291951 SAMN41465198-rid21689183.denovo.036, whole genome shotgun sequence"	10941..11672	  Outer membrane protein complement resistance	CP009167
GCA_039735685.1	virulence_ecoli	yehA	98.26	1035 / 1035	"ABSJAD010000010.1 Escherichia coli strain 01291951 SAMN41465198-rid21689183.denovo.010, whole genome shotgun sequence"	27023..28057	"  Outer membrane lipoprotein, YHD fimbriael cluster"	CP042934
GCA_039735685.1	virulence_ecoli	yehB	98.71	2481 / 2481	"ABSJAD010000010.1 Escherichia coli strain 01291951 SAMN41465198-rid21689183.denovo.010, whole genome shotgun sequence"	24527..27007	" Usher, YHD fimbriael cluster"	CP042934
GCA_039735685.1	virulence_ecoli	yehC	97.63	675 / 675	"ABSJAD010000010.1 Escherichia coli strain 01291951 SAMN41465198-rid21689183.denovo.010, whole genome shotgun sequence"	23837..24511	" Chaperone, YHD fimbriael cluster"	CP042934
GCA_039735685.1	virulence_ecoli	yehD	98.71	543 / 543	"ABSJAD010000010.1 Escherichia coli strain 01291951 SAMN41465198-rid21689183.denovo.010, whole genome shotgun sequence"	23215..23757	" Major pilin subunit, YHD fimbriael cluster"	CP042934
GCA_039735685.1	stx	stx2	99.6	1242 / 1242	"ABSJAD010000062.1 Escherichia coli strain 01291951 SAMN41465198-rid21689183.denovo.063, whole genome shotgun sequence"	3636..4877	"O9 CB10366, variant i"	FN252457
GCA_039735685.1	stx	stx2	99.6	1242 / 1242	"ABSJAD010000188.1 Escherichia coli strain 01291951 SAMN41465198-rid21689183.guided.115, whole genome shotgun sequence"	2490..3731	"O9 CB10366, variant i"	FN252457
GCA_039775235.1	virulence_ecoli	AslA	94.09	1657 / 1656	"ABSJYJ010000013.1 Escherichia coli strain 01274437 SAMN41481858-rid21697823.denovo.013, whole genome shotgun sequence"	57551..59206		CP054236
GCA_039775235.1	virulence_ecoli	cba	99.93	1536 / 1536	"ABSJYJ010000061.1 Escherichia coli strain 01274437 SAMN41481858-rid21697823.denovo.061, whole genome shotgun sequence"	11884..13419	  Colicin B	FJ664743
GCA_039775235.1	virulence_ecoli	cia	100	147 / 147	"ABSJYJ010000061.1 Escherichia coli strain 01274437 SAMN41481858-rid21697823.denovo.061, whole genome shotgun sequence"	20848..20994	  Colicin ia	QMGM01000002
GCA_039775235.1	virulence_ecoli	cma	99.75	816 / 816	"ABSJYJ010000061.1 Escherichia coli strain 01274437 SAMN41481858-rid21697823.denovo.061, whole genome shotgun sequence"	14208..15023	  Colicin M activity	FJ664724
GCA_039775235.1	virulence_ecoli	csgA	100	456 / 456	"ABSJYJ010000012.1 Escherichia coli strain 01274437 SAMN41481858-rid21697823.denovo.012, whole genome shotgun sequence"	91976..92431	 curlin major subunit CsgA	CP069646
GCA_039775235.1	virulence_ecoli	eltIIAB-a	98.33	1141 / 1141	"ABSJYJ010000062.1 Escherichia coli strain 01274437 SAMN41481858-rid21697823.denovo.062, whole genome shotgun sequence"	22133..23273	   Heat-labile enterotoxin LTII-a	JQ031711
GCA_039775235.1	virulence_ecoli	fdeC	92.86	4258 / 4254	"ABSJYJ010000037.1 Escherichia coli strain 01274437 SAMN41481858-rid21697823.denovo.037, whole genome shotgun sequence"	15651..19901	 intimin-like adhesin FdeC	AP010953
GCA_039775235.1	virulence_ecoli	fimH	100	489 / 489	"ABSJYJ010000089.1 Escherichia coli strain 01274437 SAMN41481858-rid21697823.denovo.091, whole genome shotgun sequence"	6048..6536	   Type 1 fimbriae	NA
GCA_039775235.1	virulence_ecoli	hlyE	97.82	919 / 918	"ABSJYJ010000083.1 Escherichia coli strain 01274437 SAMN41481858-rid21697823.denovo.084, whole genome shotgun sequence"	101..1007	  Avian E. coli haemolysin	ECU57430
GCA_039775235.1	virulence_ecoli	iss	99.66	294 / 294	"ABSJYJ010000060.1 Escherichia coli strain 01274437 SAMN41481858-rid21697823.denovo.060, whole genome shotgun sequence"	14509..14802	  Increased serum survival	CP001846
GCA_039775235.1	virulence_ecoli	mchB	99.66	294 / 294	"ABSJYJ010000024.1 Escherichia coli strain 01274437 SAMN41481858-rid21697823.denovo.024, whole genome shotgun sequence"	51512..51805	  Microcin H47 part of colicin H	AJ009631
GCA_039775235.1	virulence_ecoli	mchC	99.94	1551 / 1551	"ABSJYJ010000024.1 Escherichia coli strain 01274437 SAMN41481858-rid21697823.denovo.024, whole genome shotgun sequence"	49690..51240	  MchC protein	FN554766
GCA_039775235.1	virulence_ecoli	mchF	99.76	2097 / 2097	"ABSJYJ010000024.1 Escherichia coli strain 01274437 SAMN41481858-rid21697823.denovo.024, whole genome shotgun sequence"	45696..47792	  ABC transporter protein MchF	FN554766
GCA_039775235.1	virulence_ecoli	mcmA	100	279 / 279	"ABSJYJ010000024.1 Escherichia coli strain 01274437 SAMN41481858-rid21697823.denovo.024, whole genome shotgun sequence"	45164..45442	  Microcin M part of colicin H	AJ515251
GCA_039775235.1	virulence_ecoli	nlpI	99.77	885 / 885	"ABSJYJ010000005.1 Escherichia coli strain 01274437 SAMN41481858-rid21697823.denovo.005, whole genome shotgun sequence"	40153..41037	  lipoprotein NlpI precursor	CP000243
GCA_039775235.1	virulence_ecoli	stx2i-O9-CB10366	99.6	1242 / 1242	"ABSJYJ010000067.1 Escherichia coli strain 01274437 SAMN41481858-rid21697823.denovo.067, whole genome shotgun sequence"	3636..4877	   stx2i-O9-CB10366	FN252457
GCA_039775235.1	virulence_ecoli	stx2i-O9-CB10366	99.6	1242 / 1242	"ABSJYJ010000232.1 Escherichia coli strain 01274437 SAMN41481858-rid21697823.guided.127, whole genome shotgun sequence"	2490..3731	   stx2i-O9-CB10366	FN252457
GCA_039775235.1	virulence_ecoli	terC	100	714 / 714	"ABSJYJ010000001.1 Escherichia coli strain 01274437 SAMN41481858-rid21697823.denovo.001, whole genome shotgun sequence"	22732..23445	  Tellurium ion resistance protein	CP007491
GCA_039775235.1	virulence_ecoli	terC	99.9	959 / 966	"ABSJYJ010000019.1 Escherichia coli strain 01274437 SAMN41481858-rid21697823.denovo.019, whole genome shotgun sequence"	30589..31547	  Tellurium ion resistance protein	MG591698
GCA_039775235.1	virulence_ecoli	terC	100	1041 / 1041	"ABSJYJ010000095.1 Escherichia coli strain 01274437 SAMN41481858-rid21697823.denovo.097, whole genome shotgun sequence"	2874..3914	  Tellurium ion resistance protein	UINX01000003
GCA_039775235.1	virulence_ecoli	tia	99.73	738 / 738	"ABSJYJ010000100.1 Escherichia coli strain 01274437 SAMN41481858-rid21697823.denovo.102, whole genome shotgun sequence"	2578..3315	 Tia Invasion determinant	CP015995
GCA_039775235.1	virulence_ecoli	traJ	98.69	687 / 687	"ABSJYJ010000038.1 Escherichia coli strain 01274437 SAMN41481858-rid21697823.denovo.038, whole genome shotgun sequence"	35072..35758	  Protein TraJ (Positive regulator of conjugal transfer operon)	CP007150
GCA_039775235.1	virulence_ecoli	traT	100	732 / 732	"ABSJYJ010000038.1 Escherichia coli strain 01274437 SAMN41481858-rid21697823.denovo.038, whole genome shotgun sequence"	13521..14252	  Outer membrane protein complement resistance	CP009167
GCA_039775235.1	virulence_ecoli	yehA	98.26	1035 / 1035	"ABSJYJ010000035.1 Escherichia coli strain 01274437 SAMN41481858-rid21697823.denovo.035, whole genome shotgun sequence"	17713..18747	"  Outer membrane lipoprotein, YHD fimbriael cluster"	CP042934
GCA_039775235.1	virulence_ecoli	yehB	98.71	2481 / 2481	"ABSJYJ010000035.1 Escherichia coli strain 01274437 SAMN41481858-rid21697823.denovo.035, whole genome shotgun sequence"	18763..21243	" Usher, YHD fimbriael cluster"	CP042934
GCA_039775235.1	virulence_ecoli	yehC	97.63	675 / 675	"ABSJYJ010000035.1 Escherichia coli strain 01274437 SAMN41481858-rid21697823.denovo.035, whole genome shotgun sequence"	21259..21933	" Chaperone, YHD fimbriael cluster"	CP042934
GCA_039775235.1	virulence_ecoli	yehD	98.71	543 / 543	"ABSJYJ010000035.1 Escherichia coli strain 01274437 SAMN41481858-rid21697823.denovo.035, whole genome shotgun sequence"	22013..22555	" Major pilin subunit, YHD fimbriael cluster"	CP042934
GCA_039775235.1	stx	stx2	99.6	1242 / 1242	"ABSJYJ010000067.1 Escherichia coli strain 01274437 SAMN41481858-rid21697823.denovo.067, whole genome shotgun sequence"	3636..4877	"O9 CB10366, variant i"	FN252457
GCA_039775235.1	stx	stx2	99.6	1242 / 1242	"ABSJYJ010000232.1 Escherichia coli strain 01274437 SAMN41481858-rid21697823.guided.127, whole genome shotgun sequence"	2490..3731	"O9 CB10366, variant i"	FN252457
GCA_039778795.1	virulence_ecoli	AslA	94.09	1657 / 1656	"ABSKDG010000157.1 Escherichia coli strain 01277576 SAMN41482030-rid21698813.denovo.160, whole genome shotgun sequence"	233..1888		CP054236
GCA_039778795.1	virulence_ecoli	cba	99.93	1536 / 1536	"ABSKDG010000103.1 Escherichia coli strain 01277576 SAMN41482030-rid21698813.denovo.105, whole genome shotgun sequence"	11983..13518	  Colicin B	FJ664743
GCA_039778795.1	virulence_ecoli	cia	100	147 / 147	"ABSKDG010000093.1 Escherichia coli strain 01277576 SAMN41482030-rid21698813.denovo.094, whole genome shotgun sequence"	6822..6968	  Colicin ia	QMGM01000002
GCA_039778795.1	virulence_ecoli	cma	99.75	816 / 816	"ABSKDG010000093.1 Escherichia coli strain 01277576 SAMN41482030-rid21698813.denovo.094, whole genome shotgun sequence"	182..997	  Colicin M activity	FJ664724
GCA_039778795.1	virulence_ecoli	csgA	100	456 / 456	"ABSKDG010000009.1 Escherichia coli strain 01277576 SAMN41482030-rid21698813.denovo.009, whole genome shotgun sequence"	91571..92026	 curlin major subunit CsgA	CP069646
GCA_039778795.1	virulence_ecoli	eltIIAB-a	98.33	1141 / 1141	"ABSKDG010000074.1 Escherichia coli strain 01277576 SAMN41482030-rid21698813.denovo.074, whole genome shotgun sequence"	22133..23273	   Heat-labile enterotoxin LTII-a	JQ031711
GCA_039778795.1	virulence_ecoli	fdeC	92.86	4258 / 4254	"ABSKDG010000032.1 Escherichia coli strain 01277576 SAMN41482030-rid21698813.denovo.032, whole genome shotgun sequence"	15614..19864	 intimin-like adhesin FdeC	AP010953
GCA_039778795.1	virulence_ecoli	fimH	100	489 / 489	"ABSKDG010000109.1 Escherichia coli strain 01277576 SAMN41482030-rid21698813.denovo.111, whole genome shotgun sequence"	6034..6522	   Type 1 fimbriae	NA
GCA_039778795.1	virulence_ecoli	gad	100	1401 / 1401	"ABSKDG010000013.1 Escherichia coli strain 01277576 SAMN41482030-rid21698813.denovo.013, whole genome shotgun sequence"	75845..77245	  Glutamate decarboxylase	AP010953
GCA_039778795.1	virulence_ecoli	hlyE	97.82	919 / 918	"ABSKDG010000034.1 Escherichia coli strain 01277576 SAMN41482030-rid21698813.denovo.034, whole genome shotgun sequence"	25284..26190	  Avian E. coli haemolysin	ECU57430
GCA_039778795.1	virulence_ecoli	iss	99.66	294 / 294	"ABSKDG010000061.1 Escherichia coli strain 01277576 SAMN41482030-rid21698813.denovo.061, whole genome shotgun sequence"	14509..14802	  Increased serum survival	CP001846
GCA_039778795.1	virulence_ecoli	mchB	99.66	294 / 294	"ABSKDG010000064.1 Escherichia coli strain 01277576 SAMN41482030-rid21698813.denovo.064, whole genome shotgun sequence"	27450..27743	  Microcin H47 part of colicin H	AJ009631
GCA_039778795.1	virulence_ecoli	mchC	99.94	1551 / 1551	"ABSKDG010000064.1 Escherichia coli strain 01277576 SAMN41482030-rid21698813.denovo.064, whole genome shotgun sequence"	25628..27178	  MchC protein	FN554766
GCA_039778795.1	virulence_ecoli	mchF	99.76	2097 / 2097	"ABSKDG010000064.1 Escherichia coli strain 01277576 SAMN41482030-rid21698813.denovo.064, whole genome shotgun sequence"	21634..23730	  ABC transporter protein MchF	FN554766
GCA_039778795.1	virulence_ecoli	mcmA	100	279 / 279	"ABSKDG010000064.1 Escherichia coli strain 01277576 SAMN41482030-rid21698813.denovo.064, whole genome shotgun sequence"	21102..21380	  Microcin M part of colicin H	AJ515251
GCA_039778795.1	virulence_ecoli	nlpI	99.77	885 / 885	"ABSKDG010000005.1 Escherichia coli strain 01277576 SAMN41482030-rid21698813.denovo.005, whole genome shotgun sequence"	23879..24763	  lipoprotein NlpI precursor	CP000243
GCA_039778795.1	virulence_ecoli	stx2i-O9-CB10366	99.6	1242 / 1242	"ABSKDG010000072.1 Escherichia coli strain 01277576 SAMN41482030-rid21698813.denovo.072, whole genome shotgun sequence"	3636..4877	   stx2i-O9-CB10366	FN252457
GCA_039778795.1	virulence_ecoli	stx2i-O9-CB10366	99.6	1242 / 1242	"ABSKDG010000262.1 Escherichia coli strain 01277576 SAMN41482030-rid21698813.guided.152, whole genome shotgun sequence"	2490..3731	   stx2i-O9-CB10366	FN252457
GCA_039778795.1	virulence_ecoli	terC	100	714 / 714	"ABSKDG010000015.1 Escherichia coli strain 01277576 SAMN41482030-rid21698813.denovo.015, whole genome shotgun sequence"	64541..65254	  Tellurium ion resistance protein	CP007491
GCA_039778795.1	virulence_ecoli	terC	99.9	959 / 966	"ABSKDG010000016.1 Escherichia coli strain 01277576 SAMN41482030-rid21698813.denovo.016, whole genome shotgun sequence"	30001..30959	  Tellurium ion resistance protein	MG591698
GCA_039778795.1	virulence_ecoli	terC	100	1041 / 1041	"ABSKDG010000105.1 Escherichia coli strain 01277576 SAMN41482030-rid21698813.denovo.107, whole genome shotgun sequence"	2874..3914	  Tellurium ion resistance protein	UINX01000003
GCA_039778795.1	virulence_ecoli	tia	99.73	738 / 738	"ABSKDG010000112.1 Escherichia coli strain 01277576 SAMN41482030-rid21698813.denovo.114, whole genome shotgun sequence"	2439..3176	 Tia Invasion determinant	CP015995
GCA_039778795.1	virulence_ecoli	traJ	98.69	687 / 687	"ABSKDG010000036.1 Escherichia coli strain 01277576 SAMN41482030-rid21698813.denovo.036, whole genome shotgun sequence"	32492..33178	  Protein TraJ (Positive regulator of conjugal transfer operon)	CP007150
GCA_039778795.1	virulence_ecoli	traT	100	732 / 732	"ABSKDG010000036.1 Escherichia coli strain 01277576 SAMN41482030-rid21698813.denovo.036, whole genome shotgun sequence"	10941..11672	  Outer membrane protein complement resistance	CP009167
GCA_039778795.1	virulence_ecoli	yehA	98.26	1035 / 1035	"ABSKDG010000017.1 Escherichia coli strain 01277576 SAMN41482030-rid21698813.denovo.017, whole genome shotgun sequence"	3920..4954	"  Outer membrane lipoprotein, YHD fimbriael cluster"	CP042934
GCA_039778795.1	virulence_ecoli	yehB	98.71	2481 / 2481	"ABSKDG010000017.1 Escherichia coli strain 01277576 SAMN41482030-rid21698813.denovo.017, whole genome shotgun sequence"	1424..3904	" Usher, YHD fimbriael cluster"	CP042934
GCA_039778795.1	virulence_ecoli	yehC	97.63	675 / 675	"ABSKDG010000017.1 Escherichia coli strain 01277576 SAMN41482030-rid21698813.denovo.017, whole genome shotgun sequence"	734..1408	" Chaperone, YHD fimbriael cluster"	CP042934
GCA_039778795.1	virulence_ecoli	yehD	98.71	543 / 543	"ABSKDG010000017.1 Escherichia coli strain 01277576 SAMN41482030-rid21698813.denovo.017, whole genome shotgun sequence"	112..654	" Major pilin subunit, YHD fimbriael cluster"	CP042934
GCA_039778795.1	stx	stx2	99.6	1242 / 1242	"ABSKDG010000072.1 Escherichia coli strain 01277576 SAMN41482030-rid21698813.denovo.072, whole genome shotgun sequence"	3636..4877	"O9 CB10366, variant i"	FN252457
GCA_039778795.1	stx	stx2	99.6	1242 / 1242	"ABSKDG010000262.1 Escherichia coli strain 01277576 SAMN41482030-rid21698813.guided.152, whole genome shotgun sequence"	2490..3731	"O9 CB10366, variant i"	FN252457
GCA_039787335.1	virulence_ecoli	AslA	94.09	1657 / 1656	"ABSKSK010000076.1 Escherichia coli strain 01260925 SAMN41500593-rid21707563.denovo.076, whole genome shotgun sequence"	1659..3314		CP054236
GCA_039787335.1	virulence_ecoli	cba	99.87	1536 / 1536	"ABSKSK010000034.1 Escherichia coli strain 01260925 SAMN41500593-rid21707563.denovo.034, whole genome shotgun sequence"	43700..45235	  Colicin B	FJ664743
GCA_039787335.1	virulence_ecoli	cia	100	147 / 147	"ABSKSK010000088.1 Escherichia coli strain 01260925 SAMN41500593-rid21707563.denovo.090, whole genome shotgun sequence"	6830..6976	  Colicin ia	QMGM01000002
GCA_039787335.1	virulence_ecoli	cma	99.75	816 / 816	"ABSKSK010000088.1 Escherichia coli strain 01260925 SAMN41500593-rid21707563.denovo.090, whole genome shotgun sequence"	190..1005	  Colicin M activity	FJ664724
GCA_039787335.1	virulence_ecoli	csgA	100	456 / 456	"ABSKSK010000001.1 Escherichia coli strain 01260925 SAMN41500593-rid21707563.denovo.001, whole genome shotgun sequence"	128637..129092	 curlin major subunit CsgA	CP069646
GCA_039787335.1	virulence_ecoli	eltIIAB-a	98.33	1141 / 1141	"ABSKSK010000060.1 Escherichia coli strain 01260925 SAMN41500593-rid21707563.denovo.060, whole genome shotgun sequence"	22133..23273	   Heat-labile enterotoxin LTII-a	JQ031711
GCA_039787335.1	virulence_ecoli	fdeC	92.86	4258 / 4254	"ABSKSK010000028.1 Escherichia coli strain 01260925 SAMN41500593-rid21707563.denovo.028, whole genome shotgun sequence"	23616..27866	 intimin-like adhesin FdeC	AP010953
GCA_039787335.1	virulence_ecoli	fimH	100	489 / 489	"ABSKSK010000056.1 Escherichia coli strain 01260925 SAMN41500593-rid21707563.denovo.056, whole genome shotgun sequence"	22439..22927	   Type 1 fimbriae	NA
GCA_039787335.1	virulence_ecoli	hlyE	97.82	918 / 918	"ABSKSK010000077.1 Escherichia coli strain 01260925 SAMN41500593-rid21707563.denovo.077, whole genome shotgun sequence"	1..906	  Avian E. coli haemolysin	ECU57430
GCA_039787335.1	virulence_ecoli	iss	99.66	294 / 294	"ABSKSK010000058.1 Escherichia coli strain 01260925 SAMN41500593-rid21707563.denovo.058, whole genome shotgun sequence"	14509..14802	  Increased serum survival	CP001846
GCA_039787335.1	virulence_ecoli	mchB	99.66	294 / 294	"ABSKSK010000107.1 Escherichia coli strain 01260925 SAMN41500593-rid21707563.denovo.109, whole genome shotgun sequence"	3957..4250	  Microcin H47 part of colicin H	AJ009631
GCA_039787335.1	virulence_ecoli	mchC	99.94	1551 / 1551	"ABSKSK010000107.1 Escherichia coli strain 01260925 SAMN41500593-rid21707563.denovo.109, whole genome shotgun sequence"	2135..3685	  MchC protein	FN554766
GCA_039787335.1	virulence_ecoli	mchF	99.79	1863 / 2097	"ABSKSK010000032.1 Escherichia coli strain 01260925 SAMN41500593-rid21707563.denovo.032, whole genome shotgun sequence"	45696..47558	  ABC transporter protein MchF	FN554766
GCA_039787335.1	virulence_ecoli	mcmA	100	279 / 279	"ABSKSK010000032.1 Escherichia coli strain 01260925 SAMN41500593-rid21707563.denovo.032, whole genome shotgun sequence"	45164..45442	  Microcin M part of colicin H	AJ515251
GCA_039787335.1	virulence_ecoli	nlpI	99.77	885 / 885	"ABSKSK010000005.1 Escherichia coli strain 01260925 SAMN41500593-rid21707563.denovo.005, whole genome shotgun sequence"	40163..41047	  lipoprotein NlpI precursor	CP000243
GCA_039787335.1	virulence_ecoli	stx2i-O9-CB10366	99.6	1242 / 1242	"ABSKSK010000070.1 Escherichia coli strain 01260925 SAMN41500593-rid21707563.denovo.070, whole genome shotgun sequence"	1346..2587	   stx2i-O9-CB10366	FN252457
GCA_039787335.1	virulence_ecoli	stx2i-O9-CB10366	99.6	1242 / 1242	"ABSKSK010000217.1 Escherichia coli strain 01260925 SAMN41500593-rid21707563.guided.126, whole genome shotgun sequence"	2490..3731	   stx2i-O9-CB10366	FN252457
GCA_039787335.1	virulence_ecoli	terC	100	714 / 714	"ABSKSK010000002.1 Escherichia coli strain 01260925 SAMN41500593-rid21707563.denovo.002, whole genome shotgun sequence"	22732..23445	  Tellurium ion resistance protein	CP007491
GCA_039787335.1	virulence_ecoli	terC	99.9	959 / 966	"ABSKSK010000017.1 Escherichia coli strain 01260925 SAMN41500593-rid21707563.denovo.017, whole genome shotgun sequence"	30559..31517	  Tellurium ion resistance protein	MG591698
GCA_039787335.1	virulence_ecoli	terC	100	1041 / 1041	"ABSKSK010000092.1 Escherichia coli strain 01260925 SAMN41500593-rid21707563.denovo.094, whole genome shotgun sequence"	2874..3914	  Tellurium ion resistance protein	UINX01000003
GCA_039787335.1	virulence_ecoli	tia	99.73	738 / 738	"ABSKSK010000096.1 Escherichia coli strain 01260925 SAMN41500593-rid21707563.denovo.098, whole genome shotgun sequence"	2471..3208	 Tia Invasion determinant	CP015995
GCA_039787335.1	virulence_ecoli	traJ	98.84	687 / 687	"ABSKSK010000034.1 Escherichia coli strain 01260925 SAMN41500593-rid21707563.denovo.034, whole genome shotgun sequence"	22252..22938	  Protein TraJ (Positive regulator of conjugal transfer operon)	CP007150
GCA_039787335.1	virulence_ecoli	traT	100	732 / 732	"ABSKSK010000034.1 Escherichia coli strain 01260925 SAMN41500593-rid21707563.denovo.034, whole genome shotgun sequence"	701..1432	  Outer membrane protein complement resistance	CP009167
GCA_039787335.1	virulence_ecoli	yehA	98.26	1035 / 1035	"ABSKSK010000035.1 Escherichia coli strain 01260925 SAMN41500593-rid21707563.denovo.035, whole genome shotgun sequence"	17713..18747	"  Outer membrane lipoprotein, YHD fimbriael cluster"	CP042934
GCA_039787335.1	virulence_ecoli	yehB	98.71	2481 / 2481	"ABSKSK010000035.1 Escherichia coli strain 01260925 SAMN41500593-rid21707563.denovo.035, whole genome shotgun sequence"	18763..21243	" Usher, YHD fimbriael cluster"	CP042934
GCA_039787335.1	virulence_ecoli	yehC	97.63	675 / 675	"ABSKSK010000035.1 Escherichia coli strain 01260925 SAMN41500593-rid21707563.denovo.035, whole genome shotgun sequence"	21259..21933	" Chaperone, YHD fimbriael cluster"	CP042934
GCA_039787335.1	virulence_ecoli	yehD	98.71	543 / 543	"ABSKSK010000035.1 Escherichia coli strain 01260925 SAMN41500593-rid21707563.denovo.035, whole genome shotgun sequence"	22013..22555	" Major pilin subunit, YHD fimbriael cluster"	CP042934
GCA_039787335.1	stx	stx2	99.6	1242 / 1242	"ABSKSK010000070.1 Escherichia coli strain 01260925 SAMN41500593-rid21707563.denovo.070, whole genome shotgun sequence"	1346..2587	"O9 CB10366, variant i"	FN252457
GCA_039787335.1	stx	stx2	99.6	1242 / 1242	"ABSKSK010000217.1 Escherichia coli strain 01260925 SAMN41500593-rid21707563.guided.126, whole genome shotgun sequence"	2490..3731	"O9 CB10366, variant i"	FN252457
GCA_039865785.1	virulence_ecoli	AslA	94.09	1657 / 1656	"ABSMIZ010000081.1 Escherichia coli strain 01239766 SAMN41516343-rid21720403.denovo.081, whole genome shotgun sequence"	1659..3314		CP054236
GCA_039865785.1	virulence_ecoli	cba	99.93	1536 / 1536	"ABSMIZ010000083.1 Escherichia coli strain 01239766 SAMN41516343-rid21720403.denovo.084, whole genome shotgun sequence"	5121..6656	  Colicin B	FJ664743
GCA_039865785.1	virulence_ecoli	cia	100	147 / 147	"ABSMIZ010000083.1 Escherichia coli strain 01239766 SAMN41516343-rid21720403.denovo.084, whole genome shotgun sequence"	14085..14231	  Colicin ia	QMGM01000002
GCA_039865785.1	virulence_ecoli	cma	99.75	816 / 816	"ABSMIZ010000083.1 Escherichia coli strain 01239766 SAMN41516343-rid21720403.denovo.084, whole genome shotgun sequence"	7445..8260	  Colicin M activity	FJ664724
GCA_039865785.1	virulence_ecoli	csgA	100	456 / 456	"ABSMIZ010000005.1 Escherichia coli strain 01239766 SAMN41516343-rid21720403.denovo.005, whole genome shotgun sequence"	149157..149612	 curlin major subunit CsgA	CP069646
GCA_039865785.1	virulence_ecoli	eltIIAB-a	98.33	1141 / 1141	"ABSMIZ010000062.1 Escherichia coli strain 01239766 SAMN41516343-rid21720403.denovo.062, whole genome shotgun sequence"	22192..23332	   Heat-labile enterotoxin LTII-a	JQ031711
GCA_039865785.1	virulence_ecoli	fdeC	92.86	4258 / 4254	"ABSMIZ010000060.1 Escherichia coli strain 01239766 SAMN41516343-rid21720403.denovo.060, whole genome shotgun sequence"	23616..27866	 intimin-like adhesin FdeC	AP010953
GCA_039865785.1	virulence_ecoli	fimH	100	489 / 489	"ABSMIZ010000059.1 Escherichia coli strain 01239766 SAMN41516343-rid21720403.denovo.059, whole genome shotgun sequence"	22438..22926	   Type 1 fimbriae	NA
GCA_039865785.1	virulence_ecoli	hlyE	97.82	919 / 918	"ABSMIZ010000005.1 Escherichia coli strain 01239766 SAMN41516343-rid21720403.denovo.005, whole genome shotgun sequence"	38853..39759	  Avian E. coli haemolysin	ECU57430
GCA_039865785.1	virulence_ecoli	iss	99.66	294 / 294	"ABSMIZ010000058.1 Escherichia coli strain 01239766 SAMN41516343-rid21720403.denovo.058, whole genome shotgun sequence"	14512..14805	  Increased serum survival	CP001846
GCA_039865785.1	virulence_ecoli	mchB	99.66	294 / 294	"ABSMIZ010000070.1 Escherichia coli strain 01239766 SAMN41516343-rid21720403.denovo.070, whole genome shotgun sequence"	10564..10857	  Microcin H47 part of colicin H	AJ009631
GCA_039865785.1	virulence_ecoli	mchC	99.94	1551 / 1551	"ABSMIZ010000070.1 Escherichia coli strain 01239766 SAMN41516343-rid21720403.denovo.070, whole genome shotgun sequence"	8742..10292	  MchC protein	FN554766
GCA_039865785.1	virulence_ecoli	mchF	99.76	2097 / 2097	"ABSMIZ010000070.1 Escherichia coli strain 01239766 SAMN41516343-rid21720403.denovo.070, whole genome shotgun sequence"	4748..6844	  ABC transporter protein MchF	FN554766
GCA_039865785.1	virulence_ecoli	mcmA	100	279 / 279	"ABSMIZ010000070.1 Escherichia coli strain 01239766 SAMN41516343-rid21720403.denovo.070, whole genome shotgun sequence"	4216..4494	  Microcin M part of colicin H	AJ515251
GCA_039865785.1	virulence_ecoli	nlpI	99.77	885 / 885	"ABSMIZ010000007.1 Escherichia coli strain 01239766 SAMN41516343-rid21720403.denovo.007, whole genome shotgun sequence"	40163..41047	  lipoprotein NlpI precursor	CP000243
GCA_039865785.1	virulence_ecoli	stx2i-O9-CB10366	99.6	1242 / 1242	"ABSMIZ010000066.1 Escherichia coli strain 01239766 SAMN41516343-rid21720403.denovo.066, whole genome shotgun sequence"	5280..6521	   stx2i-O9-CB10366	FN252457
GCA_039865785.1	virulence_ecoli	stx2i-O9-CB10366	99.6	1242 / 1242	"ABSMIZ010000197.1 Escherichia coli strain 01239766 SAMN41516343-rid21720403.guided.120, whole genome shotgun sequence"	2490..3731	   stx2i-O9-CB10366	FN252457
GCA_039865785.1	virulence_ecoli	terC	100	714 / 714	"ABSMIZ010000003.1 Escherichia coli strain 01239766 SAMN41516343-rid21720403.denovo.003, whole genome shotgun sequence"	22939..23652	  Tellurium ion resistance protein	CP007491
GCA_039865785.1	virulence_ecoli	terC	99.9	959 / 966	"ABSMIZ010000017.1 Escherichia coli strain 01239766 SAMN41516343-rid21720403.denovo.017, whole genome shotgun sequence"	30573..31531	  Tellurium ion resistance protein	MG591698
GCA_039865785.1	virulence_ecoli	terC	100	1041 / 1041	"ABSMIZ010000091.1 Escherichia coli strain 01239766 SAMN41516343-rid21720403.denovo.092, whole genome shotgun sequence"	2873..3913	  Tellurium ion resistance protein	UINX01000003
GCA_039865785.1	virulence_ecoli	tia	99.73	738 / 738	"ABSMIZ010000097.1 Escherichia coli strain 01239766 SAMN41516343-rid21720403.denovo.098, whole genome shotgun sequence"	2399..3136	 Tia Invasion determinant	CP015995
GCA_039865785.1	virulence_ecoli	traJ	98.69	687 / 687	"ABSMIZ010000069.1 Escherichia coli strain 01239766 SAMN41516343-rid21720403.denovo.069, whole genome shotgun sequence"	15860..16546	  Protein TraJ (Positive regulator of conjugal transfer operon)	CP007150
GCA_039865785.1	virulence_ecoli	traT	100	732 / 732	"ABSMIZ010000109.1 Escherichia coli strain 01239766 SAMN41516343-rid21720403.denovo.110, whole genome shotgun sequence"	2109..2840	  Outer membrane protein complement resistance	CP009167
GCA_039865785.1	virulence_ecoli	yehA	98.26	1035 / 1035	"ABSMIZ010000009.1 Escherichia coli strain 01239766 SAMN41516343-rid21720403.denovo.009, whole genome shotgun sequence"	27023..28057	"  Outer membrane lipoprotein, YHD fimbriael cluster"	CP042934
GCA_039865785.1	virulence_ecoli	yehB	98.71	2481 / 2481	"ABSMIZ010000009.1 Escherichia coli strain 01239766 SAMN41516343-rid21720403.denovo.009, whole genome shotgun sequence"	24527..27007	" Usher, YHD fimbriael cluster"	CP042934
GCA_039865785.1	virulence_ecoli	yehC	97.63	675 / 675	"ABSMIZ010000009.1 Escherichia coli strain 01239766 SAMN41516343-rid21720403.denovo.009, whole genome shotgun sequence"	23837..24511	" Chaperone, YHD fimbriael cluster"	CP042934
GCA_039865785.1	virulence_ecoli	yehD	98.71	543 / 543	"ABSMIZ010000009.1 Escherichia coli strain 01239766 SAMN41516343-rid21720403.denovo.009, whole genome shotgun sequence"	23215..23757	" Major pilin subunit, YHD fimbriael cluster"	CP042934
GCA_039865785.1	stx	stx2	99.6	1242 / 1242	"ABSMIZ010000066.1 Escherichia coli strain 01239766 SAMN41516343-rid21720403.denovo.066, whole genome shotgun sequence"	5280..6521	"O9 CB10366, variant i"	FN252457
GCA_039865785.1	stx	stx2	99.6	1242 / 1242	"ABSMIZ010000197.1 Escherichia coli strain 01239766 SAMN41516343-rid21720403.guided.120, whole genome shotgun sequence"	2490..3731	"O9 CB10366, variant i"	FN252457
GCA_039879905.1	virulence_ecoli	AslA	94.09	1657 / 1656	"ABSNAK010000084.1 Escherichia coli strain 01211874 SAMN41550020-rid21732403.denovo.084, whole genome shotgun sequence"	1659..3314		CP054236
GCA_039879905.1	virulence_ecoli	cba	99.93	1536 / 1536	"ABSNAK010000068.1 Escherichia coli strain 01211874 SAMN41550020-rid21732403.denovo.068, whole genome shotgun sequence"	11884..13419	  Colicin B	FJ664743
GCA_039879905.1	virulence_ecoli	cia	100	147 / 147	"ABSNAK010000068.1 Escherichia coli strain 01211874 SAMN41550020-rid21732403.denovo.068, whole genome shotgun sequence"	20848..20994	  Colicin ia	QMGM01000002
GCA_039879905.1	virulence_ecoli	cma	99.75	816 / 816	"ABSNAK010000068.1 Escherichia coli strain 01211874 SAMN41550020-rid21732403.denovo.068, whole genome shotgun sequence"	14208..15023	  Colicin M activity	FJ664724
GCA_039879905.1	virulence_ecoli	csgA	100	456 / 456	"ABSNAK010000001.1 Escherichia coli strain 01211874 SAMN41550020-rid21732403.denovo.001, whole genome shotgun sequence"	148988..149443	 curlin major subunit CsgA	CP069646
GCA_039879905.1	virulence_ecoli	eltIIAB-a	98.33	1141 / 1141	"ABSNAK010000069.1 Escherichia coli strain 01211874 SAMN41550020-rid21732403.denovo.069, whole genome shotgun sequence"	22133..23273	   Heat-labile enterotoxin LTII-a	JQ031711
GCA_039879905.1	virulence_ecoli	fdeC	92.86	4258 / 4254	"ABSNAK010000031.1 Escherichia coli strain 01211874 SAMN41550020-rid21732403.denovo.031, whole genome shotgun sequence"	2301..6551	 intimin-like adhesin FdeC	AP010953
GCA_039879905.1	virulence_ecoli	fimH	100	489 / 489	"ABSNAK010000057.1 Escherichia coli strain 01211874 SAMN41550020-rid21732403.denovo.057, whole genome shotgun sequence"	22439..22927	   Type 1 fimbriae	NA
GCA_039879905.1	virulence_ecoli	hlyE	97.82	919 / 918	"ABSNAK010000001.1 Escherichia coli strain 01211874 SAMN41550020-rid21732403.denovo.001, whole genome shotgun sequence"	38692..39598	  Avian E. coli haemolysin	ECU57430
GCA_039879905.1	virulence_ecoli	iss	99.66	294 / 294	"ABSNAK010000078.1 Escherichia coli strain 01211874 SAMN41550020-rid21732403.denovo.078, whole genome shotgun sequence"	5076..5369	  Increased serum survival	CP001846
GCA_039879905.1	virulence_ecoli	mchB	99.66	294 / 294	"ABSNAK010000025.1 Escherichia coli strain 01211874 SAMN41550020-rid21732403.denovo.025, whole genome shotgun sequence"	51512..51805	  Microcin H47 part of colicin H	AJ009631
GCA_039879905.1	virulence_ecoli	mchC	99.94	1551 / 1551	"ABSNAK010000025.1 Escherichia coli strain 01211874 SAMN41550020-rid21732403.denovo.025, whole genome shotgun sequence"	49690..51240	  MchC protein	FN554766
GCA_039879905.1	virulence_ecoli	mchF	99.76	2097 / 2097	"ABSNAK010000025.1 Escherichia coli strain 01211874 SAMN41550020-rid21732403.denovo.025, whole genome shotgun sequence"	45696..47792	  ABC transporter protein MchF	FN554766
GCA_039879905.1	virulence_ecoli	mcmA	100	279 / 279	"ABSNAK010000025.1 Escherichia coli strain 01211874 SAMN41550020-rid21732403.denovo.025, whole genome shotgun sequence"	45164..45442	  Microcin M part of colicin H	AJ515251
GCA_039879905.1	virulence_ecoli	nlpI	99.77	885 / 885	"ABSNAK010000006.1 Escherichia coli strain 01211874 SAMN41550020-rid21732403.denovo.006, whole genome shotgun sequence"	40163..41047	  lipoprotein NlpI precursor	CP000243
GCA_039879905.1	virulence_ecoli	stx2i-O9-CB10366	99.6	1242 / 1242	"ABSNAK010000030.1 Escherichia coli strain 01211874 SAMN41550020-rid21732403.denovo.030, whole genome shotgun sequence"	1073..2314	   stx2i-O9-CB10366	FN252457
GCA_039879905.1	virulence_ecoli	stx2i-O9-CB10366	99.6	1242 / 1242	"ABSNAK010000213.1 Escherichia coli strain 01211874 SAMN41550020-rid21732403.guided.127, whole genome shotgun sequence"	1369..2610	   stx2i-O9-CB10366	FN252457
GCA_039879905.1	virulence_ecoli	terC	100	714 / 714	"ABSNAK010000002.1 Escherichia coli strain 01211874 SAMN41550020-rid21732403.denovo.002, whole genome shotgun sequence"	22829..23542	  Tellurium ion resistance protein	CP007491
GCA_039879905.1	virulence_ecoli	terC	99.9	959 / 966	"ABSNAK010000015.1 Escherichia coli strain 01211874 SAMN41550020-rid21732403.denovo.015, whole genome shotgun sequence"	30579..31537	  Tellurium ion resistance protein	MG591698
GCA_039879905.1	virulence_ecoli	terC	100	1041 / 1041	"ABSNAK010000094.1 Escherichia coli strain 01211874 SAMN41550020-rid21732403.denovo.094, whole genome shotgun sequence"	2874..3914	  Tellurium ion resistance protein	UINX01000003
GCA_039879905.1	virulence_ecoli	tia	99.73	738 / 738	"ABSNAK010000098.1 Escherichia coli strain 01211874 SAMN41550020-rid21732403.denovo.098, whole genome shotgun sequence"	2452..3189	 Tia Invasion determinant	CP015995
GCA_039879905.1	virulence_ecoli	traJ	98.69	687 / 687	"ABSNAK010000039.1 Escherichia coli strain 01211874 SAMN41550020-rid21732403.denovo.039, whole genome shotgun sequence"	32501..33187	  Protein TraJ (Positive regulator of conjugal transfer operon)	CP007150
GCA_039879905.1	virulence_ecoli	traT	100	732 / 732	"ABSNAK010000039.1 Escherichia coli strain 01211874 SAMN41550020-rid21732403.denovo.039, whole genome shotgun sequence"	10950..11681	  Outer membrane protein complement resistance	CP009167
GCA_039879905.1	virulence_ecoli	yehA	98.26	1035 / 1035	"ABSNAK010000008.1 Escherichia coli strain 01211874 SAMN41550020-rid21732403.denovo.008, whole genome shotgun sequence"	27023..28057	"  Outer membrane lipoprotein, YHD fimbriael cluster"	CP042934
GCA_039879905.1	virulence_ecoli	yehB	98.71	2481 / 2481	"ABSNAK010000008.1 Escherichia coli strain 01211874 SAMN41550020-rid21732403.denovo.008, whole genome shotgun sequence"	24527..27007	" Usher, YHD fimbriael cluster"	CP042934
GCA_039879905.1	virulence_ecoli	yehC	97.63	675 / 675	"ABSNAK010000008.1 Escherichia coli strain 01211874 SAMN41550020-rid21732403.denovo.008, whole genome shotgun sequence"	23837..24511	" Chaperone, YHD fimbriael cluster"	CP042934
GCA_039879905.1	virulence_ecoli	yehD	98.71	543 / 543	"ABSNAK010000008.1 Escherichia coli strain 01211874 SAMN41550020-rid21732403.denovo.008, whole genome shotgun sequence"	23215..23757	" Major pilin subunit, YHD fimbriael cluster"	CP042934
GCA_039879905.1	stx	stx2	99.6	1242 / 1242	"ABSNAK010000030.1 Escherichia coli strain 01211874 SAMN41550020-rid21732403.denovo.030, whole genome shotgun sequence"	1073..2314	"O9 CB10366, variant i"	FN252457
GCA_039879905.1	stx	stx2	99.6	1242 / 1242	"ABSNAK010000213.1 Escherichia coli strain 01211874 SAMN41550020-rid21732403.guided.127, whole genome shotgun sequence"	1369..2610	"O9 CB10366, variant i"	FN252457
GCA_039947755.1	virulence_ecoli	AslA	94.09	1657 / 1656	"ABSOTW010000026.1 Escherichia coli strain 01198109 SAMN41574626-rid21758513.denovo.026, whole genome shotgun sequence"	1659..3314		CP054236
GCA_039947755.1	virulence_ecoli	cba	99.93	1536 / 1536	"ABSOTW010000089.1 Escherichia coli strain 01198109 SAMN41574626-rid21758513.denovo.089, whole genome shotgun sequence"	5121..6656	  Colicin B	FJ664743
GCA_039947755.1	virulence_ecoli	cia	100	147 / 147	"ABSOTW010000089.1 Escherichia coli strain 01198109 SAMN41574626-rid21758513.denovo.089, whole genome shotgun sequence"	14085..14231	  Colicin ia	QMGM01000002
GCA_039947755.1	virulence_ecoli	cma	99.75	816 / 816	"ABSOTW010000089.1 Escherichia coli strain 01198109 SAMN41574626-rid21758513.denovo.089, whole genome shotgun sequence"	7445..8260	  Colicin M activity	FJ664724
GCA_039947755.1	virulence_ecoli	csgA	100	456 / 456	"ABSOTW010000080.1 Escherichia coli strain 01198109 SAMN41574626-rid21758513.denovo.080, whole genome shotgun sequence"	14208..14663	 curlin major subunit CsgA	CP069646
GCA_039947755.1	virulence_ecoli	eltIIAB-a	98.33	1141 / 1141	"ABSOTW010000066.1 Escherichia coli strain 01198109 SAMN41574626-rid21758513.denovo.066, whole genome shotgun sequence"	22192..23332	   Heat-labile enterotoxin LTII-a	JQ031711
GCA_039947755.1	virulence_ecoli	fdeC	92.86	4258 / 4254	"ABSOTW010000063.1 Escherichia coli strain 01198109 SAMN41574626-rid21758513.denovo.063, whole genome shotgun sequence"	23616..27866	 intimin-like adhesin FdeC	AP010953
GCA_039947755.1	virulence_ecoli	fimH	100	489 / 489	"ABSOTW010000056.1 Escherichia coli strain 01198109 SAMN41574626-rid21758513.denovo.056, whole genome shotgun sequence"	22140..22628	   Type 1 fimbriae	NA
GCA_039947755.1	virulence_ecoli	hlyE	97.82	919 / 918	"ABSOTW010000004.1 Escherichia coli strain 01198109 SAMN41574626-rid21758513.denovo.004, whole genome shotgun sequence"	38692..39598	  Avian E. coli haemolysin	ECU57430
GCA_039947755.1	virulence_ecoli	iss	99.66	294 / 294	"ABSOTW010000062.1 Escherichia coli strain 01198109 SAMN41574626-rid21758513.denovo.062, whole genome shotgun sequence"	14514..14807	  Increased serum survival	CP001846
GCA_039947755.1	virulence_ecoli	mchB	99.66	294 / 294	"ABSOTW010000077.1 Escherichia coli strain 01198109 SAMN41574626-rid21758513.denovo.077, whole genome shotgun sequence"	10564..10857	  Microcin H47 part of colicin H	AJ009631
GCA_039947755.1	virulence_ecoli	mchC	99.94	1551 / 1551	"ABSOTW010000077.1 Escherichia coli strain 01198109 SAMN41574626-rid21758513.denovo.077, whole genome shotgun sequence"	8742..10292	  MchC protein	FN554766
GCA_039947755.1	virulence_ecoli	mchF	99.76	2097 / 2097	"ABSOTW010000077.1 Escherichia coli strain 01198109 SAMN41574626-rid21758513.denovo.077, whole genome shotgun sequence"	4748..6844	  ABC transporter protein MchF	FN554766
GCA_039947755.1	virulence_ecoli	mcmA	100	279 / 279	"ABSOTW010000077.1 Escherichia coli strain 01198109 SAMN41574626-rid21758513.denovo.077, whole genome shotgun sequence"	4216..4494	  Microcin M part of colicin H	AJ515251
GCA_039947755.1	virulence_ecoli	nlpI	99.77	885 / 885	"ABSOTW010000005.1 Escherichia coli strain 01198109 SAMN41574626-rid21758513.denovo.005, whole genome shotgun sequence"	40163..41047	  lipoprotein NlpI precursor	CP000243
GCA_039947755.1	virulence_ecoli	stx2i-O9-CB10366	99.6	1242 / 1242	"ABSOTW010000069.1 Escherichia coli strain 01198109 SAMN41574626-rid21758513.denovo.069, whole genome shotgun sequence"	4935..6176	   stx2i-O9-CB10366	FN252457
GCA_039947755.1	virulence_ecoli	stx2i-O9-CB10366	99.6	1242 / 1242	"ABSOTW010000240.1 Escherichia coli strain 01198109 SAMN41574626-rid21758513.guided.126, whole genome shotgun sequence"	2490..3731	   stx2i-O9-CB10366	FN252457
GCA_039947755.1	virulence_ecoli	terC	100	714 / 714	"ABSOTW010000003.1 Escherichia coli strain 01198109 SAMN41574626-rid21758513.denovo.003, whole genome shotgun sequence"	22732..23445	  Tellurium ion resistance protein	CP007491
GCA_039947755.1	virulence_ecoli	terC	99.9	959 / 966	"ABSOTW010000014.1 Escherichia coli strain 01198109 SAMN41574626-rid21758513.denovo.014, whole genome shotgun sequence"	30559..31517	  Tellurium ion resistance protein	MG591698
GCA_039947755.1	virulence_ecoli	terC	100	1041 / 1041	"ABSOTW010000102.1 Escherichia coli strain 01198109 SAMN41574626-rid21758513.denovo.102, whole genome shotgun sequence"	1326..2366	  Tellurium ion resistance protein	UINX01000003
GCA_039947755.1	virulence_ecoli	tia	99.73	738 / 738	"ABSOTW010000103.1 Escherichia coli strain 01198109 SAMN41574626-rid21758513.denovo.103, whole genome shotgun sequence"	2399..3136	 Tia Invasion determinant	CP015995
GCA_039947755.1	virulence_ecoli	traJ	98.69	687 / 687	"ABSOTW010000074.1 Escherichia coli strain 01198109 SAMN41574626-rid21758513.denovo.074, whole genome shotgun sequence"	16133..16819	  Protein TraJ (Positive regulator of conjugal transfer operon)	CP007150
GCA_039947755.1	virulence_ecoli	traT	100	732 / 732	"ABSOTW010000115.1 Escherichia coli strain 01198109 SAMN41574626-rid21758513.denovo.116, whole genome shotgun sequence"	2109..2840	  Outer membrane protein complement resistance	CP009167
GCA_039947755.1	virulence_ecoli	yehA	98.26	1035 / 1035	"ABSOTW010000007.1 Escherichia coli strain 01198109 SAMN41574626-rid21758513.denovo.007, whole genome shotgun sequence"	26900..27934	"  Outer membrane lipoprotein, YHD fimbriael cluster"	CP042934
GCA_039947755.1	virulence_ecoli	yehB	98.71	2481 / 2481	"ABSOTW010000007.1 Escherichia coli strain 01198109 SAMN41574626-rid21758513.denovo.007, whole genome shotgun sequence"	24404..26884	" Usher, YHD fimbriael cluster"	CP042934
GCA_039947755.1	virulence_ecoli	yehC	97.63	675 / 675	"ABSOTW010000007.1 Escherichia coli strain 01198109 SAMN41574626-rid21758513.denovo.007, whole genome shotgun sequence"	23714..24388	" Chaperone, YHD fimbriael cluster"	CP042934
GCA_039947755.1	virulence_ecoli	yehD	98.71	543 / 543	"ABSOTW010000007.1 Escherichia coli strain 01198109 SAMN41574626-rid21758513.denovo.007, whole genome shotgun sequence"	23092..23634	" Major pilin subunit, YHD fimbriael cluster"	CP042934
GCA_039947755.1	stx	stx2	99.6	1242 / 1242	"ABSOTW010000069.1 Escherichia coli strain 01198109 SAMN41574626-rid21758513.denovo.069, whole genome shotgun sequence"	4935..6176	"O9 CB10366, variant i"	FN252457
GCA_039947755.1	stx	stx2	99.6	1242 / 1242	"ABSOTW010000240.1 Escherichia coli strain 01198109 SAMN41574626-rid21758513.guided.126, whole genome shotgun sequence"	2490..3731	"O9 CB10366, variant i"	FN252457
GCA_039951795.1	virulence_ecoli	capU	99.91	1089 / 1089	"ABSPBR010000075.1 Escherichia coli strain 01198108 SAMN41574618-rid21758333.denovo.077, whole genome shotgun sequence"	9388..10476	 Hexosyltransferase homolog	CP002729
GCA_039951795.1	virulence_ecoli	capU	99.91	1089 / 1089	"ABSPBR010000075.1 Escherichia coli strain 01198108 SAMN41574618-rid21758333.denovo.077, whole genome shotgun sequence"	9388..10476	 Hexosyltransferase homolog	CU928145
GCA_039951795.1	virulence_ecoli	csgA	100	456 / 456	"ABSPBR010000026.1 Escherichia coli strain 01198108 SAMN41574618-rid21758333.denovo.026, whole genome shotgun sequence"	41669..42124	 curlin major subunit CsgA	CP069646
GCA_039951795.1	virulence_ecoli	eltIIAB-a	98.42	1141 / 1141	"ABSPBR010000062.1 Escherichia coli strain 01198108 SAMN41574618-rid21758333.denovo.062, whole genome shotgun sequence"	21857..22997	   Heat-labile enterotoxin LTII-a	JQ031711
GCA_039951795.1	virulence_ecoli	fdeC	93.57	4258 / 4254	"ABSPBR010000053.1 Escherichia coli strain 01198108 SAMN41574618-rid21758333.denovo.053, whole genome shotgun sequence"	16076..20326	 intimin-like adhesin FdeC	AP010953
GCA_039951795.1	virulence_ecoli	gad	99.25	928 / 1401	"ABSPBR010000105.1 Escherichia coli strain 01198108 SAMN41574618-rid21758333.denovo.107, whole genome shotgun sequence"	1..928	  Glutamate decarboxylase	AE005674
GCA_039951795.1	virulence_ecoli	gad	99.25	928 / 1401	"ABSPBR010000105.1 Escherichia coli strain 01198108 SAMN41574618-rid21758333.denovo.107, whole genome shotgun sequence"	1..928	  Glutamate decarboxylase	CP000038
GCA_039951795.1	virulence_ecoli	gad	99.25	928 / 1401	"ABSPBR010000105.1 Escherichia coli strain 01198108 SAMN41574618-rid21758333.denovo.107, whole genome shotgun sequence"	1..928	  Glutamate decarboxylase	FN554766
GCA_039951795.1	virulence_ecoli	hlyE	98.69	918 / 918	"ABSPBR010000022.1 Escherichia coli strain 01198108 SAMN41574618-rid21758333.denovo.022, whole genome shotgun sequence"	884..1801	  Avian E. coli haemolysin	ECU57430
GCA_039951795.1	virulence_ecoli	nlpI	99.77	885 / 885	"ABSPBR010000010.1 Escherichia coli strain 01198108 SAMN41574618-rid21758333.denovo.010, whole genome shotgun sequence"	40187..41071	  lipoprotein NlpI precursor	CP000243
GCA_039951795.1	virulence_ecoli	stx2i-O9-CB10366	99.6	1242 / 1242	"ABSPBR010000102.1 Escherichia coli strain 01198108 SAMN41574618-rid21758333.denovo.104, whole genome shotgun sequence"	1500..2741	   stx2i-O9-CB10366	FN252457
GCA_039951795.1	virulence_ecoli	stx2i-O9-CB10366	99.6	1242 / 1242	"ABSPBR010000241.1 Escherichia coli strain 01198108 SAMN41574618-rid21758333.guided.110, whole genome shotgun sequence"	2246..3487	   stx2i-O9-CB10366	FN252457
GCA_039951795.1	virulence_ecoli	terC	99.86	714 / 714	"ABSPBR010000036.1 Escherichia coli strain 01198108 SAMN41574618-rid21758333.denovo.036, whole genome shotgun sequence"	22733..23446	  Tellurium ion resistance protein	CP007491
GCA_039951795.1	virulence_ecoli	terC	99.79	966 / 966	"ABSPBR010000038.1 Escherichia coli strain 01198108 SAMN41574618-rid21758333.denovo.038, whole genome shotgun sequence"	12214..13179	  Tellurium ion resistance protein	MG591698
GCA_039951795.1	virulence_ecoli	traT	99.44	178 / 177	"ABSPBR010000128.1 Escherichia coli strain 01198108 SAMN41574618-rid21758333.denovo.131, whole genome shotgun sequence"	1849..2026	  Outer membrane protein complement resistance	AIGY01000005
GCA_039951795.1	virulence_ecoli	traT	98.31	118 / 117	"ABSPBR010000128.1 Escherichia coli strain 01198108 SAMN41574618-rid21758333.denovo.131, whole genome shotgun sequence"	1732..1849	  Outer membrane protein complement resistance	AQEY01000048
GCA_039951795.1	virulence_ecoli	yehA	98.45	1035 / 1035	"ABSPBR010000012.1 Escherichia coli strain 01198108 SAMN41574618-rid21758333.denovo.012, whole genome shotgun sequence"	40813..41847	"  Outer membrane lipoprotein, YHD fimbriael cluster"	CP042934
GCA_039951795.1	virulence_ecoli	yehB	98.79	2481 / 2481	"ABSPBR010000012.1 Escherichia coli strain 01198108 SAMN41574618-rid21758333.denovo.012, whole genome shotgun sequence"	38317..40797	" Usher, YHD fimbriael cluster"	CP042934
GCA_039951795.1	virulence_ecoli	yehC	97.78	675 / 675	"ABSPBR010000012.1 Escherichia coli strain 01198108 SAMN41574618-rid21758333.denovo.012, whole genome shotgun sequence"	37627..38301	" Chaperone, YHD fimbriael cluster"	CP042934
GCA_039951795.1	virulence_ecoli	yehD	98.53	543 / 543	"ABSPBR010000012.1 Escherichia coli strain 01198108 SAMN41574618-rid21758333.denovo.012, whole genome shotgun sequence"	37005..37547	" Major pilin subunit, YHD fimbriael cluster"	CP042934
GCA_039951795.1	virulence_ecoli	yghJ	91.36	4574 / 4569	"ABSPBR010000003.1 Escherichia coli strain 01198108 SAMN41574618-rid21758333.denovo.003, whole genome shotgun sequence"	88975..93531		CP002729
GCA_039951795.1	stx	stx2	99.6	1242 / 1242	"ABSPBR010000102.1 Escherichia coli strain 01198108 SAMN41574618-rid21758333.denovo.104, whole genome shotgun sequence"	1500..2741	"O9 CB10366, variant i"	FN252457
GCA_039951795.1	stx	stx2	99.6	1242 / 1242	"ABSPBR010000241.1 Escherichia coli strain 01198108 SAMN41574618-rid21758333.guided.110, whole genome shotgun sequence"	2246..3487	"O9 CB10366, variant i"	FN252457
GCA_039997695.1	virulence_ecoli	csgA	98.9	456 / 456	"ABSQDG010000009.1 Escherichia coli strain 01189777 SAMN41594209-rid21769643.denovo.009, whole genome shotgun sequence"	149191..149646	 curlin major subunit CsgA	CP069646
GCA_039997695.1	virulence_ecoli	eltIIAB-a	98.33	1141 / 1141	"ABSQDG010000014.1 Escherichia coli strain 01189777 SAMN41594209-rid21769643.denovo.014, whole genome shotgun sequence"	86236..87376	   Heat-labile enterotoxin LTII-a	JQ031711
GCA_039997695.1	virulence_ecoli	fdeC	95.49	4254 / 4254	"ABSQDG010000025.1 Escherichia coli strain 01189777 SAMN41594209-rid21769643.denovo.025, whole genome shotgun sequence"	14339..18592	 intimin-like adhesin FdeC	AP010953
GCA_039997695.1	virulence_ecoli	fimH	100	489 / 489	"ABSQDG010000007.1 Escherichia coli strain 01189777 SAMN41594209-rid21769643.denovo.007, whole genome shotgun sequence"	55238..55726	   Type 1 fimbriae	NA
GCA_039997695.1	virulence_ecoli	gad	100	1016 / 1401	"ABSQDG010000043.1 Escherichia coli strain 01189777 SAMN41594209-rid21769643.denovo.043, whole genome shotgun sequence"	1..1016	  Glutamate decarboxylase	CU928160
GCA_039997695.1	virulence_ecoli	hha	95.31	213 / 213	"ABSQDG010000019.1 Escherichia coli strain 01189777 SAMN41594209-rid21769643.denovo.019, whole genome shotgun sequence"	2570..2782	 hemolysin expression modulator Hha (previous rmoA)	453331
GCA_039997695.1	virulence_ecoli	hha	91.67	180 / 213	"ABSQDG010000072.1 Escherichia coli strain 01189777 SAMN41594209-rid21769643.denovo.074, whole genome shotgun sequence"	2605..2784	 hemolysin expression modulator Hha (previous rmoA)	453331
GCA_039997695.1	virulence_ecoli	hlyE	99.13	918 / 918	"ABSQDG010000009.1 Escherichia coli strain 01189777 SAMN41594209-rid21769643.denovo.009, whole genome shotgun sequence"	38790..39706	  Avian E. coli haemolysin	ECU57430
GCA_039997695.1	virulence_ecoli	iss	100	294 / 294	"ABSQDG010000001.1 Escherichia coli strain 01189777 SAMN41594209-rid21769643.denovo.001, whole genome shotgun sequence"	260473..260766	  Increased serum survival	CP001665
GCA_039997695.1	virulence_ecoli	lpfA	100	573 / 573	"ABSQDG010000024.1 Escherichia coli strain 01189777 SAMN41594209-rid21769643.denovo.024, whole genome shotgun sequence"	38411..38983	  Long polar fimbriae	KC207123
GCA_039997695.1	virulence_ecoli	nlpI	99.77	885 / 885	"ABSQDG010000012.1 Escherichia coli strain 01189777 SAMN41594209-rid21769643.denovo.012, whole genome shotgun sequence"	16222..17106	  lipoprotein NlpI precursor	CP000243
GCA_039997695.1	virulence_ecoli	ompT	99.72	363 / 363	"ABSQDG010000059.1 Escherichia coli strain 01189777 SAMN41594209-rid21769643.denovo.061, whole genome shotgun sequence"	6864..7226	  Outer membrane protease (protein protease 7)	UDHB01000050
GCA_039997695.1	virulence_ecoli	stx2i-O9-CB10366	99.6	1242 / 1242	"ABSQDG010000071.1 Escherichia coli strain 01189777 SAMN41594209-rid21769643.denovo.073, whole genome shotgun sequence"	918..2159	   stx2i-O9-CB10366	FN252457
GCA_039997695.1	virulence_ecoli	stx2i-O9-CB10366	99.6	1242 / 1242	"ABSQDG010000157.1 Escherichia coli strain 01189777 SAMN41594209-rid21769643.guided.081, whole genome shotgun sequence"	2490..3731	   stx2i-O9-CB10366	FN252457
GCA_039997695.1	virulence_ecoli	terC	100	714 / 714	"ABSQDG010000016.1 Escherichia coli strain 01189777 SAMN41594209-rid21769643.denovo.016, whole genome shotgun sequence"	84041..84754	  Tellurium ion resistance protein	CP007491
GCA_039997695.1	virulence_ecoli	terC	100	1041 / 1041	"ABSQDG010000064.1 Escherichia coli strain 01189777 SAMN41594209-rid21769643.denovo.066, whole genome shotgun sequence"	1327..2367	  Tellurium ion resistance protein	CYAS01000072
GCA_039997695.1	virulence_ecoli	terC	98.85	959 / 966	"ABSQDG010000010.1 Escherichia coli strain 01189777 SAMN41594209-rid21769643.denovo.010, whole genome shotgun sequence"	103128..104086	  Tellurium ion resistance protein	MG591698
GCA_039997695.1	virulence_ecoli	tia	99.86	738 / 738	"ABSQDG010000019.1 Escherichia coli strain 01189777 SAMN41594209-rid21769643.denovo.019, whole genome shotgun sequence"	50678..51415	 Tia Invasion determinant	CP010172
GCA_039997695.1	virulence_ecoli	traT	99.73	732 / 732	"ABSQDG010000037.1 Escherichia coli strain 01189777 SAMN41594209-rid21769643.denovo.037, whole genome shotgun sequence"	25180..25911	  Outer membrane protein complement resistance	AKLT01000045
GCA_039997695.1	virulence_ecoli	yehA	98.06	1033 / 1035	"ABSQDG010000013.1 Escherichia coli strain 01189777 SAMN41594209-rid21769643.denovo.013, whole genome shotgun sequence"	75543..76575	"  Outer membrane lipoprotein, YHD fimbriael cluster"	CP042934
GCA_039997695.1	virulence_ecoli	yehB	97.86	2481 / 2481	"ABSQDG010000013.1 Escherichia coli strain 01189777 SAMN41594209-rid21769643.denovo.013, whole genome shotgun sequence"	76591..79071	" Usher, YHD fimbriael cluster"	CP042934
GCA_039997695.1	virulence_ecoli	yehC	98.37	675 / 675	"ABSQDG010000013.1 Escherichia coli strain 01189777 SAMN41594209-rid21769643.denovo.013, whole genome shotgun sequence"	79087..79761	" Chaperone, YHD fimbriael cluster"	CP042934
GCA_039997695.1	virulence_ecoli	yehD	98.71	543 / 543	"ABSQDG010000013.1 Escherichia coli strain 01189777 SAMN41594209-rid21769643.denovo.013, whole genome shotgun sequence"	79842..80384	" Major pilin subunit, YHD fimbriael cluster"	CP042934
GCA_039997695.1	virulence_ecoli	yghJ	98.1	4573 / 4569	"ABSQDG010000030.1 Escherichia coli strain 01189777 SAMN41594209-rid21769643.denovo.030, whole genome shotgun sequence"	27761..32329		CP002729
GCA_039997695.1	stx	stx2	99.6	1242 / 1242	"ABSQDG010000071.1 Escherichia coli strain 01189777 SAMN41594209-rid21769643.denovo.073, whole genome shotgun sequence"	918..2159	"O9 CB10366, variant i"	FN252457
GCA_039997695.1	stx	stx2	99.6	1242 / 1242	"ABSQDG010000157.1 Escherichia coli strain 01189777 SAMN41594209-rid21769643.guided.081, whole genome shotgun sequence"	2490..3731	"O9 CB10366, variant i"	FN252457
GCA_040279925.1	virulence_ecoli	AslA	94.09	1657 / 1656	"ABTAVJ010000031.1 Escherichia coli strain 01540777 SAMN41992278-rid22121073.denovo.031, whole genome shotgun sequence"	14761..16416		CP054236
GCA_040279925.1	virulence_ecoli	cba	99.93	1536 / 1536	"ABTAVJ010000075.1 Escherichia coli strain 01540777 SAMN41992278-rid22121073.denovo.075, whole genome shotgun sequence"	6482..8017	  Colicin B	FJ664743
GCA_040279925.1	virulence_ecoli	cia	100	147 / 147	"ABTAVJ010000075.1 Escherichia coli strain 01540777 SAMN41992278-rid22121073.denovo.075, whole genome shotgun sequence"	15446..15592	  Colicin ia	QMGM01000002
GCA_040279925.1	virulence_ecoli	cma	99.75	816 / 816	"ABTAVJ010000075.1 Escherichia coli strain 01540777 SAMN41992278-rid22121073.denovo.075, whole genome shotgun sequence"	8806..9621	  Colicin M activity	FJ664724
GCA_040279925.1	virulence_ecoli	csgA	100	456 / 456	"ABTAVJ010000001.1 Escherichia coli strain 01540777 SAMN41992278-rid22121073.denovo.001, whole genome shotgun sequence"	148996..149451	 curlin major subunit CsgA	CP069646
GCA_040279925.1	virulence_ecoli	eltIIAB-a	98.33	1141 / 1141	"ABTAVJ010000064.1 Escherichia coli strain 01540777 SAMN41992278-rid22121073.denovo.064, whole genome shotgun sequence"	22133..23273	   Heat-labile enterotoxin LTII-a	JQ031711
GCA_040279925.1	virulence_ecoli	fdeC	92.86	4258 / 4254	"ABTAVJ010000023.1 Escherichia coli strain 01540777 SAMN41992278-rid22121073.denovo.023, whole genome shotgun sequence"	23671..27921	 intimin-like adhesin FdeC	AP010953
GCA_040279925.1	virulence_ecoli	fimH	100	489 / 489	"ABTAVJ010000056.1 Escherichia coli strain 01540777 SAMN41992278-rid22121073.denovo.056, whole genome shotgun sequence"	22440..22928	   Type 1 fimbriae	NA
GCA_040279925.1	virulence_ecoli	hlyE	97.82	919 / 918	"ABTAVJ010000001.1 Escherichia coli strain 01540777 SAMN41992278-rid22121073.denovo.001, whole genome shotgun sequence"	38692..39598	  Avian E. coli haemolysin	ECU57430
GCA_040279925.1	virulence_ecoli	iss	99.66	294 / 294	"ABTAVJ010000055.1 Escherichia coli strain 01540777 SAMN41992278-rid22121073.denovo.055, whole genome shotgun sequence"	14509..14802	  Increased serum survival	CP001846
GCA_040279925.1	virulence_ecoli	mchB	99.66	294 / 294	"ABTAVJ010000024.1 Escherichia coli strain 01540777 SAMN41992278-rid22121073.denovo.024, whole genome shotgun sequence"	51512..51805	  Microcin H47 part of colicin H	AJ009631
GCA_040279925.1	virulence_ecoli	mchC	99.94	1551 / 1551	"ABTAVJ010000024.1 Escherichia coli strain 01540777 SAMN41992278-rid22121073.denovo.024, whole genome shotgun sequence"	49690..51240	  MchC protein	FN554766
GCA_040279925.1	virulence_ecoli	mchF	99.76	2097 / 2097	"ABTAVJ010000024.1 Escherichia coli strain 01540777 SAMN41992278-rid22121073.denovo.024, whole genome shotgun sequence"	45696..47792	  ABC transporter protein MchF	FN554766
GCA_040279925.1	virulence_ecoli	mcmA	100	279 / 279	"ABTAVJ010000024.1 Escherichia coli strain 01540777 SAMN41992278-rid22121073.denovo.024, whole genome shotgun sequence"	45164..45442	  Microcin M part of colicin H	AJ515251
GCA_040279925.1	virulence_ecoli	nlpI	99.77	885 / 885	"ABTAVJ010000007.1 Escherichia coli strain 01540777 SAMN41992278-rid22121073.denovo.007, whole genome shotgun sequence"	40141..41025	  lipoprotein NlpI precursor	CP000243
GCA_040279925.1	virulence_ecoli	stx2e-O8-1509W52833	99.63	818 / 1243	"ABTAVJ010000068.1 Escherichia coli strain 01540777 SAMN41992278-rid22121073.denovo.068, whole genome shotgun sequence"	1..818	   stx2e-O8-1509W52833	unpublished
GCA_040279925.1	virulence_ecoli	stx2e-O8-1509W52833	99.64	822 / 1243	"ABTAVJ010000207.1 Escherichia coli strain 01540777 SAMN41992278-rid22121073.guided.124, whole genome shotgun sequence"	2490..3311	   stx2e-O8-1509W52833	unpublished
GCA_040279925.1	virulence_ecoli	terC	100	714 / 714	"ABTAVJ010000002.1 Escherichia coli strain 01540777 SAMN41992278-rid22121073.denovo.002, whole genome shotgun sequence"	22838..23551	  Tellurium ion resistance protein	CP007491
GCA_040279925.1	virulence_ecoli	terC	99.9	959 / 966	"ABTAVJ010000018.1 Escherichia coli strain 01540777 SAMN41992278-rid22121073.denovo.018, whole genome shotgun sequence"	30647..31605	  Tellurium ion resistance protein	MG591698
GCA_040279925.1	virulence_ecoli	terC	100	1041 / 1041	"ABTAVJ010000087.1 Escherichia coli strain 01540777 SAMN41992278-rid22121073.denovo.088, whole genome shotgun sequence"	2874..3914	  Tellurium ion resistance protein	UINX01000003
GCA_040279925.1	virulence_ecoli	tia	99.73	738 / 738	"ABTAVJ010000093.1 Escherichia coli strain 01540777 SAMN41992278-rid22121073.denovo.094, whole genome shotgun sequence"	2599..3336	 Tia Invasion determinant	CP015995
GCA_040279925.1	virulence_ecoli	traJ	98.69	687 / 687	"ABTAVJ010000061.1 Escherichia coli strain 01540777 SAMN41992278-rid22121073.denovo.061, whole genome shotgun sequence"	15859..16545	  Protein TraJ (Positive regulator of conjugal transfer operon)	CP007150
GCA_040279925.1	virulence_ecoli	traT	100	732 / 732	"ABTAVJ010000077.1 Escherichia coli strain 01540777 SAMN41992278-rid22121073.denovo.078, whole genome shotgun sequence"	10959..11690	  Outer membrane protein complement resistance	CP009167
GCA_040279925.1	virulence_ecoli	yehA	98.26	1035 / 1035	"ABTAVJ010000010.1 Escherichia coli strain 01540777 SAMN41992278-rid22121073.denovo.010, whole genome shotgun sequence"	27041..28075	"  Outer membrane lipoprotein, YHD fimbriael cluster"	CP042934
GCA_040279925.1	virulence_ecoli	yehB	98.71	2481 / 2481	"ABTAVJ010000010.1 Escherichia coli strain 01540777 SAMN41992278-rid22121073.denovo.010, whole genome shotgun sequence"	24545..27025	" Usher, YHD fimbriael cluster"	CP042934
GCA_040279925.1	virulence_ecoli	yehC	97.63	675 / 675	"ABTAVJ010000010.1 Escherichia coli strain 01540777 SAMN41992278-rid22121073.denovo.010, whole genome shotgun sequence"	23855..24529	" Chaperone, YHD fimbriael cluster"	CP042934
GCA_040279925.1	virulence_ecoli	yehD	98.71	543 / 543	"ABTAVJ010000010.1 Escherichia coli strain 01540777 SAMN41992278-rid22121073.denovo.010, whole genome shotgun sequence"	23233..23775	" Major pilin subunit, YHD fimbriael cluster"	CP042934
GCA_040279925.1	stx	stx2	99.63	818 / 1243	"ABTAVJ010000068.1 Escherichia coli strain 01540777 SAMN41992278-rid22121073.denovo.068, whole genome shotgun sequence"	1..818	"O8 1509W52833, variant e"	unpublished
GCA_040279925.1	stx	stx2	99.64	822 / 1243	"ABTAVJ010000207.1 Escherichia coli strain 01540777 SAMN41992278-rid22121073.guided.124, whole genome shotgun sequence"	2490..3311	"O8 1509W52833, variant e"	unpublished
GCA_040935505.2	virulence_ecoli	capU	99.91	1089 / 1089	"ABTRYV020000035.1 Escherichia coli strain 01571067 SAMN42828538-rid25116123.denovo.035, whole genome shotgun sequence"	7023..8111	 Hexosyltransferase homolog	CU928145
GCA_040935505.2	virulence_ecoli	csgA	99.56	456 / 456	"ABTRYV020000006.1 Escherichia coli strain 01571067 SAMN42828538-rid25116123.denovo.006, whole genome shotgun sequence"	81997..82452	 curlin major subunit CsgA	CP069646
GCA_040935505.2	virulence_ecoli	eltIIAB-a	99.91	1141 / 1141	"ABTRYV020000045.1 Escherichia coli strain 01571067 SAMN42828538-rid25116123.denovo.046, whole genome shotgun sequence"	22391..23531	   Heat-labile enterotoxin LTII-a	JQ031711
GCA_040935505.2	virulence_ecoli	fdeC	95.49	4254 / 4254	"ABTRYV020000021.1 Escherichia coli strain 01571067 SAMN42828538-rid25116123.denovo.021, whole genome shotgun sequence"	46854..51107	 intimin-like adhesin FdeC	AP010953
GCA_040935505.2	virulence_ecoli	fdeC	95.49	4254 / 4254	"ABTRYV020000207.1 Escherichia coli strain 01571067 SAMN42828538-rid25116123.guided.045, whole genome shotgun sequence"	25358..29611	 intimin-like adhesin FdeC	AP010953
GCA_040935505.2	virulence_ecoli	fimH	100	489 / 489	"ABTRYV020000028.1 Escherichia coli strain 01571067 SAMN42828538-rid25116123.denovo.028, whole genome shotgun sequence"	55318..55806	   Type 1 fimbriae	NA
GCA_040935505.2	virulence_ecoli	hlyE	99.13	918 / 918	"ABTRYV020000011.1 Escherichia coli strain 01571067 SAMN42828538-rid25116123.denovo.011, whole genome shotgun sequence"	34470..35386	  Avian E. coli haemolysin	ECU57430
GCA_040935505.2	virulence_ecoli	lpfA	100	573 / 573	"ABTRYV020000013.1 Escherichia coli strain 01571067 SAMN42828538-rid25116123.denovo.013, whole genome shotgun sequence"	80139..80711	  Long polar fimbriae	CP002185
GCA_040935505.2	virulence_ecoli	nlpI	99.77	885 / 885	"ABTRYV020000001.1 Escherichia coli strain 01571067 SAMN42828538-rid25116123.denovo.001, whole genome shotgun sequence"	288721..289605	  lipoprotein NlpI precursor	CP000243
GCA_040935505.2	virulence_ecoli	ompT	95.78	948 / 948	"ABTRYV020000020.1 Escherichia coli strain 01571067 SAMN42828538-rid25116123.denovo.020, whole genome shotgun sequence"	96019..96966	  Outer membrane protease (protein protease 7)	CDLB01000100
GCA_040935505.2	virulence_ecoli	ompT	99.58	954 / 954	"ABTRYV020000011.1 Escherichia coli strain 01571067 SAMN42828538-rid25116123.denovo.011, whole genome shotgun sequence"	2108..3061	  Outer membrane protease (protein protease 7)	UINH01000010
GCA_040935505.2	virulence_ecoli	stx2i-O9-CB10366	99.6	1242 / 1242	"ABTRYV020000209.1 Escherichia coli strain 01571067 SAMN42828538-rid25116123.guided.096, whole genome shotgun sequence"	97..1338	   stx2i-O9-CB10366	FN252457
GCA_040935505.2	virulence_ecoli	stx2l-O65-1610T27873	100	1241 / 1241	"ABTRYV020000210.1 Escherichia coli strain 01571067 SAMN42828538-rid25116123.guided.097, whole genome shotgun sequence"	97..1337	   stx2l-O65-1610T27873	unpublished
GCA_040935505.2	virulence_ecoli	terC	99.02	714 / 714	"ABTRYV020000017.1 Escherichia coli strain 01571067 SAMN42828538-rid25116123.denovo.017, whole genome shotgun sequence"	22945..23658	  Tellurium ion resistance protein	CP007491
GCA_040935505.2	virulence_ecoli	terC	99.69	966 / 966	"ABTRYV020000001.1 Escherichia coli strain 01571067 SAMN42828538-rid25116123.denovo.001, whole genome shotgun sequence"	211613..212578	  Tellurium ion resistance protein	MG591698
GCA_040935505.2	virulence_ecoli	traJ	98.84	687 / 687	"ABTRYV020000020.1 Escherichia coli strain 01571067 SAMN42828538-rid25116123.denovo.020, whole genome shotgun sequence"	64022..64708	  Protein TraJ (Positive regulator of conjugal transfer operon)	CP007150
GCA_040935505.2	virulence_ecoli	traT	99.86	732 / 732	"ABTRYV020000020.1 Escherichia coli strain 01571067 SAMN42828538-rid25116123.denovo.020, whole genome shotgun sequence"	42471..43202	  Outer membrane protein complement resistance	CP009167
GCA_040935505.2	virulence_ecoli	yehA	98.16	1033 / 1035	"ABTRYV020000002.1 Escherichia coli strain 01571067 SAMN42828538-rid25116123.denovo.002, whole genome shotgun sequence"	35687..36719	"  Outer membrane lipoprotein, YHD fimbriael cluster"	CP042934
GCA_040935505.2	virulence_ecoli	yehB	97.86	2481 / 2481	"ABTRYV020000002.1 Escherichia coli strain 01571067 SAMN42828538-rid25116123.denovo.002, whole genome shotgun sequence"	36735..39215	" Usher, YHD fimbriael cluster"	CP042934
GCA_040935505.2	virulence_ecoli	yehC	98.67	675 / 675	"ABTRYV020000002.1 Escherichia coli strain 01571067 SAMN42828538-rid25116123.denovo.002, whole genome shotgun sequence"	39231..39905	" Chaperone, YHD fimbriael cluster"	CP042934
GCA_040935505.2	virulence_ecoli	yehD	98.53	543 / 543	"ABTRYV020000002.1 Escherichia coli strain 01571067 SAMN42828538-rid25116123.denovo.002, whole genome shotgun sequence"	39986..40528	" Major pilin subunit, YHD fimbriael cluster"	CP042934
GCA_040935505.2	virulence_ecoli	yghJ	91.87	4576 / 4569	"ABTRYV020000001.1 Escherichia coli strain 01571067 SAMN42828538-rid25116123.denovo.001, whole genome shotgun sequence"	84420..88985		CP043217
GCA_040935505.2	stx	stx2	99.6	1242 / 1242	"ABTRYV020000209.1 Escherichia coli strain 01571067 SAMN42828538-rid25116123.guided.096, whole genome shotgun sequence"	97..1338	"O9 CB10366, variant i"	FN252457
GCA_040935505.2	stx	stx2	100	1241 / 1241	"ABTRYV020000210.1 Escherichia coli strain 01571067 SAMN42828538-rid25116123.guided.097, whole genome shotgun sequence"	97..1337	"O65 1610T27873, variant l"	unpublished
GCA_041047495.1	virulence_ecoli	AslA	94.09	1657 / 1656	"ABTVES010000027.1 Escherichia coli strain 01575887 SAMN43015297-rid22555953.denovo.027, whole genome shotgun sequence"	1659..3314		CP054236
GCA_041047495.1	virulence_ecoli	cba	99.87	1536 / 1536	"ABTVES010000038.1 Escherichia coli strain 01575887 SAMN43015297-rid22555953.denovo.039, whole genome shotgun sequence"	11884..13419	  Colicin B	FJ664743
GCA_041047495.1	virulence_ecoli	cia	100	147 / 147	"ABTVES010000038.1 Escherichia coli strain 01575887 SAMN43015297-rid22555953.denovo.039, whole genome shotgun sequence"	20848..20994	  Colicin ia	QMGM01000002
GCA_041047495.1	virulence_ecoli	cma	99.75	816 / 816	"ABTVES010000038.1 Escherichia coli strain 01575887 SAMN43015297-rid22555953.denovo.039, whole genome shotgun sequence"	14208..15023	  Colicin M activity	FJ664724
GCA_041047495.1	virulence_ecoli	csgA	100	456 / 456	"ABTVES010000001.1 Escherichia coli strain 01575887 SAMN43015297-rid22555953.denovo.001, whole genome shotgun sequence"	148996..149451	 curlin major subunit CsgA	CP069646
GCA_041047495.1	virulence_ecoli	eltIIAB-a	98.33	1141 / 1141	"ABTVES010000056.1 Escherichia coli strain 01575887 SAMN43015297-rid22555953.denovo.057, whole genome shotgun sequence"	22133..23273	   Heat-labile enterotoxin LTII-a	JQ031711
GCA_041047495.1	virulence_ecoli	fdeC	92.86	4258 / 4254	"ABTVES010000019.1 Escherichia coli strain 01575887 SAMN43015297-rid22555953.denovo.019, whole genome shotgun sequence"	23616..27866	 intimin-like adhesin FdeC	AP010953
GCA_041047495.1	virulence_ecoli	fimH	100	489 / 489	"ABTVES010000050.1 Escherichia coli strain 01575887 SAMN43015297-rid22555953.denovo.051, whole genome shotgun sequence"	22440..22928	   Type 1 fimbriae	NA
GCA_041047495.1	virulence_ecoli	hlyE	97.82	919 / 918	"ABTVES010000001.1 Escherichia coli strain 01575887 SAMN43015297-rid22555953.denovo.001, whole genome shotgun sequence"	38692..39598	  Avian E. coli haemolysin	ECU57430
GCA_041047495.1	virulence_ecoli	iss	99.66	294 / 294	"ABTVES010000055.1 Escherichia coli strain 01575887 SAMN43015297-rid22555953.denovo.056, whole genome shotgun sequence"	14509..14802	  Increased serum survival	CP001846
GCA_041047495.1	virulence_ecoli	mchB	99.66	294 / 294	"ABTVES010000024.1 Escherichia coli strain 01575887 SAMN43015297-rid22555953.denovo.024, whole genome shotgun sequence"	51512..51805	  Microcin H47 part of colicin H	AJ009631
GCA_041047495.1	virulence_ecoli	mchC	99.94	1551 / 1551	"ABTVES010000024.1 Escherichia coli strain 01575887 SAMN43015297-rid22555953.denovo.024, whole genome shotgun sequence"	49690..51240	  MchC protein	FN554766
GCA_041047495.1	virulence_ecoli	mchF	99.76	2097 / 2097	"ABTVES010000024.1 Escherichia coli strain 01575887 SAMN43015297-rid22555953.denovo.024, whole genome shotgun sequence"	45696..47792	  ABC transporter protein MchF	FN554766
GCA_041047495.1	virulence_ecoli	mcmA	100	279 / 279	"ABTVES010000024.1 Escherichia coli strain 01575887 SAMN43015297-rid22555953.denovo.024, whole genome shotgun sequence"	45164..45442	  Microcin M part of colicin H	AJ515251
GCA_041047495.1	virulence_ecoli	nlpI	99.77	885 / 885	"ABTVES010000003.1 Escherichia coli strain 01575887 SAMN43015297-rid22555953.denovo.003, whole genome shotgun sequence"	123050..123934	  lipoprotein NlpI precursor	CP000243
GCA_041047495.1	virulence_ecoli	stx2i-O9-CB10366	99.6	1242 / 1242	"ABTVES010000067.1 Escherichia coli strain 01575887 SAMN43015297-rid22555953.denovo.068, whole genome shotgun sequence"	1073..2314	   stx2i-O9-CB10366	FN252457
GCA_041047495.1	virulence_ecoli	stx2i-O9-CB10366	99.6	1242 / 1242	"ABTVES010000196.1 Escherichia coli strain 01575887 SAMN43015297-rid22555953.guided.117, whole genome shotgun sequence"	185..1426	   stx2i-O9-CB10366	FN252457
GCA_041047495.1	virulence_ecoli	terC	100	714 / 714	"ABTVES010000004.1 Escherichia coli strain 01575887 SAMN43015297-rid22555953.denovo.004, whole genome shotgun sequence"	22734..23447	  Tellurium ion resistance protein	CP007491
GCA_041047495.1	virulence_ecoli	terC	99.9	959 / 966	"ABTVES010000003.1 Escherichia coli strain 01575887 SAMN43015297-rid22555953.denovo.003, whole genome shotgun sequence"	51295..52253	  Tellurium ion resistance protein	MG591698
GCA_041047495.1	virulence_ecoli	terC	100	1041 / 1041	"ABTVES010000079.1 Escherichia coli strain 01575887 SAMN43015297-rid22555953.denovo.081, whole genome shotgun sequence"	2874..3914	  Tellurium ion resistance protein	UINX01000003
GCA_041047495.1	virulence_ecoli	tia	99.73	738 / 738	"ABTVES010000083.1 Escherichia coli strain 01575887 SAMN43015297-rid22555953.denovo.085, whole genome shotgun sequence"	2399..3136	 Tia Invasion determinant	CP015995
GCA_041047495.1	virulence_ecoli	traJ	98.69	687 / 687	"ABTVES010000034.1 Escherichia coli strain 01575887 SAMN43015297-rid22555953.denovo.035, whole genome shotgun sequence"	32509..33195	  Protein TraJ (Positive regulator of conjugal transfer operon)	CP007150
GCA_041047495.1	virulence_ecoli	traT	100	732 / 732	"ABTVES010000034.1 Escherichia coli strain 01575887 SAMN43015297-rid22555953.denovo.035, whole genome shotgun sequence"	10958..11689	  Outer membrane protein complement resistance	CP009167
GCA_041047495.1	virulence_ecoli	yehA	98.26	1035 / 1035	"ABTVES010000011.1 Escherichia coli strain 01575887 SAMN43015297-rid22555953.denovo.011, whole genome shotgun sequence"	27023..28057	"  Outer membrane lipoprotein, YHD fimbriael cluster"	CP042934
GCA_041047495.1	virulence_ecoli	yehB	98.71	2481 / 2481	"ABTVES010000011.1 Escherichia coli strain 01575887 SAMN43015297-rid22555953.denovo.011, whole genome shotgun sequence"	24527..27007	" Usher, YHD fimbriael cluster"	CP042934
GCA_041047495.1	virulence_ecoli	yehC	97.63	675 / 675	"ABTVES010000011.1 Escherichia coli strain 01575887 SAMN43015297-rid22555953.denovo.011, whole genome shotgun sequence"	23837..24511	" Chaperone, YHD fimbriael cluster"	CP042934
GCA_041047495.1	virulence_ecoli	yehD	98.71	543 / 543	"ABTVES010000011.1 Escherichia coli strain 01575887 SAMN43015297-rid22555953.denovo.011, whole genome shotgun sequence"	23215..23757	" Major pilin subunit, YHD fimbriael cluster"	CP042934
GCA_041047495.1	stx	stx2	99.6	1242 / 1242	"ABTVES010000067.1 Escherichia coli strain 01575887 SAMN43015297-rid22555953.denovo.068, whole genome shotgun sequence"	1073..2314	"O9 CB10366, variant i"	FN252457
GCA_041047495.1	stx	stx2	99.6	1242 / 1242	"ABTVES010000196.1 Escherichia coli strain 01575887 SAMN43015297-rid22555953.guided.117, whole genome shotgun sequence"	185..1426	"O9 CB10366, variant i"	FN252457
GCA_041545175.1	virulence_ecoli	AslA	94.09	1657 / 1656	"ABUJDJ010000082.1 Escherichia coli strain 01591502 SAMN43373094-rid23023753.denovo.082, whole genome shotgun sequence"	1659..3314		CP054236
GCA_041545175.1	virulence_ecoli	cba	99.93	1536 / 1536	"ABUJDJ010000063.1 Escherichia coli strain 01591502 SAMN43373094-rid23023753.denovo.063, whole genome shotgun sequence"	11977..13512	  Colicin B	FJ664743
GCA_041545175.1	virulence_ecoli	cia	100	147 / 147	"ABUJDJ010000063.1 Escherichia coli strain 01591502 SAMN43373094-rid23023753.denovo.063, whole genome shotgun sequence"	20941..21087	  Colicin ia	QMGM01000002
GCA_041545175.1	virulence_ecoli	cma	99.75	816 / 816	"ABUJDJ010000063.1 Escherichia coli strain 01591502 SAMN43373094-rid23023753.denovo.063, whole genome shotgun sequence"	14301..15116	  Colicin M activity	FJ664724
GCA_041545175.1	virulence_ecoli	csgA	100	456 / 456	"ABUJDJ010000002.1 Escherichia coli strain 01591502 SAMN43373094-rid23023753.denovo.002, whole genome shotgun sequence"	165707..166162	 curlin major subunit CsgA	CP069646
GCA_041545175.1	virulence_ecoli	eltIIAB-a	98.33	1141 / 1141	"ABUJDJ010000065.1 Escherichia coli strain 01591502 SAMN43373094-rid23023753.denovo.065, whole genome shotgun sequence"	22186..23326	   Heat-labile enterotoxin LTII-a	JQ031711
GCA_041545175.1	virulence_ecoli	fdeC	92.86	4258 / 4254	"ABUJDJ010000019.1 Escherichia coli strain 01591502 SAMN43373094-rid23023753.denovo.019, whole genome shotgun sequence"	23616..27866	 intimin-like adhesin FdeC	AP010953
GCA_041545175.1	virulence_ecoli	fimH	100	489 / 489	"ABUJDJ010000054.1 Escherichia coli strain 01591502 SAMN43373094-rid23023753.denovo.054, whole genome shotgun sequence"	22440..22928	   Type 1 fimbriae	NA
GCA_041545175.1	virulence_ecoli	hlyE	97.82	919 / 918	"ABUJDJ010000002.1 Escherichia coli strain 01591502 SAMN43373094-rid23023753.denovo.002, whole genome shotgun sequence"	55403..56309	  Avian E. coli haemolysin	ECU57430
GCA_041545175.1	virulence_ecoli	iss	99.66	294 / 294	"ABUJDJ010000075.1 Escherichia coli strain 01591502 SAMN43373094-rid23023753.denovo.075, whole genome shotgun sequence"	5076..5369	  Increased serum survival	CP001846
GCA_041545175.1	virulence_ecoli	mchB	99.66	294 / 294	"ABUJDJ010000041.1 Escherichia coli strain 01591502 SAMN43373094-rid23023753.denovo.041, whole genome shotgun sequence"	27445..27738	  Microcin H47 part of colicin H	AJ009631
GCA_041545175.1	virulence_ecoli	mchC	99.94	1551 / 1551	"ABUJDJ010000041.1 Escherichia coli strain 01591502 SAMN43373094-rid23023753.denovo.041, whole genome shotgun sequence"	25623..27173	  MchC protein	FN554766
GCA_041545175.1	virulence_ecoli	mchF	99.76	2097 / 2097	"ABUJDJ010000041.1 Escherichia coli strain 01591502 SAMN43373094-rid23023753.denovo.041, whole genome shotgun sequence"	21629..23725	  ABC transporter protein MchF	FN554766
GCA_041545175.1	virulence_ecoli	mcmA	100	279 / 279	"ABUJDJ010000041.1 Escherichia coli strain 01591502 SAMN43373094-rid23023753.denovo.041, whole genome shotgun sequence"	21097..21375	  Microcin M part of colicin H	AJ515251
GCA_041545175.1	virulence_ecoli	nlpI	99.77	885 / 885	"ABUJDJ010000006.1 Escherichia coli strain 01591502 SAMN43373094-rid23023753.denovo.006, whole genome shotgun sequence"	40158..41042	  lipoprotein NlpI precursor	CP000243
GCA_041545175.1	virulence_ecoli	stx2i-O9-CB10366	99.6	1242 / 1242	"ABUJDJ010000071.1 Escherichia coli strain 01591502 SAMN43373094-rid23023753.denovo.071, whole genome shotgun sequence"	1073..2314	   stx2i-O9-CB10366	FN252457
GCA_041545175.1	virulence_ecoli	stx2i-O9-CB10366	99.6	1242 / 1242	"ABUJDJ010000194.1 Escherichia coli strain 01591502 SAMN43373094-rid23023753.guided.121, whole genome shotgun sequence"	2490..3731	   stx2i-O9-CB10366	FN252457
GCA_041545175.1	virulence_ecoli	terC	100	714 / 714	"ABUJDJ010000001.1 Escherichia coli strain 01591502 SAMN43373094-rid23023753.denovo.001, whole genome shotgun sequence"	22732..23445	  Tellurium ion resistance protein	CP007491
GCA_041545175.1	virulence_ecoli	terC	99.9	959 / 966	"ABUJDJ010000016.1 Escherichia coli strain 01591502 SAMN43373094-rid23023753.denovo.016, whole genome shotgun sequence"	30661..31619	  Tellurium ion resistance protein	MG591698
GCA_041545175.1	virulence_ecoli	terC	100	1041 / 1041	"ABUJDJ010000089.1 Escherichia coli strain 01591502 SAMN43373094-rid23023753.denovo.091, whole genome shotgun sequence"	2874..3914	  Tellurium ion resistance protein	UINX01000003
GCA_041545175.1	virulence_ecoli	tia	99.73	738 / 738	"ABUJDJ010000001.1 Escherichia coli strain 01591502 SAMN43373094-rid23023753.denovo.001, whole genome shotgun sequence"	182813..183550	 Tia Invasion determinant	CP015995
GCA_041545175.1	virulence_ecoli	traJ	98.69	687 / 687	"ABUJDJ010000038.1 Escherichia coli strain 01591502 SAMN43373094-rid23023753.denovo.038, whole genome shotgun sequence"	32501..33187	  Protein TraJ (Positive regulator of conjugal transfer operon)	CP007150
GCA_041545175.1	virulence_ecoli	traT	100	732 / 732	"ABUJDJ010000038.1 Escherichia coli strain 01591502 SAMN43373094-rid23023753.denovo.038, whole genome shotgun sequence"	10950..11681	  Outer membrane protein complement resistance	CP009167
GCA_041545175.1	virulence_ecoli	yehA	98.26	1035 / 1035	"ABUJDJ010000009.1 Escherichia coli strain 01591502 SAMN43373094-rid23023753.denovo.009, whole genome shotgun sequence"	27023..28057	"  Outer membrane lipoprotein, YHD fimbriael cluster"	CP042934
GCA_041545175.1	virulence_ecoli	yehB	98.71	2481 / 2481	"ABUJDJ010000009.1 Escherichia coli strain 01591502 SAMN43373094-rid23023753.denovo.009, whole genome shotgun sequence"	24527..27007	" Usher, YHD fimbriael cluster"	CP042934
GCA_041545175.1	virulence_ecoli	yehC	97.63	675 / 675	"ABUJDJ010000009.1 Escherichia coli strain 01591502 SAMN43373094-rid23023753.denovo.009, whole genome shotgun sequence"	23837..24511	" Chaperone, YHD fimbriael cluster"	CP042934
GCA_041545175.1	virulence_ecoli	yehD	98.71	543 / 543	"ABUJDJ010000009.1 Escherichia coli strain 01591502 SAMN43373094-rid23023753.denovo.009, whole genome shotgun sequence"	23215..23757	" Major pilin subunit, YHD fimbriael cluster"	CP042934
GCA_041545175.1	stx	stx2	99.6	1242 / 1242	"ABUJDJ010000071.1 Escherichia coli strain 01591502 SAMN43373094-rid23023753.denovo.071, whole genome shotgun sequence"	1073..2314	"O9 CB10366, variant i"	FN252457
GCA_041545175.1	stx	stx2	99.6	1242 / 1242	"ABUJDJ010000194.1 Escherichia coli strain 01591502 SAMN43373094-rid23023753.guided.121, whole genome shotgun sequence"	2490..3731	"O9 CB10366, variant i"	FN252457
GCA_042177385.1	virulence_ecoli	AslA	94.09	1657 / 1656	"ABUWCX010000029.1 Escherichia coli strain 01605180 SAMN43879893-rid23443263.denovo.029, whole genome shotgun sequence"	1659..3314		CP054236
GCA_042177385.1	virulence_ecoli	cba	99.93	1536 / 1536	"ABUWCX010000036.1 Escherichia coli strain 01605180 SAMN43879893-rid23443263.denovo.036, whole genome shotgun sequence"	11884..13419	  Colicin B	FJ664743
GCA_042177385.1	virulence_ecoli	cia	100	147 / 147	"ABUWCX010000036.1 Escherichia coli strain 01605180 SAMN43879893-rid23443263.denovo.036, whole genome shotgun sequence"	20848..20994	  Colicin ia	QMGM01000002
GCA_042177385.1	virulence_ecoli	cma	99.75	816 / 816	"ABUWCX010000036.1 Escherichia coli strain 01605180 SAMN43879893-rid23443263.denovo.036, whole genome shotgun sequence"	14208..15023	  Colicin M activity	FJ664724
GCA_042177385.1	virulence_ecoli	csgA	100	456 / 456	"ABUWCX010000001.1 Escherichia coli strain 01605180 SAMN43879893-rid23443263.denovo.001, whole genome shotgun sequence"	148996..149451	 curlin major subunit CsgA	CP069646
GCA_042177385.1	virulence_ecoli	eltIIAB-a	98.33	1141 / 1141	"ABUWCX010000065.1 Escherichia coli strain 01605180 SAMN43879893-rid23443263.denovo.065, whole genome shotgun sequence"	17569..18709	   Heat-labile enterotoxin LTII-a	JQ031711
GCA_042177385.1	virulence_ecoli	fdeC	92.86	4258 / 4254	"ABUWCX010000020.1 Escherichia coli strain 01605180 SAMN43879893-rid23443263.denovo.020, whole genome shotgun sequence"	23655..27905	 intimin-like adhesin FdeC	AP010953
GCA_042177385.1	virulence_ecoli	fimH	100	489 / 489	"ABUWCX010000067.1 Escherichia coli strain 01605180 SAMN43879893-rid23443263.denovo.067, whole genome shotgun sequence"	12665..13153	   Type 1 fimbriae	NA
GCA_042177385.1	virulence_ecoli	gad	100	1401 / 1401	"ABUWCX010000007.1 Escherichia coli strain 01605180 SAMN43879893-rid23443263.denovo.007, whole genome shotgun sequence"	75845..77245	  Glutamate decarboxylase	AP010953
GCA_042177385.1	virulence_ecoli	hlyE	97.82	919 / 918	"ABUWCX010000001.1 Escherichia coli strain 01605180 SAMN43879893-rid23443263.denovo.001, whole genome shotgun sequence"	38692..39598	  Avian E. coli haemolysin	ECU57430
GCA_042177385.1	virulence_ecoli	iss	99.66	294 / 294	"ABUWCX010000064.1 Escherichia coli strain 01605180 SAMN43879893-rid23443263.denovo.064, whole genome shotgun sequence"	8665..8958	  Increased serum survival	CP001846
GCA_042177385.1	virulence_ecoli	mchB	99.66	294 / 294	"ABUWCX010000041.1 Escherichia coli strain 01605180 SAMN43879893-rid23443263.denovo.041, whole genome shotgun sequence"	20633..20926	  Microcin H47 part of colicin H	AJ009631
GCA_042177385.1	virulence_ecoli	mchC	99.94	1551 / 1551	"ABUWCX010000041.1 Escherichia coli strain 01605180 SAMN43879893-rid23443263.denovo.041, whole genome shotgun sequence"	18811..20361	  MchC protein	FN554766
GCA_042177385.1	virulence_ecoli	mchF	99.76	2097 / 2097	"ABUWCX010000041.1 Escherichia coli strain 01605180 SAMN43879893-rid23443263.denovo.041, whole genome shotgun sequence"	14817..16913	  ABC transporter protein MchF	FN554766
GCA_042177385.1	virulence_ecoli	mcmA	100	279 / 279	"ABUWCX010000041.1 Escherichia coli strain 01605180 SAMN43879893-rid23443263.denovo.041, whole genome shotgun sequence"	14285..14563	  Microcin M part of colicin H	AJ515251
GCA_042177385.1	virulence_ecoli	nlpI	99.77	885 / 885	"ABUWCX010000013.1 Escherichia coli strain 01605180 SAMN43879893-rid23443263.denovo.013, whole genome shotgun sequence"	15937..16821	  lipoprotein NlpI precursor	CP000243
GCA_042177385.1	virulence_ecoli	stx2i-O9-CB10366	99.6	1242 / 1242	"ABUWCX010000058.1 Escherichia coli strain 01605180 SAMN43879893-rid23443263.denovo.058, whole genome shotgun sequence"	3635..4876	   stx2i-O9-CB10366	FN252457
GCA_042177385.1	virulence_ecoli	stx2i-O9-CB10366	99.6	1242 / 1242	"ABUWCX010000228.1 Escherichia coli strain 01605180 SAMN43879893-rid23443263.guided.119, whole genome shotgun sequence"	2490..3731	   stx2i-O9-CB10366	FN252457
GCA_042177385.1	virulence_ecoli	terC	100	714 / 714	"ABUWCX010000003.1 Escherichia coli strain 01605180 SAMN43879893-rid23443263.denovo.003, whole genome shotgun sequence"	22733..23446	  Tellurium ion resistance protein	CP007491
GCA_042177385.1	virulence_ecoli	terC	99.9	959 / 966	"ABUWCX010000011.1 Escherichia coli strain 01605180 SAMN43879893-rid23443263.denovo.011, whole genome shotgun sequence"	54861..55819	  Tellurium ion resistance protein	MG591698
GCA_042177385.1	virulence_ecoli	terC	100	1041 / 1041	"ABUWCX010000088.1 Escherichia coli strain 01605180 SAMN43879893-rid23443263.denovo.089, whole genome shotgun sequence"	2874..3914	  Tellurium ion resistance protein	UINX01000003
GCA_042177385.1	virulence_ecoli	tia	99.73	738 / 738	"ABUWCX010000099.1 Escherichia coli strain 01605180 SAMN43879893-rid23443263.denovo.100, whole genome shotgun sequence"	2399..3136	 Tia Invasion determinant	CP015995
GCA_042177385.1	virulence_ecoli	traJ	98.54	687 / 687	"ABUWCX010000049.1 Escherichia coli strain 01605180 SAMN43879893-rid23443263.denovo.049, whole genome shotgun sequence"	21783..22469	  Protein TraJ (Positive regulator of conjugal transfer operon)	CP007150
GCA_042177385.1	virulence_ecoli	traT	100	732 / 732	"ABUWCX010000049.1 Escherichia coli strain 01605180 SAMN43879893-rid23443263.denovo.049, whole genome shotgun sequence"	232..963	  Outer membrane protein complement resistance	CP009167
GCA_042177385.1	virulence_ecoli	yehA	98.26	1035 / 1035	"ABUWCX010000008.1 Escherichia coli strain 01605180 SAMN43879893-rid23443263.denovo.008, whole genome shotgun sequence"	27023..28057	"  Outer membrane lipoprotein, YHD fimbriael cluster"	CP042934
GCA_042177385.1	virulence_ecoli	yehB	98.71	2481 / 2481	"ABUWCX010000008.1 Escherichia coli strain 01605180 SAMN43879893-rid23443263.denovo.008, whole genome shotgun sequence"	24527..27007	" Usher, YHD fimbriael cluster"	CP042934
GCA_042177385.1	virulence_ecoli	yehC	97.63	675 / 675	"ABUWCX010000008.1 Escherichia coli strain 01605180 SAMN43879893-rid23443263.denovo.008, whole genome shotgun sequence"	23837..24511	" Chaperone, YHD fimbriael cluster"	CP042934
GCA_042177385.1	virulence_ecoli	yehD	98.71	543 / 543	"ABUWCX010000008.1 Escherichia coli strain 01605180 SAMN43879893-rid23443263.denovo.008, whole genome shotgun sequence"	23215..23757	" Major pilin subunit, YHD fimbriael cluster"	CP042934
GCA_042177385.1	stx	stx2	99.6	1242 / 1242	"ABUWCX010000058.1 Escherichia coli strain 01605180 SAMN43879893-rid23443263.denovo.058, whole genome shotgun sequence"	3635..4876	"O9 CB10366, variant i"	FN252457
GCA_042177385.1	stx	stx2	99.6	1242 / 1242	"ABUWCX010000228.1 Escherichia coli strain 01605180 SAMN43879893-rid23443263.guided.119, whole genome shotgun sequence"	2490..3731	"O9 CB10366, variant i"	FN252457
GCA_042441235.1	virulence_ecoli	AslA	94.09	1657 / 1656	"ABVLER010000028.1 Escherichia coli strain 01608955 SAMN43948175-rid23509633.denovo.028, whole genome shotgun sequence"	1659..3314		CP054236
GCA_042441235.1	virulence_ecoli	cba	99.93	1536 / 1536	"ABVLER010000089.1 Escherichia coli strain 01608955 SAMN43948175-rid23509633.denovo.089, whole genome shotgun sequence"	11884..13419	  Colicin B	FJ664743
GCA_042441235.1	virulence_ecoli	cia	100	147 / 147	"ABVLER010000063.1 Escherichia coli strain 01608955 SAMN43948175-rid23509633.denovo.063, whole genome shotgun sequence"	6769..6915	  Colicin ia	QMGM01000002
GCA_042441235.1	virulence_ecoli	cma	99.75	816 / 816	"ABVLER010000063.1 Escherichia coli strain 01608955 SAMN43948175-rid23509633.denovo.063, whole genome shotgun sequence"	129..944	  Colicin M activity	FJ664724
GCA_042441235.1	virulence_ecoli	csgA	100	456 / 456	"ABVLER010000004.1 Escherichia coli strain 01608955 SAMN43948175-rid23509633.denovo.004, whole genome shotgun sequence"	148994..149449	 curlin major subunit CsgA	CP069646
GCA_042441235.1	virulence_ecoli	eltIIAB-a	98.33	1141 / 1141	"ABVLER010000059.1 Escherichia coli strain 01608955 SAMN43948175-rid23509633.denovo.059, whole genome shotgun sequence"	22133..23273	   Heat-labile enterotoxin LTII-a	JQ031711
GCA_042441235.1	virulence_ecoli	fdeC	92.86	4258 / 4254	"ABVLER010000019.1 Escherichia coli strain 01608955 SAMN43948175-rid23509633.denovo.019, whole genome shotgun sequence"	23616..27866	 intimin-like adhesin FdeC	AP010953
GCA_042441235.1	virulence_ecoli	fimH	100	489 / 489	"ABVLER010000055.1 Escherichia coli strain 01608955 SAMN43948175-rid23509633.denovo.055, whole genome shotgun sequence"	22439..22927	   Type 1 fimbriae	NA
GCA_042441235.1	virulence_ecoli	hha	94.37	213 / 213	"ABVLER010000009.1 Escherichia coli strain 01608955 SAMN43948175-rid23509633.denovo.009, whole genome shotgun sequence"	1400..1612	 hemolysin expression modulator Hha (previous rmoA)	453331
GCA_042441235.1	virulence_ecoli	hlyE	97.82	919 / 918	"ABVLER010000004.1 Escherichia coli strain 01608955 SAMN43948175-rid23509633.denovo.004, whole genome shotgun sequence"	38691..39597	  Avian E. coli haemolysin	ECU57430
GCA_042441235.1	virulence_ecoli	iss	99.66	294 / 294	"ABVLER010000043.1 Escherichia coli strain 01608955 SAMN43948175-rid23509633.denovo.043, whole genome shotgun sequence"	8665..8958	  Increased serum survival	CP001846
GCA_042441235.1	virulence_ecoli	mchB	99.66	294 / 294	"ABVLER010000025.1 Escherichia coli strain 01608955 SAMN43948175-rid23509633.denovo.025, whole genome shotgun sequence"	51512..51805	  Microcin H47 part of colicin H	AJ009631
GCA_042441235.1	virulence_ecoli	mchC	99.94	1551 / 1551	"ABVLER010000025.1 Escherichia coli strain 01608955 SAMN43948175-rid23509633.denovo.025, whole genome shotgun sequence"	49690..51240	  MchC protein	FN554766
GCA_042441235.1	virulence_ecoli	mchF	99.76	2097 / 2097	"ABVLER010000025.1 Escherichia coli strain 01608955 SAMN43948175-rid23509633.denovo.025, whole genome shotgun sequence"	45696..47792	  ABC transporter protein MchF	FN554766
GCA_042441235.1	virulence_ecoli	mcmA	100	279 / 279	"ABVLER010000025.1 Escherichia coli strain 01608955 SAMN43948175-rid23509633.denovo.025, whole genome shotgun sequence"	45164..45442	  Microcin M part of colicin H	AJ515251
GCA_042441235.1	virulence_ecoli	nlpI	99.77	885 / 885	"ABVLER010000006.1 Escherichia coli strain 01608955 SAMN43948175-rid23509633.denovo.006, whole genome shotgun sequence"	9289..10173	  lipoprotein NlpI precursor	CP000243
GCA_042441235.1	virulence_ecoli	stx2i-O9-CB10366	99.6	1242 / 1242	"ABVLER010000064.1 Escherichia coli strain 01608955 SAMN43948175-rid23509633.denovo.064, whole genome shotgun sequence"	3636..4877	   stx2i-O9-CB10366	FN252457
GCA_042441235.1	virulence_ecoli	stx2i-O9-CB10366	99.6	1242 / 1242	"ABVLER010000206.1 Escherichia coli strain 01608955 SAMN43948175-rid23509633.guided.122, whole genome shotgun sequence"	2490..3731	   stx2i-O9-CB10366	FN252457
GCA_042441235.1	virulence_ecoli	terC	100	714 / 714	"ABVLER010000002.1 Escherichia coli strain 01608955 SAMN43948175-rid23509633.denovo.002, whole genome shotgun sequence"	22732..23445	  Tellurium ion resistance protein	CP007491
GCA_042441235.1	virulence_ecoli	terC	99.9	959 / 966	"ABVLER010000006.1 Escherichia coli strain 01608955 SAMN43948175-rid23509633.denovo.006, whole genome shotgun sequence"	80970..81928	  Tellurium ion resistance protein	MG591698
GCA_042441235.1	virulence_ecoli	terC	100	1041 / 1041	"ABVLER010000091.1 Escherichia coli strain 01608955 SAMN43948175-rid23509633.denovo.091, whole genome shotgun sequence"	2874..3914	  Tellurium ion resistance protein	UINX01000003
GCA_042441235.1	virulence_ecoli	tia	99.73	738 / 738	"ABVLER010000096.1 Escherichia coli strain 01608955 SAMN43948175-rid23509633.denovo.098, whole genome shotgun sequence"	2399..3136	 Tia Invasion determinant	CP015995
GCA_042441235.1	virulence_ecoli	traJ	98.69	687 / 687	"ABVLER010000052.1 Escherichia coli strain 01608955 SAMN43948175-rid23509633.denovo.052, whole genome shotgun sequence"	21784..22470	  Protein TraJ (Positive regulator of conjugal transfer operon)	CP007150
GCA_042441235.1	virulence_ecoli	traT	100	732 / 732	"ABVLER010000052.1 Escherichia coli strain 01608955 SAMN43948175-rid23509633.denovo.052, whole genome shotgun sequence"	233..964	  Outer membrane protein complement resistance	CP009167
GCA_042441235.1	virulence_ecoli	yehA	98.26	1035 / 1035	"ABVLER010000011.1 Escherichia coli strain 01608955 SAMN43948175-rid23509633.denovo.011, whole genome shotgun sequence"	27023..28057	"  Outer membrane lipoprotein, YHD fimbriael cluster"	CP042934
GCA_042441235.1	virulence_ecoli	yehB	98.67	2481 / 2481	"ABVLER010000011.1 Escherichia coli strain 01608955 SAMN43948175-rid23509633.denovo.011, whole genome shotgun sequence"	24527..27007	" Usher, YHD fimbriael cluster"	CP042934
GCA_042441235.1	virulence_ecoli	yehC	97.63	675 / 675	"ABVLER010000011.1 Escherichia coli strain 01608955 SAMN43948175-rid23509633.denovo.011, whole genome shotgun sequence"	23837..24511	" Chaperone, YHD fimbriael cluster"	CP042934
GCA_042441235.1	virulence_ecoli	yehD	98.71	543 / 543	"ABVLER010000011.1 Escherichia coli strain 01608955 SAMN43948175-rid23509633.denovo.011, whole genome shotgun sequence"	23215..23757	" Major pilin subunit, YHD fimbriael cluster"	CP042934
GCA_042441235.1	stx	stx2	99.6	1242 / 1242	"ABVLER010000064.1 Escherichia coli strain 01608955 SAMN43948175-rid23509633.denovo.064, whole genome shotgun sequence"	3636..4877	"O9 CB10366, variant i"	FN252457
GCA_042441235.1	stx	stx2	99.6	1242 / 1242	"ABVLER010000206.1 Escherichia coli strain 01608955 SAMN43948175-rid23509633.guided.122, whole genome shotgun sequence"	2490..3731	"O9 CB10366, variant i"	FN252457
GCA_042710215.1	virulence_ecoli	csgA	98.9	456 / 456	"DAXKPL010000009.1 TPA_asm: Escherichia coli strain O8/O30:H25 isolate 22ER0528 SAMN39582411-rid20990143.denovo.009, whole genome shotgun sequence"	149656..150111	 curlin major subunit CsgA	CP069646
GCA_042710215.1	virulence_ecoli	eltIIAB-a	98.33	1141 / 1141	"DAXKPL010000005.1 TPA_asm: Escherichia coli strain O8/O30:H25 isolate 22ER0528 SAMN39582411-rid20990143.denovo.005, whole genome shotgun sequence"	111586..112726	   Heat-labile enterotoxin LTII-a	JQ031711
GCA_042710215.1	virulence_ecoli	fdeC	95.49	4254 / 4254	"DAXKPL010000015.1 TPA_asm: Escherichia coli strain O8/O30:H25 isolate 22ER0528 SAMN39582411-rid20990143.denovo.015, whole genome shotgun sequence"	14340..18593	 intimin-like adhesin FdeC	AP010953
GCA_042710215.1	virulence_ecoli	fimH	100	489 / 489	"DAXKPL010000007.1 TPA_asm: Escherichia coli strain O8/O30:H25 isolate 22ER0528 SAMN39582411-rid20990143.denovo.007, whole genome shotgun sequence"	55017..55505	   Type 1 fimbriae	NA
GCA_042710215.1	virulence_ecoli	hha	91.67	180 / 213	"DAXKPL010000060.1 TPA_asm: Escherichia coli strain O8/O30:H25 isolate 22ER0528 SAMN39582411-rid20990143.denovo.061, whole genome shotgun sequence"	8983..9162	 hemolysin expression modulator Hha (previous rmoA)	453331
GCA_042710215.1	virulence_ecoli	hlyE	99.13	918 / 918	"DAXKPL010000009.1 TPA_asm: Escherichia coli strain O8/O30:H25 isolate 22ER0528 SAMN39582411-rid20990143.denovo.009, whole genome shotgun sequence"	39255..40171	  Avian E. coli haemolysin	ECU57430
GCA_042710215.1	virulence_ecoli	iss	100	294 / 294	"DAXKPL010000004.1 TPA_asm: Escherichia coli strain O8/O30:H25 isolate 22ER0528 SAMN39582411-rid20990143.denovo.004, whole genome shotgun sequence"	261177..261470	  Increased serum survival	CP001665
GCA_042710215.1	virulence_ecoli	lpfA	100	573 / 573	"DAXKPL010000035.1 TPA_asm: Escherichia coli strain O8/O30:H25 isolate 22ER0528 SAMN39582411-rid20990143.denovo.035, whole genome shotgun sequence"	38410..38982	  Long polar fimbriae	KC207123
GCA_042710215.1	virulence_ecoli	nlpI	99.77	885 / 885	"DAXKPL010000014.1 TPA_asm: Escherichia coli strain O8/O30:H25 isolate 22ER0528 SAMN39582411-rid20990143.denovo.014, whole genome shotgun sequence"	16222..17106	  lipoprotein NlpI precursor	CP000243
GCA_042710215.1	virulence_ecoli	ompT	95.78	948 / 948	"DAXKPL010000036.1 TPA_asm: Escherichia coli strain O8/O30:H25 isolate 22ER0528 SAMN39582411-rid20990143.denovo.036, whole genome shotgun sequence"	34592..35539	  Outer membrane protease (protein protease 7)	CDLB01000100
GCA_042710215.1	virulence_ecoli	ompT	99.72	363 / 363	"DAXKPL010000062.1 TPA_asm: Escherichia coli strain O8/O30:H25 isolate 22ER0528 SAMN39582411-rid20990143.denovo.064, whole genome shotgun sequence"	1052..1414	  Outer membrane protease (protein protease 7)	UDHB01000050
GCA_042710215.1	virulence_ecoli	stx2i-O9-CB10366	99.6	1242 / 1242	"DAXKPL010000022.1 TPA_asm: Escherichia coli strain O8/O30:H25 isolate 22ER0528 SAMN39582411-rid20990143.denovo.022, whole genome shotgun sequence"	918..2159	   stx2i-O9-CB10366	FN252457
GCA_042710215.1	virulence_ecoli	stx2i-O9-CB10366	99.6	1242 / 1242	"DAXKPL010000128.1 TPA_asm: Escherichia coli strain O8/O30:H25 isolate 22ER0528 SAMN39582411-rid20990143.guided.081, whole genome shotgun sequence"	2490..3731	   stx2i-O9-CB10366	FN252457
GCA_042710215.1	virulence_ecoli	terC	100	714 / 714	"DAXKPL010000003.1 TPA_asm: Escherichia coli strain O8/O30:H25 isolate 22ER0528 SAMN39582411-rid20990143.denovo.003, whole genome shotgun sequence"	182883..183596	  Tellurium ion resistance protein	CP007491
GCA_042710215.1	virulence_ecoli	terC	98.85	959 / 966	"DAXKPL010000028.1 TPA_asm: Escherichia coli strain O8/O30:H25 isolate 22ER0528 SAMN39582411-rid20990143.denovo.028, whole genome shotgun sequence"	51418..52376	  Tellurium ion resistance protein	MG591698
GCA_042710215.1	virulence_ecoli	traT	100	732 / 732	"DAXKPL010000023.1 TPA_asm: Escherichia coli strain O8/O30:H25 isolate 22ER0528 SAMN39582411-rid20990143.denovo.023, whole genome shotgun sequence"	54970..55701	  Outer membrane protein complement resistance	LAUD01000149
GCA_042710215.1	virulence_ecoli	yehA	98.06	1033 / 1035	"DAXKPL010000012.1 TPA_asm: Escherichia coli strain O8/O30:H25 isolate 22ER0528 SAMN39582411-rid20990143.denovo.012, whole genome shotgun sequence"	109274..110306	"  Outer membrane lipoprotein, YHD fimbriael cluster"	CP042934
GCA_042710215.1	virulence_ecoli	yehB	97.86	2481 / 2481	"DAXKPL010000012.1 TPA_asm: Escherichia coli strain O8/O30:H25 isolate 22ER0528 SAMN39582411-rid20990143.denovo.012, whole genome shotgun sequence"	110322..112802	" Usher, YHD fimbriael cluster"	CP042934
GCA_042710215.1	virulence_ecoli	yehC	98.37	675 / 675	"DAXKPL010000012.1 TPA_asm: Escherichia coli strain O8/O30:H25 isolate 22ER0528 SAMN39582411-rid20990143.denovo.012, whole genome shotgun sequence"	112818..113492	" Chaperone, YHD fimbriael cluster"	CP042934
GCA_042710215.1	virulence_ecoli	yehD	98.71	543 / 543	"DAXKPL010000012.1 TPA_asm: Escherichia coli strain O8/O30:H25 isolate 22ER0528 SAMN39582411-rid20990143.denovo.012, whole genome shotgun sequence"	113573..114115	" Major pilin subunit, YHD fimbriael cluster"	CP042934
GCA_042710215.1	virulence_ecoli	yghJ	98.1	4573 / 4569	"DAXKPL010000026.1 TPA_asm: Escherichia coli strain O8/O30:H25 isolate 22ER0528 SAMN39582411-rid20990143.denovo.026, whole genome shotgun sequence"	27761..32329		CP002729
GCA_042710215.1	stx	stx2	99.6	1242 / 1242	"DAXKPL010000022.1 TPA_asm: Escherichia coli strain O8/O30:H25 isolate 22ER0528 SAMN39582411-rid20990143.denovo.022, whole genome shotgun sequence"	918..2159	"O9 CB10366, variant i"	FN252457
GCA_042710215.1	stx	stx2	99.6	1242 / 1242	"DAXKPL010000128.1 TPA_asm: Escherichia coli strain O8/O30:H25 isolate 22ER0528 SAMN39582411-rid20990143.guided.081, whole genome shotgun sequence"	2490..3731	"O9 CB10366, variant i"	FN252457
GCA_042935545.1	virulence_ecoli	cia	99.62	264 / 264	"DAXTKX010000050.1 TPA_asm: Escherichia coli strain EH4141 SAMEA115376134-rid21221983.denovo.53, whole genome shotgun sequence"	3413..3676	  Colicin ia	UGDH01000002
GCA_042935545.1	virulence_ecoli	csgA	98.9	456 / 456	"DAXTKX010000007.1 TPA_asm: Escherichia coli strain EH4141 SAMEA115376134-rid21221983.denovo.07, whole genome shotgun sequence"	211884..212339	 curlin major subunit CsgA	CP069646
GCA_042935545.1	virulence_ecoli	eltIIAB-a	98.33	1141 / 1141	"DAXTKX010000008.1 TPA_asm: Escherichia coli strain EH4141 SAMEA115376134-rid21221983.denovo.08, whole genome shotgun sequence"	139218..140358	   Heat-labile enterotoxin LTII-a	JQ031711
GCA_042935545.1	virulence_ecoli	fdeC	95.49	4254 / 4254	"DAXTKX010000002.1 TPA_asm: Escherichia coli strain EH4141 SAMEA115376134-rid21221983.denovo.02, whole genome shotgun sequence"	265894..270147	 intimin-like adhesin FdeC	AP010953
GCA_042935545.1	virulence_ecoli	fimH	100	489 / 489	"DAXTKX010000003.1 TPA_asm: Escherichia coli strain EH4141 SAMEA115376134-rid21221983.denovo.03, whole genome shotgun sequence"	94747..95235	   Type 1 fimbriae	NA
GCA_042935545.1	virulence_ecoli	gad	100	1401 / 1401	"DAXTKX010000014.1 TPA_asm: Escherichia coli strain EH4141 SAMEA115376134-rid21221983.denovo.14, whole genome shotgun sequence"	40591..41991	  Glutamate decarboxylase	AP009240
GCA_042935545.1	virulence_ecoli	gad	100	1401 / 1401	"DAXTKX010000005.1 TPA_asm: Escherichia coli strain EH4141 SAMEA115376134-rid21221983.denovo.05, whole genome shotgun sequence"	193193..194593	  Glutamate decarboxylase	CU928160
GCA_042935545.1	virulence_ecoli	hha	91.67	180 / 213	"DAXTKX010000001.1 TPA_asm: Escherichia coli strain EH4141 SAMEA115376134-rid21221983.denovo.01, whole genome shotgun sequence"	3435..3614	 hemolysin expression modulator Hha (previous rmoA)	453331
GCA_042935545.1	virulence_ecoli	hlyE	99.13	918 / 918	"DAXTKX010000007.1 TPA_asm: Escherichia coli strain EH4141 SAMEA115376134-rid21221983.denovo.07, whole genome shotgun sequence"	101483..102399	  Avian E. coli haemolysin	ECU57430
GCA_042935545.1	virulence_ecoli	iss	100	294 / 294	"DAXTKX010000037.1 TPA_asm: Escherichia coli strain EH4141 SAMEA115376134-rid21221983.denovo.38, whole genome shotgun sequence"	1257..1550	  Increased serum survival	CP001665
GCA_042935545.1	virulence_ecoli	lpfA	100	573 / 573	"DAXTKX010000023.1 TPA_asm: Escherichia coli strain EH4141 SAMEA115376134-rid21221983.denovo.23, whole genome shotgun sequence"	38411..38983	  Long polar fimbriae	KC207123
GCA_042935545.1	virulence_ecoli	nlpI	99.77	885 / 885	"DAXTKX010000013.1 TPA_asm: Escherichia coli strain EH4141 SAMEA115376134-rid21221983.denovo.13, whole genome shotgun sequence"	16222..17106	  lipoprotein NlpI precursor	CP000243
GCA_042935545.1	virulence_ecoli	ompT	99.72	363 / 363	"DAXTKX010000010.1 TPA_asm: Escherichia coli strain EH4141 SAMEA115376134-rid21221983.denovo.10, whole genome shotgun sequence"	156175..156537	  Outer membrane protease (protein protease 7)	UDHB01000050
GCA_042935545.1	virulence_ecoli	stx2i-O9-CB10366	99.6	1242 / 1242	"DAXTKX010000022.1 TPA_asm: Escherichia coli strain EH4141 SAMEA115376134-rid21221983.denovo.22, whole genome shotgun sequence"	918..2159	   stx2i-O9-CB10366	FN252457
GCA_042935545.1	virulence_ecoli	stx2i-O9-CB10366	99.6	1242 / 1242	"DAXTKX010000091.1 TPA_asm: Escherichia coli strain EH4141 SAMEA115376134-rid21221983.guided.52, whole genome shotgun sequence"	2490..3731	   stx2i-O9-CB10366	FN252457
GCA_042935545.1	virulence_ecoli	terC	100	714 / 714	"DAXTKX010000006.1 TPA_asm: Escherichia coli strain EH4141 SAMEA115376134-rid21221983.denovo.06, whole genome shotgun sequence"	182006..182719	  Tellurium ion resistance protein	CP007491
GCA_042935545.1	virulence_ecoli	terC	100	1041 / 1041	"DAXTKX010000016.1 TPA_asm: Escherichia coli strain EH4141 SAMEA115376134-rid21221983.denovo.16, whole genome shotgun sequence"	1356..2396	  Tellurium ion resistance protein	CYAS01000072
GCA_042935545.1	virulence_ecoli	terC	98.85	959 / 966	"DAXTKX010000016.1 TPA_asm: Escherichia coli strain EH4141 SAMEA115376134-rid21221983.denovo.16, whole genome shotgun sequence"	47053..48011	  Tellurium ion resistance protein	MG591698
GCA_042935545.1	virulence_ecoli	yehA	98.06	1033 / 1035	"DAXTKX010000001.1 TPA_asm: Escherichia coli strain EH4141 SAMEA115376134-rid21221983.denovo.01, whole genome shotgun sequence"	135888..136920	"  Outer membrane lipoprotein, YHD fimbriael cluster"	CP042934
GCA_042935545.1	virulence_ecoli	yehB	97.86	2481 / 2481	"DAXTKX010000001.1 TPA_asm: Escherichia coli strain EH4141 SAMEA115376134-rid21221983.denovo.01, whole genome shotgun sequence"	136936..139416	" Usher, YHD fimbriael cluster"	CP042934
GCA_042935545.1	virulence_ecoli	yehC	98.37	675 / 675	"DAXTKX010000001.1 TPA_asm: Escherichia coli strain EH4141 SAMEA115376134-rid21221983.denovo.01, whole genome shotgun sequence"	139432..140106	" Chaperone, YHD fimbriael cluster"	CP042934
GCA_042935545.1	virulence_ecoli	yehD	98.71	543 / 543	"DAXTKX010000001.1 TPA_asm: Escherichia coli strain EH4141 SAMEA115376134-rid21221983.denovo.01, whole genome shotgun sequence"	140187..140729	" Major pilin subunit, YHD fimbriael cluster"	CP042934
GCA_042935545.1	virulence_ecoli	yghJ	98.1	4573 / 4569	"DAXTKX010000025.1 TPA_asm: Escherichia coli strain EH4141 SAMEA115376134-rid21221983.denovo.25, whole genome shotgun sequence"	27761..32329		CP002729
GCA_042935545.1	stx	stx2	99.6	1242 / 1242	"DAXTKX010000022.1 TPA_asm: Escherichia coli strain EH4141 SAMEA115376134-rid21221983.denovo.22, whole genome shotgun sequence"	918..2159	"O9 CB10366, variant i"	FN252457
GCA_042935545.1	stx	stx2	99.6	1242 / 1242	"DAXTKX010000091.1 TPA_asm: Escherichia coli strain EH4141 SAMEA115376134-rid21221983.guided.52, whole genome shotgun sequence"	2490..3731	"O9 CB10366, variant i"	FN252457
GCA_043574615.1	virulence_ecoli	csgA	98.9	456 / 456	"DAZEQJ010000018.1 TPA_asm: Escherichia coli isolate 2207T1185 SAMN43267956-rid23063043.denovo.018, whole genome shotgun sequence"	61090..61545	 curlin major subunit CsgA	CP069646
GCA_043574615.1	virulence_ecoli	eltIIAB-a	98.33	1141 / 1141	"DAZEQJ010000102.1 TPA_asm: Escherichia coli isolate 2207T1185 SAMN43267956-rid23063043.denovo.102, whole genome shotgun sequence"	13027..14167	   Heat-labile enterotoxin LTII-a	JQ031711
GCA_043574615.1	virulence_ecoli	fdeC	95.49	4254 / 4254	"DAZEQJ010000052.1 TPA_asm: Escherichia coli isolate 2207T1185 SAMN43267956-rid23063043.denovo.052, whole genome shotgun sequence"	4677..8930	 intimin-like adhesin FdeC	AP010953
GCA_043574615.1	virulence_ecoli	fimH	100	489 / 489	"DAZEQJ010000104.1 TPA_asm: Escherichia coli isolate 2207T1185 SAMN43267956-rid23063043.denovo.104, whole genome shotgun sequence"	7099..7587	   Type 1 fimbriae	NA
GCA_043574615.1	virulence_ecoli	hha	95.31	213 / 213	"DAZEQJ010000076.1 TPA_asm: Escherichia coli isolate 2207T1185 SAMN43267956-rid23063043.denovo.076, whole genome shotgun sequence"	19199..19411	 hemolysin expression modulator Hha (previous rmoA)	453331
GCA_043574615.1	virulence_ecoli	hha	91.67	180 / 213	"DAZEQJ010000140.1 TPA_asm: Escherichia coli isolate 2207T1185 SAMN43267956-rid23063043.denovo.141, whole genome shotgun sequence"	2174..2353	 hemolysin expression modulator Hha (previous rmoA)	453331
GCA_043574615.1	virulence_ecoli	hlyE	99.13	918 / 918	"DAZEQJ010000088.1 TPA_asm: Escherichia coli isolate 2207T1185 SAMN43267956-rid23063043.denovo.088, whole genome shotgun sequence"	69..985	  Avian E. coli haemolysin	ECU57430
GCA_043574615.1	virulence_ecoli	iss	100	294 / 294	"DAZEQJ010000089.1 TPA_asm: Escherichia coli isolate 2207T1185 SAMN43267956-rid23063043.denovo.089, whole genome shotgun sequence"	630..923	  Increased serum survival	CP001665
GCA_043574615.1	virulence_ecoli	lpfA	100	573 / 573	"DAZEQJ010000044.1 TPA_asm: Escherichia coli isolate 2207T1185 SAMN43267956-rid23063043.denovo.044, whole genome shotgun sequence"	38411..38983	  Long polar fimbriae	KC207123
GCA_043574615.1	virulence_ecoli	nlpI	99.77	885 / 885	"DAZEQJ010000005.1 TPA_asm: Escherichia coli isolate 2207T1185 SAMN43267956-rid23063043.denovo.005, whole genome shotgun sequence"	16222..17106	  lipoprotein NlpI precursor	CP000243
GCA_043574615.1	virulence_ecoli	ompT	95.78	948 / 948	"DAZEQJ010000055.1 TPA_asm: Escherichia coli isolate 2207T1185 SAMN43267956-rid23063043.denovo.055, whole genome shotgun sequence"	27968..28915	  Outer membrane protease (protein protease 7)	CDLB01000100
GCA_043574615.1	virulence_ecoli	ompT	99.72	363 / 363	"DAZEQJ010000118.1 TPA_asm: Escherichia coli isolate 2207T1185 SAMN43267956-rid23063043.denovo.119, whole genome shotgun sequence"	90..452	  Outer membrane protease (protein protease 7)	UDHB01000050
GCA_043574615.1	virulence_ecoli	stx2i-O9-CB10366	99.6	1242 / 1242	"DAZEQJ010000159.1 TPA_asm: Escherichia coli isolate 2207T1185 SAMN43267956-rid23063043.denovo.161, whole genome shotgun sequence"	918..2159	   stx2i-O9-CB10366	FN252457
GCA_043574615.1	virulence_ecoli	stx2i-O9-CB10366	99.6	1242 / 1242	"DAZEQJ010000247.1 TPA_asm: Escherichia coli isolate 2207T1185 SAMN43267956-rid23063043.guided.174, whole genome shotgun sequence"	472..1713	   stx2i-O9-CB10366	FN252457
GCA_043574615.1	virulence_ecoli	terC	100	714 / 714	"DAZEQJ010000013.1 TPA_asm: Escherichia coli isolate 2207T1185 SAMN43267956-rid23063043.denovo.013, whole genome shotgun sequence"	68080..68793	  Tellurium ion resistance protein	CP007491
GCA_043574615.1	virulence_ecoli	terC	100	1041 / 1041	"DAZEQJ010000083.1 TPA_asm: Escherichia coli isolate 2207T1185 SAMN43267956-rid23063043.denovo.083, whole genome shotgun sequence"	1327..2367	  Tellurium ion resistance protein	CYAS01000072
GCA_043574615.1	virulence_ecoli	terC	98.85	959 / 966	"DAZEQJ010000041.1 TPA_asm: Escherichia coli isolate 2207T1185 SAMN43267956-rid23063043.denovo.041, whole genome shotgun sequence"	12430..13388	  Tellurium ion resistance protein	MG591698
GCA_043574615.1	virulence_ecoli	tia	99.86	738 / 738	"DAZEQJ010000033.1 TPA_asm: Escherichia coli isolate 2207T1185 SAMN43267956-rid23063043.denovo.033, whole genome shotgun sequence"	3949..4686	 Tia Invasion determinant	CP010172
GCA_043574615.1	virulence_ecoli	traJ	98.84	687 / 687	"DAZEQJ010000047.1 TPA_asm: Escherichia coli isolate 2207T1185 SAMN43267956-rid23063043.denovo.047, whole genome shotgun sequence"	34765..35451	  Protein TraJ (Positive regulator of conjugal transfer operon)	CP007150
GCA_043574615.1	virulence_ecoli	traT	99.86	732 / 732	"DAZEQJ010000047.1 TPA_asm: Escherichia coli isolate 2207T1185 SAMN43267956-rid23063043.denovo.047, whole genome shotgun sequence"	13214..13945	  Outer membrane protein complement resistance	CP009167
GCA_043574615.1	virulence_ecoli	yehA	98.06	1033 / 1035	"DAZEQJ010000027.1 TPA_asm: Escherichia coli isolate 2207T1185 SAMN43267956-rid23063043.denovo.027, whole genome shotgun sequence"	10069..11101	"  Outer membrane lipoprotein, YHD fimbriael cluster"	CP042934
GCA_043574615.1	virulence_ecoli	yehB	97.86	2481 / 2481	"DAZEQJ010000027.1 TPA_asm: Escherichia coli isolate 2207T1185 SAMN43267956-rid23063043.denovo.027, whole genome shotgun sequence"	11117..13597	" Usher, YHD fimbriael cluster"	CP042934
GCA_043574615.1	virulence_ecoli	yehC	98.37	675 / 675	"DAZEQJ010000027.1 TPA_asm: Escherichia coli isolate 2207T1185 SAMN43267956-rid23063043.denovo.027, whole genome shotgun sequence"	13613..14287	" Chaperone, YHD fimbriael cluster"	CP042934
GCA_043574615.1	virulence_ecoli	yehD	98.71	543 / 543	"DAZEQJ010000027.1 TPA_asm: Escherichia coli isolate 2207T1185 SAMN43267956-rid23063043.denovo.027, whole genome shotgun sequence"	14368..14910	" Major pilin subunit, YHD fimbriael cluster"	CP042934
GCA_043574615.1	virulence_ecoli	yghJ	98.1	4573 / 4569	"DAZEQJ010000051.1 TPA_asm: Escherichia coli isolate 2207T1185 SAMN43267956-rid23063043.denovo.051, whole genome shotgun sequence"	58..4626		CP002729
GCA_043574615.1	stx	stx2	99.6	1242 / 1242	"DAZEQJ010000159.1 TPA_asm: Escherichia coli isolate 2207T1185 SAMN43267956-rid23063043.denovo.161, whole genome shotgun sequence"	918..2159	"O9 CB10366, variant i"	FN252457
GCA_043574615.1	stx	stx2	99.6	1242 / 1242	"DAZEQJ010000247.1 TPA_asm: Escherichia coli isolate 2207T1185 SAMN43267956-rid23063043.guided.174, whole genome shotgun sequence"	472..1713	"O9 CB10366, variant i"	FN252457
GCA_044682155.1	virulence_ecoli	capU	99.91	1089 / 1089	"ABWGVY010000086.1 Escherichia coli strain 01633873 SAMN44596646-rid23929223.denovo.087, whole genome shotgun sequence"	2485..3573	 Hexosyltransferase homolog	CP002729
GCA_044682155.1	virulence_ecoli	capU	99.91	1089 / 1089	"ABWGVY010000086.1 Escherichia coli strain 01633873 SAMN44596646-rid23929223.denovo.087, whole genome shotgun sequence"	2485..3573	 Hexosyltransferase homolog	CU928145
GCA_044682155.1	virulence_ecoli	csgA	100	456 / 456	"ABWGVY010000028.1 Escherichia coli strain 01633873 SAMN44596646-rid23929223.denovo.028, whole genome shotgun sequence"	41669..42124	 curlin major subunit CsgA	CP069646
GCA_044682155.1	virulence_ecoli	eltIIAB-a	98.42	1141 / 1141	"ABWGVY010000060.1 Escherichia coli strain 01633873 SAMN44596646-rid23929223.denovo.060, whole genome shotgun sequence"	21812..22952	   Heat-labile enterotoxin LTII-a	JQ031711
GCA_044682155.1	virulence_ecoli	fdeC	93.57	4258 / 4254	"ABWGVY010000068.1 Escherichia coli strain 01633873 SAMN44596646-rid23929223.denovo.069, whole genome shotgun sequence"	5390..9640	 intimin-like adhesin FdeC	AP010953
GCA_044682155.1	virulence_ecoli	gad	100	1074 / 1401	"ABWGVY010000040.1 Escherichia coli strain 01633873 SAMN44596646-rid23929223.denovo.040, whole genome shotgun sequence"	1..1074	  Glutamate decarboxylase	AP010953
GCA_044682155.1	virulence_ecoli	gad	100	1074 / 1401	"ABWGVY010000040.1 Escherichia coli strain 01633873 SAMN44596646-rid23929223.denovo.040, whole genome shotgun sequence"	1..1074	  Glutamate decarboxylase	FN649414
GCA_044682155.1	virulence_ecoli	gad	100	1074 / 1401	"ABWGVY010000040.1 Escherichia coli strain 01633873 SAMN44596646-rid23929223.denovo.040, whole genome shotgun sequence"	1..1074	  Glutamate decarboxylase	U00096
GCA_044682155.1	virulence_ecoli	hlyE	98.69	918 / 918	"ABWGVY010000021.1 Escherichia coli strain 01633873 SAMN44596646-rid23929223.denovo.021, whole genome shotgun sequence"	884..1801	  Avian E. coli haemolysin	ECU57430
GCA_044682155.1	virulence_ecoli	nlpI	99.77	885 / 885	"ABWGVY010000003.1 Escherichia coli strain 01633873 SAMN44596646-rid23929223.denovo.003, whole genome shotgun sequence"	103865..104749	  lipoprotein NlpI precursor	CP000243
GCA_044682155.1	virulence_ecoli	stx2i-O9-CB10366	99.6	1242 / 1242	"ABWGVY010000081.1 Escherichia coli strain 01633873 SAMN44596646-rid23929223.denovo.082, whole genome shotgun sequence"	1186..2427	   stx2i-O9-CB10366	FN252457
GCA_044682155.1	virulence_ecoli	stx2i-O9-CB10366	99.6	1242 / 1242	"ABWGVY010000193.1 Escherichia coli strain 01633873 SAMN44596646-rid23929223.guided.104, whole genome shotgun sequence"	2550..3791	   stx2i-O9-CB10366	FN252457
GCA_044682155.1	virulence_ecoli	terC	99.86	714 / 714	"ABWGVY010000037.1 Escherichia coli strain 01633873 SAMN44596646-rid23929223.denovo.037, whole genome shotgun sequence"	22733..23446	  Tellurium ion resistance protein	CP007491
GCA_044682155.1	virulence_ecoli	terC	99.79	966 / 966	"ABWGVY010000003.1 Escherichia coli strain 01633873 SAMN44596646-rid23929223.denovo.003, whole genome shotgun sequence"	26881..27846	  Tellurium ion resistance protein	MG591698
GCA_044682155.1	virulence_ecoli	traT	99.73	732 / 732	"ABWGVY010000074.1 Escherichia coli strain 01633873 SAMN44596646-rid23929223.denovo.075, whole genome shotgun sequence"	16048..16779	  Outer membrane protein complement resistance	AKLT01000045
GCA_044682155.1	virulence_ecoli	yehA	98.45	1035 / 1035	"ABWGVY010000011.1 Escherichia coli strain 01633873 SAMN44596646-rid23929223.denovo.011, whole genome shotgun sequence"	40821..41855	"  Outer membrane lipoprotein, YHD fimbriael cluster"	CP042934
GCA_044682155.1	virulence_ecoli	yehB	98.79	2481 / 2481	"ABWGVY010000011.1 Escherichia coli strain 01633873 SAMN44596646-rid23929223.denovo.011, whole genome shotgun sequence"	38325..40805	" Usher, YHD fimbriael cluster"	CP042934
GCA_044682155.1	virulence_ecoli	yehC	97.78	675 / 675	"ABWGVY010000011.1 Escherichia coli strain 01633873 SAMN44596646-rid23929223.denovo.011, whole genome shotgun sequence"	37635..38309	" Chaperone, YHD fimbriael cluster"	CP042934
GCA_044682155.1	virulence_ecoli	yehD	98.53	543 / 543	"ABWGVY010000011.1 Escherichia coli strain 01633873 SAMN44596646-rid23929223.denovo.011, whole genome shotgun sequence"	37013..37555	" Major pilin subunit, YHD fimbriael cluster"	CP042934
GCA_044682155.1	virulence_ecoli	yghJ	91.36	4574 / 4569	"ABWGVY010000004.1 Escherichia coli strain 01633873 SAMN44596646-rid23929223.denovo.004, whole genome shotgun sequence"	88975..93531		CP002729
GCA_044682155.1	stx	stx2	99.6	1242 / 1242	"ABWGVY010000081.1 Escherichia coli strain 01633873 SAMN44596646-rid23929223.denovo.082, whole genome shotgun sequence"	1186..2427	"O9 CB10366, variant i"	FN252457
GCA_044682155.1	stx	stx2	99.6	1242 / 1242	"ABWGVY010000193.1 Escherichia coli strain 01633873 SAMN44596646-rid23929223.guided.104, whole genome shotgun sequence"	2550..3791	"O9 CB10366, variant i"	FN252457
GCA_044986905.1	virulence_ecoli	capU	99.91	1089 / 1089	"DBBTXZ010000066.1 TPA_asm: Escherichia coli strain O9:H30 isolate 22ER1355 SAMN39582592-rid20992813.denovo.066, whole genome shotgun sequence"	11199..12287	 Hexosyltransferase homolog	CP002729
GCA_044986905.1	virulence_ecoli	capU	99.91	1089 / 1089	"DBBTXZ010000066.1 TPA_asm: Escherichia coli strain O9:H30 isolate 22ER1355 SAMN39582592-rid20992813.denovo.066, whole genome shotgun sequence"	11199..12287	 Hexosyltransferase homolog	CU928145
GCA_044986905.1	virulence_ecoli	csgA	100	456 / 456	"DBBTXZ010000011.1 TPA_asm: Escherichia coli strain O9:H30 isolate 22ER1355 SAMN39582592-rid20992813.denovo.011, whole genome shotgun sequence"	117794..118249	 curlin major subunit CsgA	CP069646
GCA_044986905.1	virulence_ecoli	eltIIAB-a	98.42	1141 / 1141	"DBBTXZ010000026.1 TPA_asm: Escherichia coli strain O9:H30 isolate 22ER1355 SAMN39582592-rid20992813.denovo.026, whole genome shotgun sequence"	56784..57924	   Heat-labile enterotoxin LTII-a	JQ031711
GCA_044986905.1	virulence_ecoli	fdeC	93.57	4258 / 4254	"DBBTXZ010000050.1 TPA_asm: Escherichia coli strain O9:H30 isolate 22ER1355 SAMN39582592-rid20992813.denovo.050, whole genome shotgun sequence"	15783..20033	 intimin-like adhesin FdeC	AP010953
GCA_044986905.1	virulence_ecoli	gad	100	938 / 1401	"DBBTXZ010000060.1 TPA_asm: Escherichia coli strain O9:H30 isolate 22ER1355 SAMN39582592-rid20992813.denovo.060, whole genome shotgun sequence"	1..938	  Glutamate decarboxylase	AP009240
GCA_044986905.1	virulence_ecoli	gad	100	938 / 1401	"DBBTXZ010000060.1 TPA_asm: Escherichia coli strain O9:H30 isolate 22ER1355 SAMN39582592-rid20992813.denovo.060, whole genome shotgun sequence"	1..938	  Glutamate decarboxylase	AP010953
GCA_044986905.1	virulence_ecoli	gad	100	938 / 1401	"DBBTXZ010000060.1 TPA_asm: Escherichia coli strain O9:H30 isolate 22ER1355 SAMN39582592-rid20992813.denovo.060, whole genome shotgun sequence"	1..938	  Glutamate decarboxylase	EF547380
GCA_044986905.1	virulence_ecoli	gad	99.14	1401 / 1401	"DBBTXZ010000034.1 TPA_asm: Escherichia coli strain O9:H30 isolate 22ER1355 SAMN39582592-rid20992813.denovo.034, whole genome shotgun sequence"	4321..5721	  Glutamate decarboxylase	FN554766
GCA_044986905.1	virulence_ecoli	hlyE	98.69	918 / 918	"DBBTXZ010000011.1 TPA_asm: Escherichia coli strain O9:H30 isolate 22ER1355 SAMN39582592-rid20992813.denovo.011, whole genome shotgun sequence"	7482..8399	  Avian E. coli haemolysin	ECU57430
GCA_044986905.1	virulence_ecoli	nlpI	99.77	885 / 885	"DBBTXZ010000012.1 TPA_asm: Escherichia coli strain O9:H30 isolate 22ER1355 SAMN39582592-rid20992813.denovo.012, whole genome shotgun sequence"	18058..18942	  lipoprotein NlpI precursor	CP000243
GCA_044986905.1	virulence_ecoli	ompT	95.78	948 / 948	"DBBTXZ010000081.1 TPA_asm: Escherichia coli strain O9:H30 isolate 22ER1355 SAMN39582592-rid20992813.denovo.082, whole genome shotgun sequence"	3044..3991	  Outer membrane protease (protein protease 7)	CDLB01000100
GCA_044986905.1	virulence_ecoli	stx2i-O9-CB10366	99.6	1242 / 1242	"DBBTXZ010000076.1 TPA_asm: Escherichia coli strain O9:H30 isolate 22ER1355 SAMN39582592-rid20992813.denovo.077, whole genome shotgun sequence"	918..2159	   stx2i-O9-CB10366	FN252457
GCA_044986905.1	virulence_ecoli	stx2i-O9-CB10366	99.6	1242 / 1242	"DBBTXZ010000148.1 TPA_asm: Escherichia coli strain O9:H30 isolate 22ER1355 SAMN39582592-rid20992813.guided.088, whole genome shotgun sequence"	2550..3791	   stx2i-O9-CB10366	FN252457
GCA_044986905.1	virulence_ecoli	terC	99.86	714 / 714	"DBBTXZ010000002.1 TPA_asm: Escherichia coli strain O9:H30 isolate 22ER1355 SAMN39582592-rid20992813.denovo.002, whole genome shotgun sequence"	216890..217603	  Tellurium ion resistance protein	CP007491
GCA_044986905.1	virulence_ecoli	terC	100	1041 / 1041	"DBBTXZ010000075.1 TPA_asm: Escherichia coli strain O9:H30 isolate 22ER1355 SAMN39582592-rid20992813.denovo.076, whole genome shotgun sequence"	1328..2368	  Tellurium ion resistance protein	CYAS01000072
GCA_044986905.1	virulence_ecoli	terC	99.9	966 / 966	"DBBTXZ010000025.1 TPA_asm: Escherichia coli strain O9:H30 isolate 22ER1355 SAMN39582592-rid20992813.denovo.025, whole genome shotgun sequence"	4841..5806	  Tellurium ion resistance protein	MG591698
GCA_044986905.1	virulence_ecoli	traT	100	732 / 732	"DBBTXZ010000023.1 TPA_asm: Escherichia coli strain O9:H30 isolate 22ER1355 SAMN39582592-rid20992813.denovo.023, whole genome shotgun sequence"	54095..54826	  Outer membrane protein complement resistance	LAUD01000149
GCA_044986905.1	virulence_ecoli	yehA	98.45	1035 / 1035	"DBBTXZ010000021.1 TPA_asm: Escherichia coli strain O9:H30 isolate 22ER1355 SAMN39582592-rid20992813.denovo.021, whole genome shotgun sequence"	12357..13391	"  Outer membrane lipoprotein, YHD fimbriael cluster"	CP042934
GCA_044986905.1	virulence_ecoli	yehB	98.79	2481 / 2481	"DBBTXZ010000021.1 TPA_asm: Escherichia coli strain O9:H30 isolate 22ER1355 SAMN39582592-rid20992813.denovo.021, whole genome shotgun sequence"	9861..12341	" Usher, YHD fimbriael cluster"	CP042934
GCA_044986905.1	virulence_ecoli	yehC	97.78	675 / 675	"DBBTXZ010000021.1 TPA_asm: Escherichia coli strain O9:H30 isolate 22ER1355 SAMN39582592-rid20992813.denovo.021, whole genome shotgun sequence"	9171..9845	" Chaperone, YHD fimbriael cluster"	CP042934
GCA_044986905.1	virulence_ecoli	yehD	98.53	543 / 543	"DBBTXZ010000021.1 TPA_asm: Escherichia coli strain O9:H30 isolate 22ER1355 SAMN39582592-rid20992813.denovo.021, whole genome shotgun sequence"	8549..9091	" Major pilin subunit, YHD fimbriael cluster"	CP042934
GCA_044986905.1	virulence_ecoli	yghJ	91.36	4574 / 4569	"DBBTXZ010000004.1 TPA_asm: Escherichia coli strain O9:H30 isolate 22ER1355 SAMN39582592-rid20992813.denovo.004, whole genome shotgun sequence"	88975..93531		CP002729
GCA_044986905.1	stx	stx2	99.6	1242 / 1242	"DBBTXZ010000076.1 TPA_asm: Escherichia coli strain O9:H30 isolate 22ER1355 SAMN39582592-rid20992813.denovo.077, whole genome shotgun sequence"	918..2159	"O9 CB10366, variant i"	FN252457
GCA_044986905.1	stx	stx2	99.6	1242 / 1242	"DBBTXZ010000148.1 TPA_asm: Escherichia coli strain O9:H30 isolate 22ER1355 SAMN39582592-rid20992813.guided.088, whole genome shotgun sequence"	2550..3791	"O9 CB10366, variant i"	FN252457
GCA_045501555.1	virulence_ecoli	cia	99.62	264 / 264	"DBCXOK010000044.1 TPA_asm: Escherichia coli strain O8 isolate 17ER1700 SAMN39582387-rid20990353.denovo.045, whole genome shotgun sequence"	8654..8917	  Colicin ia	UGDH01000002
GCA_045501555.1	virulence_ecoli	csgA	98.9	456 / 456	"DBCXOK010000009.1 TPA_asm: Escherichia coli strain O8 isolate 17ER1700 SAMN39582387-rid20990353.denovo.009, whole genome shotgun sequence"	149852..150307	 curlin major subunit CsgA	CP069646
GCA_045501555.1	virulence_ecoli	eltIIAB-a	98.33	1141 / 1141	"DBCXOK010000007.1 TPA_asm: Escherichia coli strain O8 isolate 17ER1700 SAMN39582387-rid20990353.denovo.007, whole genome shotgun sequence"	139218..140358	   Heat-labile enterotoxin LTII-a	JQ031711
GCA_045501555.1	virulence_ecoli	fdeC	95.49	4254 / 4254	"DBCXOK010000022.1 TPA_asm: Escherichia coli strain O8 isolate 17ER1700 SAMN39582387-rid20990353.denovo.022, whole genome shotgun sequence"	14340..18593	 intimin-like adhesin FdeC	AP010953
GCA_045501555.1	virulence_ecoli	fimH	100	489 / 489	"DBCXOK010000003.1 TPA_asm: Escherichia coli strain O8 isolate 17ER1700 SAMN39582387-rid20990353.denovo.003, whole genome shotgun sequence"	94747..95235	   Type 1 fimbriae	NA
GCA_045501555.1	virulence_ecoli	gad	100	1016 / 1401	"DBCXOK010000020.1 TPA_asm: Escherichia coli strain O8 isolate 17ER1700 SAMN39582387-rid20990353.denovo.020, whole genome shotgun sequence"	1..1016	  Glutamate decarboxylase	AP009240
GCA_045501555.1	virulence_ecoli	gad	100	1016 / 1401	"DBCXOK010000015.1 TPA_asm: Escherichia coli strain O8 isolate 17ER1700 SAMN39582387-rid20990353.denovo.015, whole genome shotgun sequence"	98721..99736	  Glutamate decarboxylase	CU928160
GCA_045501555.1	virulence_ecoli	hha	91.67	180 / 213	"DBCXOK010000040.1 TPA_asm: Escherichia coli strain O8 isolate 17ER1700 SAMN39582387-rid20990353.denovo.041, whole genome shotgun sequence"	13176..13355	 hemolysin expression modulator Hha (previous rmoA)	453331
GCA_045501555.1	virulence_ecoli	hlyE	99.13	918 / 918	"DBCXOK010000009.1 TPA_asm: Escherichia coli strain O8 isolate 17ER1700 SAMN39582387-rid20990353.denovo.009, whole genome shotgun sequence"	39451..40367	  Avian E. coli haemolysin	ECU57430
GCA_045501555.1	virulence_ecoli	iss	100	294 / 294	"DBCXOK010000051.1 TPA_asm: Escherichia coli strain O8 isolate 17ER1700 SAMN39582387-rid20990353.denovo.053, whole genome shotgun sequence"	453..746	  Increased serum survival	CP001665
GCA_045501555.1	virulence_ecoli	lpfA	100	573 / 573	"DBCXOK010000023.1 TPA_asm: Escherichia coli strain O8 isolate 17ER1700 SAMN39582387-rid20990353.denovo.023, whole genome shotgun sequence"	38411..38983	  Long polar fimbriae	KC207123
GCA_045501555.1	virulence_ecoli	nlpI	99.77	885 / 885	"DBCXOK010000012.1 TPA_asm: Escherichia coli strain O8 isolate 17ER1700 SAMN39582387-rid20990353.denovo.012, whole genome shotgun sequence"	16222..17106	  lipoprotein NlpI precursor	CP000243
GCA_045501555.1	virulence_ecoli	ompT	99.72	363 / 363	"DBCXOK010000036.1 TPA_asm: Escherichia coli strain O8 isolate 17ER1700 SAMN39582387-rid20990353.denovo.037, whole genome shotgun sequence"	1590..1952	  Outer membrane protease (protein protease 7)	UDHB01000050
GCA_045501555.1	virulence_ecoli	stx2i-O9-CB10366	99.6	1242 / 1242	"DBCXOK010000041.1 TPA_asm: Escherichia coli strain O8 isolate 17ER1700 SAMN39582387-rid20990353.denovo.042, whole genome shotgun sequence"	918..2159	   stx2i-O9-CB10366	FN252457
GCA_045501555.1	virulence_ecoli	stx2i-O9-CB10366	99.6	1242 / 1242	"DBCXOK010000105.1 TPA_asm: Escherichia coli strain O8 isolate 17ER1700 SAMN39582387-rid20990353.guided.062, whole genome shotgun sequence"	2490..3731	   stx2i-O9-CB10366	FN252457
GCA_045501555.1	virulence_ecoli	terC	100	714 / 714	"DBCXOK010000004.1 TPA_asm: Escherichia coli strain O8 isolate 17ER1700 SAMN39582387-rid20990353.denovo.004, whole genome shotgun sequence"	179645..180358	  Tellurium ion resistance protein	CP007491
GCA_045501555.1	virulence_ecoli	terC	100	1041 / 1041	"DBCXOK010000042.1 TPA_asm: Escherichia coli strain O8 isolate 17ER1700 SAMN39582387-rid20990353.denovo.043, whole genome shotgun sequence"	1329..2369	  Tellurium ion resistance protein	CYAS01000072
GCA_045501555.1	virulence_ecoli	terC	98.85	959 / 966	"DBCXOK010000017.1 TPA_asm: Escherichia coli strain O8 isolate 17ER1700 SAMN39582387-rid20990353.denovo.017, whole genome shotgun sequence"	60362..61320	  Tellurium ion resistance protein	MG591698
GCA_045501555.1	virulence_ecoli	yehA	98.06	1033 / 1035	"DBCXOK010000001.1 TPA_asm: Escherichia coli strain O8 isolate 17ER1700 SAMN39582387-rid20990353.denovo.001, whole genome shotgun sequence"	7..1039	"  Outer membrane lipoprotein, YHD fimbriael cluster"	CP042934
GCA_045501555.1	virulence_ecoli	yehB	97.86	2481 / 2481	"DBCXOK010000001.1 TPA_asm: Escherichia coli strain O8 isolate 17ER1700 SAMN39582387-rid20990353.denovo.001, whole genome shotgun sequence"	1055..3535	" Usher, YHD fimbriael cluster"	CP042934
GCA_045501555.1	virulence_ecoli	yehC	98.37	675 / 675	"DBCXOK010000001.1 TPA_asm: Escherichia coli strain O8 isolate 17ER1700 SAMN39582387-rid20990353.denovo.001, whole genome shotgun sequence"	3551..4225	" Chaperone, YHD fimbriael cluster"	CP042934
GCA_045501555.1	virulence_ecoli	yehD	98.71	543 / 543	"DBCXOK010000001.1 TPA_asm: Escherichia coli strain O8 isolate 17ER1700 SAMN39582387-rid20990353.denovo.001, whole genome shotgun sequence"	4306..4848	" Major pilin subunit, YHD fimbriael cluster"	CP042934
GCA_045501555.1	virulence_ecoli	yghJ	98.1	4573 / 4569	"DBCXOK010000026.1 TPA_asm: Escherichia coli strain O8 isolate 17ER1700 SAMN39582387-rid20990353.denovo.026, whole genome shotgun sequence"	27761..32329		CP002729
GCA_045501555.1	stx	stx2	99.6	1242 / 1242	"DBCXOK010000041.1 TPA_asm: Escherichia coli strain O8 isolate 17ER1700 SAMN39582387-rid20990353.denovo.042, whole genome shotgun sequence"	918..2159	"O9 CB10366, variant i"	FN252457
GCA_045501555.1	stx	stx2	99.6	1242 / 1242	"DBCXOK010000105.1 TPA_asm: Escherichia coli strain O8 isolate 17ER1700 SAMN39582387-rid20990353.guided.062, whole genome shotgun sequence"	2490..3731	"O9 CB10366, variant i"	FN252457
GCA_051797185.1	virulence_ecoli	aamR	99.84	645 / 645	"ACADKF010000002.1 Escherichia coli strain 01792145 SAMN50428753-rid27227633.denovo.002, whole genome shotgun sequence"	138428..139072	 AggR activated metabolic regulator	FN554766
GCA_051797185.1	virulence_ecoli	afaA	99.74	384 / 384	"ACADKF010000002.1 Escherichia coli strain 01792145 SAMN50428753-rid27227633.denovo.002, whole genome shotgun sequence"	179336..179719	  Transcriptional regulator	GQ916596
GCA_051797185.1	virulence_ecoli	afaB	99.09	768 / 768	"ACADKF010000002.1 Escherichia coli strain 01792145 SAMN50428753-rid27227633.denovo.002, whole genome shotgun sequence"	178491..179258	  Periplasmic chaperone	GQ497943
GCA_051797185.1	virulence_ecoli	afaB	99.09	768 / 768	"ACADKF010000002.1 Escherichia coli strain 01792145 SAMN50428753-rid27227633.denovo.002, whole genome shotgun sequence"	178491..179258	  Periplasmic chaperone	GQ497943
GCA_051797185.1	virulence_ecoli	anr	95.31	213 / 213	"ACADKF010000049.1 Escherichia coli strain 01792145 SAMN50428753-rid27227633.denovo.049, whole genome shotgun sequence"	18401..18613	 AraC negative regulator	AL391753
GCA_051797185.1	virulence_ecoli	anr	96.24	213 / 213	"ACADKF010000056.1 Escherichia coli strain 01792145 SAMN50428753-rid27227633.denovo.057, whole genome shotgun sequence"	7011..7223	 AraC negative regulator	AL391753
GCA_051797185.1	virulence_ecoli	cba	99.87	1536 / 1536	"ACADKF010000049.1 Escherichia coli strain 01792145 SAMN50428753-rid27227633.denovo.049, whole genome shotgun sequence"	23590..25125	  Colicin B	FJ664743
GCA_051797185.1	virulence_ecoli	cma	99.51	816 / 816	"ACADKF010000049.1 Escherichia coli strain 01792145 SAMN50428753-rid27227633.denovo.049, whole genome shotgun sequence"	25914..26729	  Colicin M activity	FJ664724
GCA_051797185.1	virulence_ecoli	csgA	99.78	456 / 456	"ACADKF010000001.1 Escherichia coli strain 01792145 SAMN50428753-rid27227633.denovo.001, whole genome shotgun sequence"	166207..166662	 curlin major subunit CsgA	CP069646
GCA_051797185.1	virulence_ecoli	fdeC	93.07	4258 / 4254	"ACADKF010000017.1 Escherichia coli strain 01792145 SAMN50428753-rid27227633.denovo.017, whole genome shotgun sequence"	63817..68067	 intimin-like adhesin FdeC	AP010953
GCA_051797185.1	virulence_ecoli	fimH	100	489 / 489	"ACADKF010000022.1 Escherichia coli strain 01792145 SAMN50428753-rid27227633.denovo.022, whole genome shotgun sequence"	55304..55792	   Type 1 fimbriae	NA
GCA_051797185.1	virulence_ecoli	hha	91.67	180 / 213	"ACADKF010000002.1 Escherichia coli strain 01792145 SAMN50428753-rid27227633.denovo.002, whole genome shotgun sequence"	204299..204478	 hemolysin expression modulator Hha (previous rmoA)	453331
GCA_051797185.1	virulence_ecoli	hlyE	99.13	918 / 918	"ACADKF010000001.1 Escherichia coli strain 01792145 SAMN50428753-rid27227633.denovo.001, whole genome shotgun sequence"	55873..56789	  Avian E. coli haemolysin	ECU57430
GCA_051797185.1	virulence_ecoli	hra	100	792 / 792	"ACADKF010000002.1 Escherichia coli strain 01792145 SAMN50428753-rid27227633.denovo.002, whole genome shotgun sequence"	127781..128572	  Heat-resistant agglutinin	CP043942
GCA_051797185.1	virulence_ecoli	iss	100	294 / 294	"ACADKF010000004.1 Escherichia coli strain 01792145 SAMN50428753-rid27227633.denovo.004, whole genome shotgun sequence"	191383..191676	  Increased serum survival	CP001665
GCA_051797185.1	virulence_ecoli	lpfA	100	573 / 573	"ACADKF010000008.1 Escherichia coli strain 01792145 SAMN50428753-rid27227633.denovo.008, whole genome shotgun sequence"	30032..30604	  Long polar fimbriae	AY646923
GCA_051797185.1	virulence_ecoli	mchB	98.98	294 / 294	"ACADKF010000002.1 Escherichia coli strain 01792145 SAMN50428753-rid27227633.denovo.002, whole genome shotgun sequence"	193755..194048	  Microcin H47 part of colicin H	AJ009631
GCA_051797185.1	virulence_ecoli	mchC	99.74	1551 / 1551	"ACADKF010000002.1 Escherichia coli strain 01792145 SAMN50428753-rid27227633.denovo.002, whole genome shotgun sequence"	191933..193483	  MchC protein	AJ515252
GCA_051797185.1	virulence_ecoli	mchF	99.86	2097 / 2097	"ACADKF010000002.1 Escherichia coli strain 01792145 SAMN50428753-rid27227633.denovo.002, whole genome shotgun sequence"	187938..190034	  ABC transporter protein MchF	AJ515252
GCA_051797185.1	virulence_ecoli	mcmA	99.64	279 / 279	"ACADKF010000002.1 Escherichia coli strain 01792145 SAMN50428753-rid27227633.denovo.002, whole genome shotgun sequence"	187406..187684	  Microcin M part of colicin H	AJ586887
GCA_051797185.1	virulence_ecoli	nlpI	99.77	885 / 885	"ACADKF010000010.1 Escherichia coli strain 01792145 SAMN50428753-rid27227633.denovo.010, whole genome shotgun sequence"	40394..41278	  lipoprotein NlpI precursor	CP000243
GCA_051797185.1	virulence_ecoli	ompT	100	954 / 954	"ACADKF010000004.1 Escherichia coli strain 01792145 SAMN50428753-rid27227633.denovo.004, whole genome shotgun sequence"	197836..198789	  Outer membrane protease (protein protease 7)	AMVC01000243
GCA_051797185.1	virulence_ecoli	shiB	96.26	428 / 462	"ACADKF010000025.1 Escherichia coli strain 01792145 SAMN50428753-rid27227633.denovo.025, whole genome shotgun sequence"	49625..50052	 homologs of the Shigella flexneri SHI-2 pathogenicity island gene shiA	AAD44732
GCA_051797185.1	virulence_ecoli	stx2i-O9-CB10366	99.6	1242 / 1242	"ACADKF010000026.1 Escherichia coli strain 01792145 SAMN50428753-rid27227633.denovo.026, whole genome shotgun sequence"	918..2159	   stx2i-O9-CB10366	FN252457
GCA_051797185.1	virulence_ecoli	stx2i-O9-CB10366	99.6	1242 / 1242	"ACADKF010000144.1 Escherichia coli strain 01792145 SAMN50428753-rid27227633.guided.073, whole genome shotgun sequence"	2490..3731	   stx2i-O9-CB10366	FN252457
GCA_051797185.1	virulence_ecoli	terC	100	714 / 714	"ACADKF010000035.1 Escherichia coli strain 01792145 SAMN50428753-rid27227633.denovo.035, whole genome shotgun sequence"	22831..23544	  Tellurium ion resistance protein	CP007491
GCA_051797185.1	virulence_ecoli	terC	100	966 / 966	"ACADKF010000006.1 Escherichia coli strain 01792145 SAMN50428753-rid27227633.denovo.006, whole genome shotgun sequence"	152571..153536	  Tellurium ion resistance protein	MG591698
GCA_051797185.1	virulence_ecoli	tia	99.86	738 / 738	"ACADKF010000025.1 Escherichia coli strain 01792145 SAMN50428753-rid27227633.denovo.025, whole genome shotgun sequence"	34045..34782	 Tia Invasion determinant	CP010172
GCA_051797185.1	virulence_ecoli	traT	99.88	831 / 831	"ACADKF010000034.1 Escherichia coli strain 01792145 SAMN50428753-rid27227633.denovo.034, whole genome shotgun sequence"	2839..3669	  Outer membrane protein complement resistance	NC_007675
GCA_051797185.1	virulence_ecoli	yehA	100	1035 / 1035	"ACADKF010000005.1 Escherichia coli strain 01792145 SAMN50428753-rid27227633.denovo.005, whole genome shotgun sequence"	32791..33825	"  Outer membrane lipoprotein, YHD fimbriael cluster"	CP042934
GCA_051797185.1	virulence_ecoli	yehB	100	2481 / 2481	"ACADKF010000005.1 Escherichia coli strain 01792145 SAMN50428753-rid27227633.denovo.005, whole genome shotgun sequence"	33841..36321	" Usher, YHD fimbriael cluster"	CP042934
GCA_051797185.1	virulence_ecoli	yehC	100	675 / 675	"ACADKF010000005.1 Escherichia coli strain 01792145 SAMN50428753-rid27227633.denovo.005, whole genome shotgun sequence"	36337..37011	" Chaperone, YHD fimbriael cluster"	CP042934
GCA_051797185.1	virulence_ecoli	yehD	100	543 / 543	"ACADKF010000005.1 Escherichia coli strain 01792145 SAMN50428753-rid27227633.denovo.005, whole genome shotgun sequence"	37091..37633	" Major pilin subunit, YHD fimbriael cluster"	CP042934
GCA_051797185.1	virulence_ecoli	yghJ	98.08	4574 / 4569	"ACADKF010000006.1 Escherichia coli strain 01792145 SAMN50428753-rid27227633.denovo.006, whole genome shotgun sequence"	15424..19989		CP043217
GCA_051797185.1	stx	stx2	99.6	1242 / 1242	"ACADKF010000026.1 Escherichia coli strain 01792145 SAMN50428753-rid27227633.denovo.026, whole genome shotgun sequence"	918..2159	"O9 CB10366, variant i"	FN252457
GCA_051797185.1	stx	stx2	99.6	1242 / 1242	"ACADKF010000144.1 Escherichia coli strain 01792145 SAMN50428753-rid27227633.guided.073, whole genome shotgun sequence"	2490..3731	"O9 CB10366, variant i"	FN252457
GCA_052635535.1	virulence_ecoli	AslA	94.09	1657 / 1656	"ACAREP010000028.1 Escherichia coli strain 01803611 SAMN50709792-rid27400393.denovo.028, whole genome shotgun sequence"	1659..3314		CP054236
GCA_052635535.1	virulence_ecoli	cba	99.93	1536 / 1536	"ACAREP010000041.1 Escherichia coli strain 01803611 SAMN50709792-rid27400393.denovo.041, whole genome shotgun sequence"	11884..13419	  Colicin B	FJ664743
GCA_052635535.1	virulence_ecoli	cia	100	147 / 147	"ACAREP010000041.1 Escherichia coli strain 01803611 SAMN50709792-rid27400393.denovo.041, whole genome shotgun sequence"	20848..20994	  Colicin ia	QMGM01000002
GCA_052635535.1	virulence_ecoli	cma	99.75	816 / 816	"ACAREP010000041.1 Escherichia coli strain 01803611 SAMN50709792-rid27400393.denovo.041, whole genome shotgun sequence"	14208..15023	  Colicin M activity	FJ664724
GCA_052635535.1	virulence_ecoli	csgA	100	456 / 456	"ACAREP010000004.1 Escherichia coli strain 01803611 SAMN50709792-rid27400393.denovo.004, whole genome shotgun sequence"	148996..149451	 curlin major subunit CsgA	CP069646
GCA_052635535.1	virulence_ecoli	eltIIAB-a	98.33	1141 / 1141	"ACAREP010000061.1 Escherichia coli strain 01803611 SAMN50709792-rid27400393.denovo.061, whole genome shotgun sequence"	22133..23273	   Heat-labile enterotoxin LTII-a	JQ031711
GCA_052635535.1	virulence_ecoli	fdeC	92.86	4258 / 4254	"ACAREP010000021.1 Escherichia coli strain 01803611 SAMN50709792-rid27400393.denovo.021, whole genome shotgun sequence"	23641..27891	 intimin-like adhesin FdeC	AP010953
GCA_052635535.1	virulence_ecoli	fimH	100	489 / 489	"ACAREP010000050.1 Escherichia coli strain 01803611 SAMN50709792-rid27400393.denovo.050, whole genome shotgun sequence"	22439..22927	   Type 1 fimbriae	NA
GCA_052635535.1	virulence_ecoli	hha	94.37	213 / 213	"ACAREP010000093.1 Escherichia coli strain 01803611 SAMN50709792-rid27400393.denovo.093, whole genome shotgun sequence"	9867..10079	 hemolysin expression modulator Hha (previous rmoA)	453331
GCA_052635535.1	virulence_ecoli	hlyE	97.71	919 / 918	"ACAREP010000004.1 Escherichia coli strain 01803611 SAMN50709792-rid27400393.denovo.004, whole genome shotgun sequence"	38692..39598	  Avian E. coli haemolysin	ECU57430
GCA_052635535.1	virulence_ecoli	iss	99.66	294 / 294	"ACAREP010000067.1 Escherichia coli strain 01803611 SAMN50709792-rid27400393.denovo.067, whole genome shotgun sequence"	8664..8957	  Increased serum survival	CP001846
GCA_052635535.1	virulence_ecoli	mchB	99.66	294 / 294	"ACAREP010000031.1 Escherichia coli strain 01803611 SAMN50709792-rid27400393.denovo.031, whole genome shotgun sequence"	44421..44714	  Microcin H47 part of colicin H	AJ009631
GCA_052635535.1	virulence_ecoli	mchC	99.94	1551 / 1551	"ACAREP010000031.1 Escherichia coli strain 01803611 SAMN50709792-rid27400393.denovo.031, whole genome shotgun sequence"	42599..44149	  MchC protein	FN554766
GCA_052635535.1	virulence_ecoli	mchF	99.76	2097 / 2097	"ACAREP010000031.1 Escherichia coli strain 01803611 SAMN50709792-rid27400393.denovo.031, whole genome shotgun sequence"	38605..40701	  ABC transporter protein MchF	FN554766
GCA_052635535.1	virulence_ecoli	mcmA	100	279 / 279	"ACAREP010000031.1 Escherichia coli strain 01803611 SAMN50709792-rid27400393.denovo.031, whole genome shotgun sequence"	38073..38351	  Microcin M part of colicin H	AJ515251
GCA_052635535.1	virulence_ecoli	nlpI	99.77	885 / 885	"ACAREP010000007.1 Escherichia coli strain 01803611 SAMN50709792-rid27400393.denovo.007, whole genome shotgun sequence"	40163..41047	  lipoprotein NlpI precursor	CP000243
GCA_052635535.1	virulence_ecoli	stx2i-O9-CB10366	99.6	1242 / 1242	"ACAREP010000064.1 Escherichia coli strain 01803611 SAMN50709792-rid27400393.denovo.064, whole genome shotgun sequence"	3636..4877	   stx2i-O9-CB10366	FN252457
GCA_052635535.1	virulence_ecoli	stx2i-O9-CB10366	99.6	1242 / 1242	"ACAREP010000215.1 Escherichia coli strain 01803611 SAMN50709792-rid27400393.guided.123, whole genome shotgun sequence"	2490..3731	   stx2i-O9-CB10366	FN252457
GCA_052635535.1	virulence_ecoli	terC	100	714 / 714	"ACAREP010000001.1 Escherichia coli strain 01803611 SAMN50709792-rid27400393.denovo.001, whole genome shotgun sequence"	22732..23445	  Tellurium ion resistance protein	CP007491
GCA_052635535.1	virulence_ecoli	terC	99.9	959 / 966	"ACAREP010000018.1 Escherichia coli strain 01803611 SAMN50709792-rid27400393.denovo.018, whole genome shotgun sequence"	30559..31517	  Tellurium ion resistance protein	MG591698
GCA_052635535.1	virulence_ecoli	terC	100	1041 / 1041	"ACAREP010000089.1 Escherichia coli strain 01803611 SAMN50709792-rid27400393.denovo.089, whole genome shotgun sequence"	2874..3914	  Tellurium ion resistance protein	UINX01000003
GCA_052635535.1	virulence_ecoli	tia	99.73	738 / 738	"ACAREP010000092.1 Escherichia coli strain 01803611 SAMN50709792-rid27400393.denovo.092, whole genome shotgun sequence"	2399..3136	 Tia Invasion determinant	CP015995
GCA_052635535.1	virulence_ecoli	traJ	98.69	687 / 687	"ACAREP010000053.1 Escherichia coli strain 01803611 SAMN50709792-rid27400393.denovo.053, whole genome shotgun sequence"	21782..22468	  Protein TraJ (Positive regulator of conjugal transfer operon)	CP007150
GCA_052635535.1	virulence_ecoli	traT	100	732 / 732	"ACAREP010000053.1 Escherichia coli strain 01803611 SAMN50709792-rid27400393.denovo.053, whole genome shotgun sequence"	231..962	  Outer membrane protein complement resistance	CP009167
GCA_052635535.1	virulence_ecoli	yehA	98.26	1035 / 1035	"ACAREP010000010.1 Escherichia coli strain 01803611 SAMN50709792-rid27400393.denovo.010, whole genome shotgun sequence"	27023..28057	"  Outer membrane lipoprotein, YHD fimbriael cluster"	CP042934
GCA_052635535.1	virulence_ecoli	yehB	98.71	2481 / 2481	"ACAREP010000010.1 Escherichia coli strain 01803611 SAMN50709792-rid27400393.denovo.010, whole genome shotgun sequence"	24527..27007	" Usher, YHD fimbriael cluster"	CP042934
GCA_052635535.1	virulence_ecoli	yehC	97.63	675 / 675	"ACAREP010000010.1 Escherichia coli strain 01803611 SAMN50709792-rid27400393.denovo.010, whole genome shotgun sequence"	23837..24511	" Chaperone, YHD fimbriael cluster"	CP042934
GCA_052635535.1	virulence_ecoli	yehD	98.71	543 / 543	"ACAREP010000010.1 Escherichia coli strain 01803611 SAMN50709792-rid27400393.denovo.010, whole genome shotgun sequence"	23215..23757	" Major pilin subunit, YHD fimbriael cluster"	CP042934
GCA_052635535.1	stx	stx2	99.6	1242 / 1242	"ACAREP010000064.1 Escherichia coli strain 01803611 SAMN50709792-rid27400393.denovo.064, whole genome shotgun sequence"	3636..4877	"O9 CB10366, variant i"	FN252457
GCA_052635535.1	stx	stx2	99.6	1242 / 1242	"ACAREP010000215.1 Escherichia coli strain 01803611 SAMN50709792-rid27400393.guided.123, whole genome shotgun sequence"	2490..3731	"O9 CB10366, variant i"	FN252457